Date,Time,HomeTeam,AwayTeam,FTHG,FTAG,FTR
22/08/2015,18:00,Hellas Verona,AS Roma,1,1,D
22/08/2015,20:45,Lazio,Bologna,2,1,H
23/08/2015,18:00,Juventus,Udinese,0,1,A
23/08/2015,20:45,Empoli,Chievo,1,3,A
23/08/2015,,Fiorentina,AC Milan,2,0,H
23/08/2015,,Frosinone,Torino,1,2,A
23/08/2015,,Inter,Atalanta,1,0,H
23/08/2015,,Palermo,Genoa,1,0,H
23/08/2015,,Sampdoria,Carpi,5,2,H
23/08/2015,,Sassuolo,Napoli,2,1,H
29/08/2015,18:00,Bologna,Sassuolo,0,1,A
29/08/2015,20:45,AC Milan,Empoli,2,1,H
30/08/2015,18:00,AS Roma,Juventus,2,1,H
30/08/2015,20:45,Atalanta,Frosinone,2,0,H
30/08/2015,,Carpi,Inter,1,2,A
30/08/2015,,Chievo,Lazio,4,0,H
30/08/2015,,Genoa,Hellas Verona,2,0,H
30/08/2015,,Napoli,Sampdoria,2,2,D
30/08/2015,,Torino,Fiorentina,3,1,H
30/08/2015,,Udinese,Palermo,0,1,A
12/09/2015,18:00,Fiorentina,Genoa,1,0,H
12/09/2015,,Frosinone,AS Roma,0,2,A
12/09/2015,20:45,Juventus,Chievo,1,1,D
13/09/2015,12:30,Hellas Verona,Torino,2,2,D
13/09/2015,15:00,Empoli,Napoli,2,2,D
13/09/2015,,Palermo,Carpi,2,2,D
13/09/2015,,Sassuolo,Atalanta,2,2,D
13/09/2015,18:00,Lazio,Udinese,2,0,H
13/09/2015,20:45,Inter,AC Milan,1,0,H
14/09/2015,20:45,Sampdoria,Bologna,2,0,H
19/09/2015,18:00,Udinese,Empoli,1,2,A
19/09/2015,20:45,AC Milan,Palermo,3,2,H
20/09/2015,12:30,Chievo,Inter,0,1,A
20/09/2015,15:00,Atalanta,Hellas Verona,1,1,D
20/09/2015,,Bologna,Frosinone,1,0,H
20/09/2015,,Genoa,Juventus,0,2,A
20/09/2015,,AS Roma,Sassuolo,2,2,D
20/09/2015,,Torino,Sampdoria,2,0,H
20/09/2015,18:00,Carpi,Fiorentina,0,1,A
20/09/2015,20:45,Napoli,Lazio,5,0,H
22/09/2015,20:45,Udinese,AC Milan,2,3,A
23/09/2015,20:45,Carpi,Napoli,0,0,D
23/09/2015,,Chievo,Torino,1,0,H
23/09/2015,,Inter,Hellas Verona,1,0,H
23/09/2015,,Juventus,Frosinone,1,1,D
23/09/2015,,Lazio,Genoa,2,0,H
23/09/2015,,Palermo,Sassuolo,0,1,A
23/09/2015,,Sampdoria,AS Roma,2,1,H
23/09/2015,,Fiorentina,Bologna,2,0,H
24/09/2015,20:45,Empoli,Atalanta,0,1,A
26/09/2015,18:00,AS Roma,Carpi,5,1,H
26/09/2015,20:45,Napoli,Juventus,2,1,H
27/09/2015,12:30,Genoa,AC Milan,1,0,H
27/09/2015,15:00,Bologna,Udinese,1,2,A
27/09/2015,,Hellas Verona,Lazio,1,2,A
27/09/2015,,Sassuolo,Chievo,1,1,D
27/09/2015,,Torino,Palermo,2,1,H
27/09/2015,20:45,Inter,Fiorentina,1,4,A
28/09/2015,19:00,Frosinone,Empoli,2,0,H
28/09/2015,21:00,Atalanta,Sampdoria,2,1,H
03/10/2015,18:00,Carpi,Torino,2,1,H
03/10/2015,20:45,Chievo,Hellas Verona,1,1,D
04/10/2015,12:30,Empoli,Sassuolo,1,0,H
04/10/2015,15:00,Palermo,AS Roma,2,4,A
04/10/2015,,Sampdoria,Inter,1,1,D
04/10/2015,,Udinese,Genoa,1,1,D
04/10/2015,18:00,Juventus,Bologna,3,1,H
04/10/2015,,Lazio,Frosinone,2,0,H
04/10/2015,20:45,Fiorentina,Atalanta,3,0,H
04/10/2015,,AC Milan,Napoli,0,4,A
17/10/2015,18:00,AS Roma,Empoli,3,1,H
17/10/2015,20:45,Torino,AC Milan,1,1,D
18/10/2015,12:30,Bologna,Palermo,0,1,A
18/10/2015,15:00,Atalanta,Carpi,3,0,H
18/10/2015,,Frosinone,Sampdoria,2,0,H
18/10/2015,,Genoa,Chievo,3,2,H
18/10/2015,,Hellas Verona,Udinese,1,1,D
18/10/2015,,Napoli,Fiorentina,2,1,H
18/10/2015,,Sassuolo,Lazio,2,1,H
18/10/2015,20:45,Inter,Juventus,0,0,D
24/10/2015,15:00,Empoli,Genoa,2,0,H
24/10/2015,18:00,Carpi,Bologna,1,2,A
24/10/2015,20:45,Palermo,Inter,1,1,D
25/10/2015,12:30,Sampdoria,Hellas Verona,4,1,H
25/10/2015,15:00,Juventus,Atalanta,2,0,H
25/10/2015,,AC Milan,Sassuolo,2,1,H
25/10/2015,,Udinese,Frosinone,1,0,H
25/10/2015,18:00,Fiorentina,AS Roma,1,2,A
25/10/2015,,Lazio,Torino,3,0,H
25/10/2015,20:45,Chievo,Napoli,0,1,A
27/10/2015,20:45,Bologna,Inter,0,1,A
28/10/2015,20:45,Atalanta,Lazio,2,1,H
28/10/2015,,Frosinone,Carpi,2,1,H
28/10/2015,,Hellas Verona,Fiorentina,0,2,A
28/10/2015,,AC Milan,Chievo,1,0,H
28/10/2015,,Napoli,Palermo,2,0,H
28/10/2015,,AS Roma,Udinese,3,1,H
28/10/2015,,Sassuolo,Juventus,1,0,H
28/10/2015,,Torino,Genoa,3,3,D
29/10/2015,20:45,Sampdoria,Empoli,1,1,D
31/10/2015,18:00,Juventus,Torino,2,1,H
31/10/2015,20:45,Inter,AS Roma,1,0,H
01/11/2015,12:30,Fiorentina,Frosinone,4,1,H
01/11/2015,15:00,Bologna,Atalanta,3,0,H
01/11/2015,,Carpi,Hellas Verona,0,0,D
01/11/2015,,Genoa,Napoli,0,0,D
01/11/2015,,Udinese,Sassuolo,0,0,D
01/11/2015,20:45,Lazio,AC Milan,1,3,A
02/11/2015,19:00,Chievo,Sampdoria,1,1,D
02/11/2015,21:00,Palermo,Empoli,0,1,A
07/11/2015,18:00,Hellas Verona,Bologna,0,2,A
07/11/2015,20:45,AC Milan,Atalanta,0,0,D
08/11/2015,12:30,Torino,Inter,0,1,A
08/11/2015,15:00,Empoli,Juventus,1,3,A
08/11/2015,,Frosinone,Genoa,2,2,D
08/11/2015,,Palermo,Chievo,1,0,H
08/11/2015,,AS Roma,Lazio,2,0,H
08/11/2015,,Sassuolo,Carpi,1,0,H
08/11/2015,18:00,Napoli,Udinese,1,0,H
08/11/2015,20:45,Sampdoria,Fiorentina,0,2,A
21/11/2015,18:00,Bologna,AS Roma,2,2,D
21/11/2015,20:45,Juventus,AC Milan,1,0,H
22/11/2015,12:30,Hellas Verona,Napoli,0,2,A
22/11/2015,15:00,Atalanta,Torino,0,1,A
22/11/2015,,Carpi,Chievo,1,2,A
22/11/2015,,Fiorentina,Empoli,2,2,D
22/11/2015,,Genoa,Sassuolo,2,1,H
22/11/2015,,Lazio,Palermo,1,1,D
22/11/2015,,Udinese,Sampdoria,1,0,H
22/11/2015,20:45,Inter,Frosinone,4,0,H
28/11/2015,18:00,Torino,Bologna,2,0,H
28/11/2015,20:45,AC Milan,Sampdoria,4,1,H
29/11/2015,15:00,Chievo,Udinese,2,3,A
29/11/2015,,Frosinone,Hellas Verona,3,2,H
29/11/2015,,Genoa,Carpi,1,2,A
29/11/2015,,AS Roma,Atalanta,0,2,A
29/11/2015,18:00,Empoli,Lazio,1,0,H
29/11/2015,20:45,Palermo,Juventus,0,3,A
30/11/2015,19:00,Sassuolo,Fiorentina,1,1,D
30/11/2015,21:00,Napoli,Inter,2,1,H
04/12/2015,20:45,Lazio,Juventus,0,2,A
05/12/2015,15:00,Torino,AS Roma,1,1,D
05/12/2015,20:45,Inter,Genoa,1,0,H
06/12/2015,12:30,Bologna,Napoli,3,2,H
06/12/2015,15:00,Atalanta,Palermo,3,0,H
06/12/2015,,Fiorentina,Udinese,3,0,H
06/12/2015,,Frosinone,Chievo,0,2,A
06/12/2015,,Hellas Verona,Empoli,0,1,A
06/12/2015,18:00,Sampdoria,Sassuolo,1,3,A
06/12/2015,20:45,Carpi,AC Milan,0,0,D
12/12/2015,15:00,Genoa,Bologna,0,1,A
12/12/2015,18:00,Palermo,Frosinone,4,1,H
12/12/2015,20:45,Udinese,Inter,0,4,A
13/12/2015,15:00,Chievo,Atalanta,1,0,H
13/12/2015,,Empoli,Carpi,3,0,H
13/12/2015,,AC Milan,Hellas Verona,1,1,D
13/12/2015,18:00,Napoli,AS Roma,0,0,D
13/12/2015,20:45,Juventus,Fiorentina,3,1,H
14/12/2015,20:45,Lazio,Sampdoria,1,1,D
20/01/2016,20:45,Sassuolo,Torino,1,1,D
19/12/2015,20:45,Bologna,Empoli,2,3,A
20/12/2015,12:30,Carpi,Juventus,2,3,A
20/12/2015,15:00,Atalanta,Napoli,1,3,A
20/12/2015,,Fiorentina,Chievo,2,0,H
20/12/2015,,Hellas Verona,Sassuolo,1,1,D
20/12/2015,,AS Roma,Genoa,2,0,H
20/12/2015,18:00,Frosinone,AC Milan,2,4,A
20/12/2015,,Sampdoria,Palermo,2,0,H
20/12/2015,,Torino,Udinese,0,1,A
20/12/2015,20:45,Inter,Lazio,1,2,A
05/01/2016,20:45,Genoa,Sampdoria,2,3,A
06/01/2016,12:30,Udinese,Atalanta,2,1,H
06/01/2016,15:00,Chievo,AS Roma,3,3,D
06/01/2016,,Juventus,Hellas Verona,3,0,H
06/01/2016,,Lazio,Carpi,0,0,D
06/01/2016,,AC Milan,Bologna,0,1,A
06/01/2016,,Palermo,Fiorentina,1,3,A
06/01/2016,,Sassuolo,Frosinone,2,2,D
06/01/2016,18:00,Empoli,Inter,0,1,A
06/01/2016,20:45,Napoli,Torino,2,1,H
09/01/2016,15:00,Carpi,Udinese,2,1,H
09/01/2016,18:00,Fiorentina,Lazio,1,3,A
09/01/2016,20:45,AS Roma,AC Milan,1,1,D
10/01/2016,12:30,Inter,Sassuolo,0,1,A
10/01/2016,15:00,Atalanta,Genoa,0,2,A
10/01/2016,,Bologna,Chievo,0,1,A
10/01/2016,,Frosinone,Napoli,1,5,A
10/01/2016,,Hellas Verona,Palermo,0,1,A
10/01/2016,,Torino,Empoli,0,1,A
10/01/2016,20:45,Sampdoria,Juventus,1,2,A
16/01/2016,15:00,Atalanta,Inter,1,1,D
16/01/2016,18:00,Torino,Frosinone,4,2,H
16/01/2016,20:45,Napoli,Sassuolo,3,1,H
17/01/2016,12:30,Genoa,Palermo,4,0,H
17/01/2016,15:00,Chievo,Empoli,1,1,D
17/01/2016,,AS Roma,Hellas Verona,1,1,D
17/01/2016,,Udinese,Juventus,0,4,A
17/01/2016,,Bologna,Lazio,2,2,D
17/01/2016,,Carpi,Sampdoria,2,1,H
17/01/2016,20:45,AC Milan,Fiorentina,2,0,H
23/01/2016,18:00,Frosinone,Atalanta,0,0,D
23/01/2016,20:45,Empoli,AC Milan,2,2,D
24/01/2016,12:30,Fiorentina,Torino,2,0,H
24/01/2016,15:00,Sassuolo,Bologna,0,2,A
24/01/2016,,Inter,Carpi,1,1,D
24/01/2016,,Lazio,Chievo,4,1,H
24/01/2016,,Hellas Verona,Genoa,1,1,D
24/01/2016,,Sampdoria,Napoli,2,4,A
24/01/2016,,Palermo,Udinese,4,1,H
24/01/2016,20:45,Juventus,AS Roma,1,0,H
30/01/2016,15:00,Carpi,Palermo,1,1,D
30/01/2016,18:00,Atalanta,Sassuolo,1,1,D
30/01/2016,20:45,AS Roma,Frosinone,3,1,H
31/01/2016,12:30,Chievo,Juventus,0,4,A
31/01/2016,15:00,Napoli,Empoli,5,1,H
31/01/2016,,Genoa,Fiorentina,0,0,D
31/01/2016,,Torino,Hellas Verona,0,0,D
31/01/2016,,Udinese,Lazio,0,0,D
31/01/2016,,Bologna,Sampdoria,3,2,H
31/01/2016,20:45,AC Milan,Inter,3,0,H
02/02/2016,20:45,Sassuolo,AS Roma,0,2,A
03/02/2016,18:30,Frosinone,Bologna,1,0,H
03/02/2016,20:45,Hellas Verona,Atalanta,2,1,H
03/02/2016,,Fiorentina,Carpi,2,1,H
03/02/2016,,Inter,Chievo,1,0,H
03/02/2016,,Juventus,Genoa,1,0,H
03/02/2016,,Palermo,AC Milan,0,2,A
03/02/2016,,Lazio,Napoli,0,2,A
03/02/2016,,Sampdoria,Torino,2,2,D
03/02/2016,,Empoli,Udinese,1,1,D
06/02/2016,18:00,Bologna,Fiorentina,1,1,D
06/02/2016,20:45,Genoa,Lazio,0,0,D
07/02/2016,12:30,Hellas Verona,Inter,3,3,D
07/02/2016,15:00,Napoli,Carpi,1,0,H
07/02/2016,,Torino,Chievo,1,2,A
07/02/2016,,Frosinone,Juventus,0,2,A
07/02/2016,,Sassuolo,Palermo,2,2,D
07/02/2016,,AC Milan,Udinese,1,1,D
07/02/2016,18:00,Atalanta,Empoli,0,0,D
07/02/2016,20:45,AS Roma,Sampdoria,2,1,H
11/02/2016,20:45,Lazio,Hellas Verona,5,2,H
12/02/2016,20:45,Carpi,AS Roma,1,3,A
13/02/2016,15:00,Empoli,Frosinone,1,2,A
13/02/2016,18:00,Chievo,Sassuolo,1,1,D
13/02/2016,20:45,Juventus,Napoli,1,0,H
14/02/2016,12:30,AC Milan,Genoa,2,1,H
14/02/2016,15:00,Sampdoria,Atalanta,0,0,D
14/02/2016,,Udinese,Bologna,0,1,A
14/02/2016,,Palermo,Torino,1,3,A
14/02/2016,20:45,Fiorentina,Inter,2,1,H
19/02/2016,20:45,Bologna,Juventus,0,0,D
20/02/2016,18:00,Hellas Verona,Chievo,3,1,H
20/02/2016,20:45,Inter,Sampdoria,3,1,H
21/02/2016,15:00,Torino,Carpi,0,0,D
21/02/2016,,Sassuolo,Empoli,3,2,H
21/02/2016,,Atalanta,Fiorentina,2,3,A
21/02/2016,,Genoa,Udinese,2,1,H
21/02/2016,18:00,Frosinone,Lazio,0,0,D
21/02/2016,20:45,AS Roma,Palermo,5,0,H
22/02/2016,21:00,Napoli,AC Milan,1,1,D
27/02/2016,18:00,Empoli,AS Roma,1,3,A
27/02/2016,20:45,AC Milan,Torino,1,0,H
28/02/2016,12:30,Palermo,Bologna,0,0,D
28/02/2016,15:00,Carpi,Atalanta,1,1,D
28/02/2016,,Sampdoria,Frosinone,2,0,H
28/02/2016,,Chievo,Genoa,1,0,H
28/02/2016,,Udinese,Hellas Verona,2,0,H
28/02/2016,20:45,Juventus,Inter,2,0,H
29/02/2016,19:00,Lazio,Sassuolo,0,2,A
29/02/2016,21:00,Fiorentina,Napoli,1,1,D
04/03/2016,20:45,AS Roma,Fiorentina,4,1,H
05/03/2016,18:00,Hellas Verona,Sampdoria,0,3,A
05/03/2016,20:45,Napoli,Chievo,3,1,H
06/03/2016,12:30,Torino,Lazio,1,1,D
06/03/2016,15:00,Bologna,Carpi,0,0,D
06/03/2016,,Genoa,Empoli,1,0,H
06/03/2016,,Atalanta,Juventus,0,2,A
06/03/2016,,Sassuolo,AC Milan,2,0,H
06/03/2016,,Frosinone,Udinese,2,0,H
06/03/2016,20:45,Inter,Palermo,3,1,H
11/03/2016,20:45,Juventus,Sassuolo,1,0,H
12/03/2016,18:00,Empoli,Sampdoria,1,1,D
12/03/2016,20:45,Inter,Bologna,2,1,H
13/03/2016,12:30,Chievo,AC Milan,0,0,D
13/03/2016,15:00,Carpi,Frosinone,2,1,H
13/03/2016,,Fiorentina,Hellas Verona,1,1,D
13/03/2016,,Udinese,AS Roma,1,2,A
13/03/2016,,Genoa,Torino,3,2,H
13/03/2016,20:45,Lazio,Atalanta,2,0,H
13/03/2016,,Palermo,Napoli,0,1,A
19/03/2016,18:00,Empoli,Palermo,0,0,D
19/03/2016,20:45,AS Roma,Inter,1,1,D
20/03/2016,12:30,Atalanta,Bologna,2,0,H
20/03/2016,15:00,Torino,Juventus,1,4,A
20/03/2016,,Sassuolo,Udinese,1,1,D
20/03/2016,,Hellas Verona,Carpi,1,2,A
20/03/2016,,Sampdoria,Chievo,0,1,A
20/03/2016,,Frosinone,Fiorentina,0,0,D
20/03/2016,18:00,Napoli,Genoa,3,1,H
20/03/2016,20:45,AC Milan,Lazio,1,1,D
02/04/2016,18:00,Carpi,Sassuolo,1,3,A
02/04/2016,20:45,Juventus,Empoli,1,0,H
03/04/2016,12:30,Udinese,Napoli,3,1,H
03/04/2016,15:00,Genoa,Frosinone,4,0,H
03/04/2016,,Atalanta,AC Milan,2,1,H
03/04/2016,,Chievo,Palermo,3,1,H
03/04/2016,,Lazio,AS Roma,1,4,A
03/04/2016,,Fiorentina,Sampdoria,1,1,D
03/04/2016,20:45,Inter,Torino,1,2,A
04/04/2016,20:45,Bologna,Hellas Verona,0,1,A
09/04/2016,15:00,Frosinone,Inter,0,1,A
09/04/2016,18:00,Chievo,Carpi,1,0,H
09/04/2016,,Sassuolo,Genoa,0,1,A
09/04/2016,20:45,AC Milan,Juventus,1,2,A
10/04/2016,12:30,Empoli,Fiorentina,2,0,H
10/04/2016,15:00,Torino,Atalanta,2,1,H
10/04/2016,,Napoli,Hellas Verona,3,0,H
10/04/2016,,Sampdoria,Udinese,2,0,H
10/04/2016,20:45,Palermo,Lazio,0,3,A
11/04/2016,20:45,AS Roma,Bologna,1,1,D
16/04/2016,15:00,Bologna,Torino,0,1,A
16/04/2016,18:00,Carpi,Genoa,4,1,H
16/04/2016,20:45,Inter,Napoli,2,0,H
17/04/2016,12:30,Atalanta,AS Roma,3,3,D
17/04/2016,15:00,Udinese,Chievo,0,0,D
17/04/2016,,Hellas Verona,Frosinone,1,2,A
17/04/2016,,Juventus,Palermo,4,0,H
17/04/2016,,Fiorentina,Sassuolo,3,1,H
17/04/2016,18:00,Lazio,Empoli,2,0,H
17/04/2016,20:45,Sampdoria,AC Milan,0,1,A
19/04/2016,20:45,Napoli,Bologna,6,0,H
20/04/2016,18:30,Sassuolo,Sampdoria,0,0,D
20/04/2016,20:45,Palermo,Atalanta,2,2,D
20/04/2016,,Udinese,Fiorentina,2,1,H
20/04/2016,,Chievo,Frosinone,5,1,H
20/04/2016,,Empoli,Hellas Verona,1,0,H
20/04/2016,,Genoa,Inter,1,0,H
20/04/2016,,Juventus,Lazio,3,0,H
20/04/2016,,AS Roma,Torino,3,2,H
21/04/2016,20:45,AC Milan,Carpi,0,0,D
23/04/2016,20:45,Inter,Udinese,3,1,H
24/04/2016,12:30,Frosinone,Palermo,0,2,A
24/04/2016,15:00,Atalanta,Chievo,1,0,H
24/04/2016,,Bologna,Genoa,2,0,H
24/04/2016,,Sampdoria,Lazio,2,1,H
24/04/2016,,Torino,Sassuolo,1,3,A
24/04/2016,20:45,Fiorentina,Juventus,1,2,A
25/04/2016,15:00,AS Roma,Napoli,1,0,H
25/04/2016,17:00,Hellas Verona,AC Milan,2,1,H
25/04/2016,19:00,Carpi,Empoli,1,0,H
30/04/2016,18:00,Udinese,Torino,1,5,A
30/04/2016,20:45,Chievo,Fiorentina,0,0,D
01/05/2016,12:30,Juventus,Carpi,2,0,H
01/05/2016,15:00,Empoli,Bologna,0,0,D
01/05/2016,,AC Milan,Frosinone,3,3,D
01/05/2016,,Sassuolo,Hellas Verona,1,0,H
01/05/2016,,Palermo,Sampdoria,2,0,H
01/05/2016,20:45,Lazio,Inter,2,0,H
02/05/2016,19:00,Genoa,AS Roma,2,3,A
02/05/2016,21:00,Napoli,Atalanta,2,1,H
07/05/2016,18:00,Inter,Empoli,2,1,H
07/05/2016,20:45,Bologna,AC Milan,0,1,A
08/05/2016,12:30,AS Roma,Chievo,3,0,H
08/05/2016,15:00,Sampdoria,Genoa,0,3,A
08/05/2016,,Carpi,Lazio,1,3,A
08/05/2016,,Fiorentina,Palermo,0,0,D
08/05/2016,,Frosinone,Sassuolo,0,1,A
08/05/2016,,Atalanta,Udinese,1,1,D
08/05/2016,20:45,Hellas Verona,Juventus,2,1,H
08/05/2016,,Torino,Napoli,1,2,A
14/05/2016,17:00,Juventus,Sampdoria,5,0,H
14/05/2016,20:45,Napoli,Frosinone,4,0,H
14/05/2016,,Sassuolo,Inter,3,1,H
14/05/2016,,AC Milan,AS Roma,1,3,A
15/05/2016,18:00,Genoa,Atalanta,1,2,A
15/05/2016,,Chievo,Bologna,0,0,D
15/05/2016,,Empoli,Torino,2,1,H
15/05/2016,20:45,Udinese,Carpi,1,2,A
15/05/2016,,Lazio,Fiorentina,2,4,A
15/05/2016,,Palermo,Hellas Verona,3,2,H
20/08/2016,18:00,AS Roma,Udinese,4,0,H
20/08/2016,20:45,Juventus,Fiorentina,2,1,H
21/08/2016,18:00,AC Milan,Torino,3,2,H
21/08/2016,20:45,Atalanta,Lazio,3,4,A
21/08/2016,,Bologna,Crotone,1,0,H
21/08/2016,,Chievo,Inter,2,0,H
21/08/2016,,Empoli,Sampdoria,0,1,A
21/08/2016,,Genoa,Cagliari,3,1,H
21/08/2016,,Palermo,Sassuolo,0,1,A
21/08/2016,,Pescara,Napoli,2,2,D
27/08/2016,18:00,Lazio,Juventus,0,1,A
27/08/2016,20:45,Napoli,AC Milan,4,2,H
28/08/2016,18:00,Inter,Palermo,1,1,D
28/08/2016,20:45,Cagliari,AS Roma,2,2,D
28/08/2016,,Crotone,Genoa,1,3,A
28/08/2016,,Fiorentina,Chievo,1,0,H
28/08/2016,,Sampdoria,Atalanta,2,1,H
28/08/2016,,Sassuolo,Pescara,0,3,A
28/08/2016,,Torino,Bologna,5,1,H
28/08/2016,,Udinese,Empoli,2,0,H
10/09/2016,18:00,Juventus,Sassuolo,3,1,H
10/09/2016,20:45,Palermo,Napoli,0,3,A
11/09/2016,12:30,Bologna,Cagliari,2,1,H
11/09/2016,15:00,Atalanta,Torino,2,1,H
11/09/2016,,Chievo,Lazio,1,1,D
11/09/2016,,AC Milan,Udinese,0,1,A
11/09/2016,,AS Roma,Sampdoria,3,2,H
11/09/2016,20:45,Pescara,Inter,1,2,A
12/09/2016,20:45,Empoli,Crotone,2,1,H
15/12/2016,20:00,Genoa,Fiorentina,1,0,H
16/09/2016,20:45,Sampdoria,AC Milan,0,1,A
17/09/2016,18:00,Lazio,Pescara,3,0,H
17/09/2016,20:45,Napoli,Bologna,3,1,H
18/09/2016,12:30,Udinese,Chievo,1,2,A
18/09/2016,15:00,Cagliari,Atalanta,3,0,H
18/09/2016,,Crotone,Palermo,1,1,D
18/09/2016,,Sassuolo,Genoa,2,0,H
18/09/2016,,Torino,Empoli,0,0,D
18/09/2016,18:00,Inter,Juventus,2,1,H
18/09/2016,20:45,Fiorentina,AS Roma,1,0,H
20/09/2016,20:45,AC Milan,Lazio,2,0,H
21/09/2016,18:30,Bologna,Sampdoria,2,0,H
21/09/2016,20:45,Atalanta,Palermo,0,1,A
21/09/2016,,Chievo,Sassuolo,2,1,H
21/09/2016,,Empoli,Inter,0,2,A
21/09/2016,,Genoa,Napoli,0,0,D
21/09/2016,,Juventus,Cagliari,4,0,H
21/09/2016,,Pescara,Torino,0,0,D
21/09/2016,,AS Roma,Crotone,4,0,H
21/09/2016,,Udinese,Fiorentina,2,2,D
24/09/2016,18:00,Palermo,Juventus,0,1,A
24/09/2016,20:45,Napoli,Chievo,2,0,H
25/09/2016,12:30,Torino,AS Roma,3,1,H
25/09/2016,15:00,Genoa,Pescara,1,1,D
25/09/2016,,Inter,Bologna,1,1,D
25/09/2016,,Lazio,Empoli,2,0,H
25/09/2016,,Sassuolo,Udinese,1,0,H
25/09/2016,20:45,Fiorentina,AC Milan,0,0,D
26/09/2016,19:00,Crotone,Atalanta,1,3,A
26/09/2016,21:00,Cagliari,Sampdoria,2,1,H
01/10/2016,18:00,Pescara,Chievo,0,2,A
01/10/2016,20:45,Udinese,Lazio,0,3,A
02/10/2016,12:30,Empoli,Juventus,0,3,A
02/10/2016,15:00,Atalanta,Napoli,1,0,H
02/10/2016,,Bologna,Genoa,0,1,A
02/10/2016,,Cagliari,Crotone,2,1,H
02/10/2016,,Sampdoria,Palermo,1,1,D
02/10/2016,18:00,AC Milan,Sassuolo,4,3,H
02/10/2016,,Torino,Fiorentina,2,1,H
02/10/2016,20:45,AS Roma,Inter,2,1,H
15/10/2016,15:00,Napoli,AS Roma,1,3,A
15/10/2016,18:00,Pescara,Sampdoria,1,1,D
15/10/2016,20:45,Juventus,Udinese,2,1,H
16/10/2016,12:30,Fiorentina,Atalanta,0,0,D
16/10/2016,15:00,Genoa,Empoli,0,0,D
16/10/2016,,Inter,Cagliari,1,2,A
16/10/2016,,Lazio,Bologna,1,1,D
16/10/2016,,Sassuolo,Crotone,2,1,H
16/10/2016,20:45,Chievo,AC Milan,1,3,A
17/10/2016,20:45,Palermo,Torino,1,4,A
22/10/2016,18:00,Sampdoria,Genoa,2,1,H
22/10/2016,20:45,AC Milan,Juventus,1,0,H
23/10/2016,12:30,Udinese,Pescara,3,1,H
23/10/2016,15:00,Atalanta,Inter,2,1,H
23/10/2016,,Cagliari,Fiorentina,3,5,A
23/10/2016,,Crotone,Napoli,1,2,A
23/10/2016,,Empoli,Chievo,0,0,D
23/10/2016,,Torino,Lazio,2,2,D
23/10/2016,18:00,Bologna,Sassuolo,1,1,D
23/10/2016,20:45,AS Roma,Palermo,4,1,H
25/10/2016,20:45,Genoa,AC Milan,3,0,H
26/10/2016,20:45,Chievo,Bologna,1,1,D
26/10/2016,,Fiorentina,Crotone,1,1,D
26/10/2016,,Inter,Torino,2,1,H
26/10/2016,,Juventus,Sampdoria,4,1,H
26/10/2016,,Lazio,Cagliari,4,1,H
26/10/2016,,Napoli,Empoli,2,0,H
26/10/2016,,Pescara,Atalanta,0,1,A
26/10/2016,,Sassuolo,AS Roma,1,3,A
27/10/2016,20:45,Palermo,Udinese,1,3,A
29/10/2016,18:00,Bologna,Fiorentina,0,1,A
29/10/2016,20:45,Juventus,Napoli,2,1,H
30/10/2016,12:30,Atalanta,Genoa,3,0,H
30/10/2016,15:00,Crotone,Chievo,2,0,H
30/10/2016,,Empoli,AS Roma,0,0,D
30/10/2016,,Lazio,Sassuolo,2,1,H
30/10/2016,,AC Milan,Pescara,1,0,H
30/10/2016,20:45,Sampdoria,Inter,1,0,H
31/10/2016,19:00,Udinese,Torino,2,2,D
31/10/2016,21:00,Cagliari,Palermo,2,1,H
05/11/2016,18:00,Torino,Cagliari,5,1,H
05/11/2016,20:45,Napoli,Lazio,1,1,D
06/11/2016,12:30,Pescara,Empoli,0,4,A
06/11/2016,15:00,Chievo,Juventus,1,2,A
06/11/2016,,Genoa,Udinese,1,1,D
06/11/2016,,Palermo,AC Milan,1,2,A
06/11/2016,,Sassuolo,Atalanta,0,3,A
06/11/2016,18:00,Fiorentina,Sampdoria,1,1,D
06/11/2016,,Inter,Crotone,3,0,H
06/11/2016,20:45,AS Roma,Bologna,3,0,H
19/11/2016,15:00,Chievo,Cagliari,1,0,H
19/11/2016,18:00,Udinese,Napoli,1,2,A
19/11/2016,20:45,Juventus,Pescara,3,0,H
20/11/2016,12:30,Sampdoria,Sassuolo,3,2,H
20/11/2016,15:00,Atalanta,AS Roma,2,1,H
20/11/2016,,Bologna,Palermo,3,1,H
20/11/2016,,Crotone,Torino,0,2,A
20/11/2016,,Empoli,Fiorentina,0,4,A
20/11/2016,,Lazio,Genoa,3,1,H
20/11/2016,20:45,AC Milan,Inter,2,2,D
26/11/2016,18:00,Torino,Chievo,2,1,H
26/11/2016,20:45,Empoli,AC Milan,1,4,A
27/11/2016,12:30,Palermo,Lazio,0,1,A
27/11/2016,15:00,Bologna,Atalanta,0,2,A
27/11/2016,,Cagliari,Udinese,2,1,H
27/11/2016,,Crotone,Sampdoria,1,1,D
27/11/2016,,Genoa,Juventus,3,1,H
27/11/2016,20:45,AS Roma,Pescara,3,2,H
28/11/2016,19:00,Napoli,Sassuolo,1,1,D
28/11/2016,21:00,Inter,Fiorentina,4,2,H
02/12/2016,20:45,Napoli,Inter,3,0,H
03/12/2016,20:45,Juventus,Atalanta,3,1,H
04/12/2016,12:30,AC Milan,Crotone,2,1,H
04/12/2016,15:00,Lazio,AS Roma,0,2,A
04/12/2016,,Pescara,Cagliari,1,1,D
04/12/2016,,Sampdoria,Torino,2,0,H
04/12/2016,,Sassuolo,Empoli,3,0,H
04/12/2016,20:45,Fiorentina,Palermo,2,1,H
05/12/2016,19:00,Chievo,Genoa,0,0,D
05/12/2016,21:00,Udinese,Bologna,1,0,H
10/12/2016,18:00,Crotone,Pescara,2,1,H
10/12/2016,20:45,Sampdoria,Lazio,1,2,A
11/12/2016,12:30,Cagliari,Napoli,0,5,A
11/12/2016,15:00,Atalanta,Udinese,1,3,A
11/12/2016,,Bologna,Empoli,0,0,D
11/12/2016,,Palermo,Chievo,0,2,A
11/12/2016,,Torino,Juventus,1,3,A
11/12/2016,20:45,Inter,Genoa,2,0,H
12/12/2016,19:00,Fiorentina,Sassuolo,2,1,H
12/12/2016,21:00,AS Roma,AC Milan,1,0,H
17/12/2016,15:00,Empoli,Cagliari,2,0,H
17/12/2016,18:00,AC Milan,Atalanta,0,0,D
17/12/2016,20:45,Juventus,AS Roma,1,0,H
18/12/2016,12:30,Sassuolo,Inter,0,1,A
18/12/2016,15:00,Chievo,Sampdoria,2,1,H
18/12/2016,,Napoli,Torino,5,3,H
18/12/2016,,Pescara,Bologna,0,3,A
18/12/2016,,Udinese,Crotone,2,0,H
18/12/2016,20:45,Genoa,Palermo,3,4,A
18/12/2016,,Lazio,Fiorentina,3,1,H
20/12/2016,20:45,Atalanta,Empoli,2,1,H
21/12/2016,20:45,Inter,Lazio,3,0,H
22/12/2016,20:45,Cagliari,Sassuolo,4,3,H
22/12/2016,,Fiorentina,Napoli,3,3,D
22/12/2016,,Palermo,Pescara,1,1,D
22/12/2016,,AS Roma,Chievo,3,1,H
22/12/2016,,Sampdoria,Udinese,0,0,D
22/12/2016,,Torino,Genoa,1,0,H
08/02/2017,18:00,Crotone,Juventus,0,2,A
08/02/2017,20:45,Bologna,AC Milan,0,1,A
07/01/2017,18:00,Empoli,Palermo,1,0,H
07/01/2017,20:45,Napoli,Sampdoria,2,1,H
08/01/2017,12:30,Udinese,Inter,1,2,A
08/01/2017,15:00,Chievo,Atalanta,1,4,A
08/01/2017,,Genoa,AS Roma,0,1,A
08/01/2017,,Lazio,Crotone,1,0,H
08/01/2017,,Sassuolo,Torino,0,0,D
08/01/2017,18:00,AC Milan,Cagliari,1,0,H
08/01/2017,20:45,Juventus,Bologna,3,0,H
01/02/2017,20:45,Pescara,Fiorentina,1,2,A
14/01/2017,18:00,Crotone,Bologna,0,1,A
14/01/2017,20:45,Inter,Chievo,3,1,H
15/01/2017,12:30,Cagliari,Genoa,4,1,H
15/01/2017,15:00,Lazio,Atalanta,2,1,H
15/01/2017,,Sampdoria,Empoli,0,0,D
15/01/2017,,Sassuolo,Palermo,4,1,H
15/01/2017,,Napoli,Pescara,3,1,H
15/01/2017,,Udinese,AS Roma,0,1,A
15/01/2017,20:45,Fiorentina,Juventus,2,1,H
16/01/2017,20:45,Torino,AC Milan,2,2,D
21/01/2017,18:00,Chievo,Fiorentina,0,3,A
21/01/2017,20:45,AC Milan,Napoli,1,2,A
22/01/2017,12:30,Juventus,Lazio,2,0,H
22/01/2017,15:00,Genoa,Crotone,2,2,D
22/01/2017,,Palermo,Inter,0,1,A
22/01/2017,,Pescara,Sassuolo,1,3,A
22/01/2017,,Bologna,Torino,2,0,H
22/01/2017,,Empoli,Udinese,1,0,H
22/01/2017,18:00,Atalanta,Sampdoria,1,0,H
22/01/2017,20:45,AS Roma,Cagliari,1,0,H
28/01/2017,18:00,Lazio,Chievo,0,1,A
28/01/2017,20:45,Inter,Pescara,3,0,H
29/01/2017,12:30,Torino,Atalanta,1,1,D
29/01/2017,15:00,Cagliari,Bologna,1,1,D
29/01/2017,,Crotone,Empoli,4,1,H
29/01/2017,,Fiorentina,Genoa,3,3,D
29/01/2017,,Sassuolo,Juventus,0,2,A
29/01/2017,,Udinese,AC Milan,2,1,H
29/01/2017,,Sampdoria,AS Roma,3,2,H
29/01/2017,20:45,Napoli,Palermo,1,1,D
04/02/2017,20:45,Bologna,Napoli,1,7,A
05/02/2017,12:30,AC Milan,Sampdoria,0,1,A
05/02/2017,15:00,Atalanta,Cagliari,2,0,H
05/02/2017,,Pescara,Lazio,2,6,A
05/02/2017,,Genoa,Sassuolo,0,1,A
05/02/2017,,Empoli,Torino,1,1,D
05/02/2017,,Chievo,Udinese,0,0,D
05/02/2017,18:00,Palermo,Crotone,1,0,H
05/02/2017,20:45,Juventus,Inter,1,0,H
07/02/2017,20:45,AS Roma,Fiorentina,4,0,H
10/02/2017,20:45,Napoli,Genoa,2,0,H
11/02/2017,20:45,Fiorentina,Udinese,3,0,H
12/02/2017,12:30,Crotone,AS Roma,0,2,A
12/02/2017,15:00,Palermo,Atalanta,1,3,A
12/02/2017,,Sassuolo,Chievo,1,3,A
12/02/2017,,Inter,Empoli,2,0,H
12/02/2017,,Torino,Pescara,5,3,H
12/02/2017,18:00,Sampdoria,Bologna,3,1,H
12/02/2017,20:45,Cagliari,Juventus,0,2,A
13/02/2017,20:45,Lazio,AC Milan,1,1,D
17/02/2017,20:45,Juventus,Palermo,4,1,H
18/02/2017,18:00,Atalanta,Crotone,1,0,H
18/02/2017,20:45,Empoli,Lazio,1,2,A
19/02/2017,12:30,Bologna,Inter,0,1,A
19/02/2017,15:00,Sampdoria,Cagliari,1,1,D
19/02/2017,,Pescara,Genoa,5,0,H
19/02/2017,,Chievo,Napoli,1,3,A
19/02/2017,,Udinese,Sassuolo,1,2,A
19/02/2017,18:00,AS Roma,Torino,4,1,H
19/02/2017,20:45,AC Milan,Fiorentina,2,1,H
25/02/2017,18:00,Napoli,Atalanta,0,2,A
25/02/2017,20:45,Juventus,Empoli,2,0,H
26/02/2017,12:30,Palermo,Sampdoria,1,1,D
26/02/2017,15:00,Genoa,Bologna,1,1,D
26/02/2017,,Crotone,Cagliari,1,2,A
26/02/2017,,Sassuolo,AC Milan,0,1,A
26/02/2017,,Chievo,Pescara,2,0,H
26/02/2017,,Lazio,Udinese,1,0,H
26/02/2017,20:45,Inter,AS Roma,1,3,A
27/02/2017,20:45,Fiorentina,Torino,2,2,D
04/03/2017,15:00,AS Roma,Napoli,1,2,A
04/03/2017,18:00,Sampdoria,Pescara,3,1,H
04/03/2017,20:45,AC Milan,Chievo,3,1,H
05/03/2017,12:30,Atalanta,Fiorentina,0,0,D
05/03/2017,15:00,Empoli,Genoa,0,2,A
05/03/2017,,Cagliari,Inter,1,5,A
05/03/2017,,Udinese,Juventus,1,1,D
05/03/2017,,Torino,Palermo,3,1,H
05/03/2017,,Crotone,Sassuolo,0,0,D
05/03/2017,20:45,Bologna,Lazio,0,2,A
10/03/2017,20:45,Juventus,AC Milan,2,1,H
11/03/2017,20:45,Genoa,Sampdoria,0,1,A
12/03/2017,12:30,Sassuolo,Bologna,0,1,A
12/03/2017,15:00,Inter,Atalanta,7,1,H
12/03/2017,,Fiorentina,Cagliari,1,0,H
12/03/2017,,Napoli,Crotone,3,0,H
12/03/2017,,Chievo,Empoli,4,0,H
12/03/2017,,Pescara,Udinese,1,3,A
12/03/2017,20:45,Palermo,AS Roma,0,3,A
13/03/2017,20:45,Lazio,Torino,3,1,H
18/03/2017,18:00,Torino,Inter,2,2,D
18/03/2017,20:45,AC Milan,Genoa,1,0,H
19/03/2017,12:30,Empoli,Napoli,2,3,A
19/03/2017,15:00,Bologna,Chievo,4,1,H
19/03/2017,,Crotone,Fiorentina,0,1,A
19/03/2017,,Sampdoria,Juventus,0,1,A
19/03/2017,,Cagliari,Lazio,0,0,D
19/03/2017,,Atalanta,Pescara,3,0,H
19/03/2017,18:00,Udinese,Palermo,4,1,H
19/03/2017,20:45,AS Roma,Sassuolo,3,1,H
01/04/2017,18:00,Sassuolo,Lazio,1,2,A
01/04/2017,20:45,AS Roma,Empoli,2,0,H
02/04/2017,12:30,Torino,Udinese,2,2,D
02/04/2017,15:00,Genoa,Atalanta,0,5,A
02/04/2017,,Fiorentina,Bologna,1,0,H
02/04/2017,,Palermo,Cagliari,1,3,A
02/04/2017,,Chievo,Crotone,1,2,A
02/04/2017,,Pescara,AC Milan,1,1,D
02/04/2017,20:45,Napoli,Juventus,1,1,D
03/04/2017,20:45,Inter,Sampdoria,1,2,A
08/04/2017,15:00,Empoli,Pescara,1,1,D
08/04/2017,18:00,Atalanta,Sassuolo,1,1,D
08/04/2017,20:45,Juventus,Chievo,2,0,H
09/04/2017,12:50,Sampdoria,Fiorentina,2,2,D
09/04/2017,15:00,Udinese,Genoa,3,0,H
09/04/2017,,Crotone,Inter,2,1,H
09/04/2017,,AC Milan,Palermo,4,0,H
09/04/2017,,Bologna,AS Roma,0,3,A
09/04/2017,,Cagliari,Torino,2,3,A
09/04/2017,20:45,Lazio,Napoli,0,3,A
15/04/2017,12:30,Inter,AC Milan,2,2,D
15/04/2017,15:00,AS Roma,Atalanta,1,1,D
15/04/2017,,Palermo,Bologna,0,0,D
15/04/2017,,Cagliari,Chievo,4,0,H
15/04/2017,,Torino,Crotone,1,1,D
15/04/2017,,Fiorentina,Empoli,1,2,A
15/04/2017,,Pescara,Juventus,0,2,A
15/04/2017,,Genoa,Lazio,2,2,D
15/04/2017,18:00,Sassuolo,Sampdoria,2,1,H
15/04/2017,20:45,Napoli,Udinese,3,0,H
22/04/2017,18:00,Atalanta,Bologna,3,2,H
22/04/2017,20:45,Fiorentina,Inter,5,4,H
23/04/2017,12:30,Sassuolo,Napoli,2,2,D
23/04/2017,15:00,Udinese,Cagliari,2,1,H
23/04/2017,,Sampdoria,Crotone,1,2,A
23/04/2017,,AC Milan,Empoli,1,2,A
23/04/2017,,Lazio,Palermo,6,2,H
23/04/2017,,Chievo,Torino,1,3,A
23/04/2017,20:45,Juventus,Genoa,4,0,H
24/04/2017,20:45,Pescara,AS Roma,1,4,A
28/04/2017,20:45,Atalanta,Juventus,2,2,D
29/04/2017,20:45,Torino,Sampdoria,1,1,D
30/04/2017,12:30,AS Roma,Lazio,1,3,A
30/04/2017,15:00,Genoa,Chievo,1,2,A
30/04/2017,,Palermo,Fiorentina,2,0,H
30/04/2017,,Crotone,AC Milan,1,1,D
30/04/2017,,Cagliari,Pescara,1,0,H
30/04/2017,,Empoli,Sassuolo,1,3,A
30/04/2017,,Bologna,Udinese,4,0,H
30/04/2017,20:45,Inter,Napoli,0,1,A
06/05/2017,18:00,Napoli,Cagliari,3,1,H
06/05/2017,20:45,Juventus,Torino,1,1,D
07/05/2017,12:30,Udinese,Atalanta,1,1,D
07/05/2017,15:00,Empoli,Bologna,3,1,H
07/05/2017,,Pescara,Crotone,0,1,A
07/05/2017,,Sassuolo,Fiorentina,2,2,D
07/05/2017,,Genoa,Inter,1,0,H
07/05/2017,,Chievo,Palermo,1,1,D
07/05/2017,,Lazio,Sampdoria,7,3,H
07/05/2017,20:45,AC Milan,AS Roma,1,4,A
13/05/2017,18:00,Fiorentina,Lazio,3,2,H
13/05/2017,20:45,Atalanta,AC Milan,1,1,D
14/05/2017,12:30,Inter,Sassuolo,1,2,A
14/05/2017,15:00,Sampdoria,Chievo,1,1,D
14/05/2017,,Cagliari,Empoli,3,2,H
14/05/2017,,Palermo,Genoa,1,0,H
14/05/2017,,Torino,Napoli,0,5,A
14/05/2017,,Bologna,Pescara,3,1,H
14/05/2017,,Crotone,Udinese,1,0,H
14/05/2017,20:45,AS Roma,Juventus,3,1,H
20/05/2017,18:00,Chievo,AS Roma,3,5,A
20/05/2017,20:45,Napoli,Fiorentina,4,1,H
21/05/2017,15:00,Empoli,Atalanta,0,1,A
21/05/2017,,AC Milan,Bologna,3,0,H
21/05/2017,,Sassuolo,Cagliari,6,2,H
21/05/2017,,Juventus,Crotone,3,0,H
21/05/2017,,Udinese,Sampdoria,1,1,D
21/05/2017,,Genoa,Torino,2,1,H
21/05/2017,20:45,Lazio,Inter,1,3,A
22/05/2017,20:45,Pescara,Palermo,2,0,H
27/05/2017,18:00,Atalanta,Chievo,1,0,H
27/05/2017,,Bologna,Juventus,1,2,A
28/05/2017,15:00,Cagliari,AC Milan,2,1,H
28/05/2017,18:00,AS Roma,Genoa,3,2,H
28/05/2017,,Sampdoria,Napoli,2,4,A
28/05/2017,20:45,Palermo,Empoli,2,1,H
28/05/2017,,Crotone,Lazio,3,1,H
28/05/2017,,Fiorentina,Pescara,2,2,D
28/05/2017,,Torino,Sassuolo,5,3,H
28/05/2017,,Inter,Udinese,5,2,H
19/08/2017,18:00,Juventus,Cagliari,3,0,H
19/08/2017,20:45,Hellas Verona,Napoli,1,3,A
20/08/2017,18:00,Atalanta,AS Roma,0,1,A
20/08/2017,20:45,Bologna,Torino,1,1,D
20/08/2017,,Crotone,AC Milan,0,3,A
20/08/2017,,Inter,Fiorentina,3,0,H
20/08/2017,,Lazio,SPAL,0,0,D
20/08/2017,,Sampdoria,Benevento,2,1,H
20/08/2017,,Sassuolo,Genoa,0,0,D
20/08/2017,,Udinese,Chievo,1,2,A
26/08/2017,18:00,Benevento,Bologna,0,1,A
26/08/2017,,Genoa,Juventus,2,4,A
26/08/2017,20:45,AS Roma,Inter,1,3,A
27/08/2017,18:00,Torino,Sassuolo,3,0,H
27/08/2017,20:45,Chievo,Lazio,1,2,A
27/08/2017,,Crotone,Hellas Verona,0,0,D
27/08/2017,,Fiorentina,Sampdoria,1,2,A
27/08/2017,,AC Milan,Cagliari,2,1,H
27/08/2017,,Napoli,Atalanta,3,1,H
27/08/2017,,SPAL,Udinese,3,2,H
09/09/2017,18:00,Juventus,Chievo,3,0,H
10/09/2017,12:30,Inter,SPAL,2,0,H
10/09/2017,15:00,Atalanta,Sassuolo,2,1,H
10/09/2017,,Cagliari,Crotone,1,0,H
10/09/2017,,Hellas Verona,Fiorentina,0,5,A
10/09/2017,,Udinese,Genoa,1,0,H
10/09/2017,16:00,Lazio,AC Milan,4,1,H
10/09/2017,18:00,Benevento,Torino,0,1,A
10/09/2017,20:45,Bologna,Napoli,0,3,A
24/01/2018,20:45,Sampdoria,AS Roma,1,1,D
16/09/2017,15:00,Crotone,Inter,0,2,A
16/09/2017,18:00,Fiorentina,Bologna,2,1,H
16/09/2017,20:45,AS Roma,Hellas Verona,3,0,H
17/09/2017,12:30,Sassuolo,Juventus,1,3,A
17/09/2017,15:00,AC Milan,Udinese,2,1,H
17/09/2017,,Napoli,Benevento,6,0,H
17/09/2017,,SPAL,Cagliari,0,2,A
17/09/2017,,Torino,Sampdoria,2,2,D
17/09/2017,18:00,Chievo,Atalanta,1,1,D
17/09/2017,20:45,Genoa,Lazio,2,3,A
19/09/2017,20:45,Bologna,Inter,1,1,D
20/09/2017,18:00,Benevento,AS Roma,0,4,A
20/09/2017,20:45,Atalanta,Crotone,5,1,H
20/09/2017,,Cagliari,Sassuolo,0,1,A
20/09/2017,,Genoa,Chievo,1,1,D
20/09/2017,,Hellas Verona,Sampdoria,0,0,D
20/09/2017,,Juventus,Fiorentina,1,0,H
20/09/2017,,Lazio,Napoli,1,4,A
20/09/2017,,AC Milan,SPAL,2,0,H
20/09/2017,,Udinese,Torino,2,3,A
23/09/2017,15:00,AS Roma,Udinese,3,1,H
23/09/2017,18:00,SPAL,Napoli,2,3,A
23/09/2017,20:45,Juventus,Torino,4,0,H
24/09/2017,12:30,Sampdoria,AC Milan,2,0,H
24/09/2017,15:00,Cagliari,Chievo,0,2,A
24/09/2017,,Crotone,Benevento,2,0,H
24/09/2017,,Hellas Verona,Lazio,0,3,A
24/09/2017,,Inter,Genoa,1,0,H
24/09/2017,18:00,Sassuolo,Bologna,0,1,A
24/09/2017,20:45,Fiorentina,Atalanta,1,1,D
30/09/2017,18:00,Udinese,Sampdoria,4,0,H
30/09/2017,20:45,Genoa,Bologna,0,1,A
01/10/2017,12:30,Napoli,Cagliari,3,0,H
01/10/2017,15:00,Benevento,Inter,1,2,A
01/10/2017,,Chievo,Fiorentina,2,1,H
01/10/2017,,Lazio,Sassuolo,6,1,H
01/10/2017,,SPAL,Crotone,1,1,D
01/10/2017,,Torino,Hellas Verona,2,2,D
01/10/2017,18:00,AC Milan,AS Roma,0,2,A
01/10/2017,20:45,Atalanta,Juventus,2,2,D
14/10/2017,18:00,Juventus,Lazio,1,2,A
14/10/2017,20:45,AS Roma,Napoli,0,1,A
15/10/2017,12:30,Fiorentina,Udinese,2,1,H
15/10/2017,15:00,Bologna,SPAL,2,1,H
15/10/2017,,Cagliari,Genoa,2,3,A
15/10/2017,,Crotone,Torino,2,2,D
15/10/2017,,Sampdoria,Atalanta,3,1,H
15/10/2017,,Sassuolo,Chievo,0,0,D
15/10/2017,20:45,Inter,AC Milan,3,2,H
16/10/2017,20:45,Hellas Verona,Benevento,1,0,H
21/10/2017,18:00,Sampdoria,Crotone,5,0,H
21/10/2017,20:45,Napoli,Inter,0,0,D
22/10/2017,12:30,Chievo,Hellas Verona,3,2,H
22/10/2017,15:00,Atalanta,Bologna,1,0,H
22/10/2017,,Benevento,Fiorentina,0,3,A
22/10/2017,,AC Milan,Genoa,0,0,D
22/10/2017,,SPAL,Sassuolo,0,1,A
22/10/2017,,Torino,AS Roma,0,1,A
22/10/2017,18:00,Udinese,Juventus,2,6,A
22/10/2017,20:45,Lazio,Cagliari,3,0,H
24/10/2017,20:45,Inter,Sampdoria,3,2,H
25/10/2017,18:30,Atalanta,Hellas Verona,3,0,H
25/10/2017,20:45,Bologna,Lazio,1,2,A
25/10/2017,,Cagliari,Benevento,2,1,H
25/10/2017,,Chievo,AC Milan,1,4,A
25/10/2017,,Fiorentina,Torino,3,0,H
25/10/2017,,Genoa,Napoli,2,3,A
25/10/2017,,Juventus,SPAL,4,1,H
25/10/2017,,AS Roma,Crotone,1,0,H
25/10/2017,,Sassuolo,Udinese,0,1,A
28/10/2017,18:00,AC Milan,Juventus,0,2,A
28/10/2017,20:45,AS Roma,Bologna,1,0,H
29/10/2017,12:30,Benevento,Lazio,1,5,A
29/10/2017,15:00,Crotone,Fiorentina,2,1,H
29/10/2017,,Napoli,Sassuolo,3,1,H
29/10/2017,,Sampdoria,Chievo,4,1,H
29/10/2017,,SPAL,Genoa,1,0,H
29/10/2017,,Udinese,Atalanta,2,1,H
29/10/2017,20:45,Torino,Cagliari,2,1,H
30/10/2017,20:45,Hellas Verona,Inter,1,2,A
04/11/2017,18:00,Bologna,Crotone,2,3,A
04/11/2017,20:45,Genoa,Sampdoria,0,2,A
05/11/2017,12:30,Inter,Torino,1,1,D
05/11/2017,15:00,Cagliari,Hellas Verona,2,1,H
05/11/2017,,Chievo,Napoli,0,0,D
05/11/2017,,Fiorentina,AS Roma,2,4,A
05/11/2017,,Juventus,Benevento,2,1,H
05/11/2017,18:00,Atalanta,SPAL,1,1,D
05/11/2017,20:45,Sassuolo,AC Milan,0,2,A
24/01/2018,18:30,Lazio,Udinese,3,0,H
18/11/2017,18:00,AS Roma,Lazio,2,1,H
18/11/2017,20:45,Napoli,AC Milan,2,1,H
19/11/2017,12:30,Crotone,Genoa,0,1,A
19/11/2017,15:00,Benevento,Sassuolo,1,2,A
19/11/2017,,Sampdoria,Juventus,3,2,H
19/11/2017,,SPAL,Fiorentina,1,1,D
19/11/2017,,Torino,Chievo,1,1,D
19/11/2017,,Udinese,Cagliari,0,1,A
19/11/2017,20:45,Inter,Atalanta,2,0,H
20/11/2017,20:45,Hellas Verona,Bologna,2,3,A
25/11/2017,15:00,Bologna,Sampdoria,3,0,H
25/11/2017,18:00,Chievo,SPAL,2,1,H
25/11/2017,,Sassuolo,Hellas Verona,0,2,A
25/11/2017,20:45,Cagliari,Inter,1,3,A
26/11/2017,15:00,Genoa,AS Roma,1,1,D
26/11/2017,,AC Milan,Torino,0,0,D
26/11/2017,,Udinese,Napoli,0,1,A
26/11/2017,18:00,Lazio,Fiorentina,1,1,D
26/11/2017,20:45,Juventus,Crotone,3,0,H
27/11/2017,20:45,Atalanta,Benevento,1,0,H
01/12/2017,18:30,AS Roma,SPAL,3,1,H
01/12/2017,20:45,Napoli,Juventus,0,1,A
02/12/2017,20:45,Torino,Atalanta,1,1,D
03/12/2017,12:30,Benevento,AC Milan,2,2,D
03/12/2017,15:00,Bologna,Cagliari,1,1,D
03/12/2017,,Fiorentina,Sassuolo,3,0,H
03/12/2017,,Inter,Chievo,5,0,H
03/12/2017,20:45,Sampdoria,Lazio,1,2,A
04/12/2017,19:00,Crotone,Udinese,0,3,A
04/12/2017,21:00,Hellas Verona,Genoa,0,1,A
09/12/2017,18:00,Cagliari,Sampdoria,2,2,D
09/12/2017,20:45,Juventus,Inter,0,0,D
10/12/2017,12:30,Chievo,AS Roma,0,0,D
10/12/2017,15:00,Napoli,Fiorentina,0,0,D
10/12/2017,,SPAL,Hellas Verona,2,2,D
10/12/2017,,Udinese,Benevento,2,0,H
10/12/2017,18:00,Sassuolo,Crotone,2,1,H
10/12/2017,20:45,AC Milan,Bologna,2,1,H
11/12/2017,21:00,Lazio,Torino,1,3,A
12/12/2017,19:00,Genoa,Atalanta,1,2,A
16/12/2017,15:00,Inter,Udinese,1,3,A
16/12/2017,18:00,Torino,Napoli,1,3,A
16/12/2017,20:45,AS Roma,Cagliari,1,0,H
17/12/2017,12:30,Hellas Verona,AC Milan,3,0,H
17/12/2017,15:00,Bologna,Juventus,0,3,A
17/12/2017,,Crotone,Chievo,1,0,H
17/12/2017,,Fiorentina,Genoa,0,0,D
17/12/2017,,Sampdoria,Sassuolo,0,1,A
17/12/2017,18:00,Benevento,SPAL,1,2,A
17/12/2017,20:45,Atalanta,Lazio,3,3,D
22/12/2017,18:00,Chievo,Bologna,2,3,A
22/12/2017,20:45,Cagliari,Fiorentina,0,1,A
23/12/2017,12:30,Lazio,Crotone,4,0,H
23/12/2017,15:00,Genoa,Benevento,1,0,H
23/12/2017,,Napoli,Sampdoria,3,2,H
23/12/2017,,Sassuolo,Inter,1,0,H
23/12/2017,,SPAL,Torino,2,2,D
23/12/2017,,Udinese,Hellas Verona,4,0,H
23/12/2017,18:00,AC Milan,Atalanta,0,2,A
23/12/2017,20:45,Juventus,AS Roma,1,0,H
29/12/2017,20:45,Crotone,Napoli,0,1,A
30/12/2017,12:30,Fiorentina,AC Milan,1,1,D
30/12/2017,15:00,Atalanta,Cagliari,1,2,A
30/12/2017,,Benevento,Chievo,1,0,H
30/12/2017,,Bologna,Udinese,1,2,A
30/12/2017,,AS Roma,Sassuolo,1,1,D
30/12/2017,,Sampdoria,SPAL,2,0,H
30/12/2017,,Torino,Genoa,0,0,D
30/12/2017,18:00,Inter,Lazio,0,0,D
30/12/2017,20:45,Hellas Verona,Juventus,1,3,A
05/01/2018,18:00,Chievo,Udinese,1,1,D
05/01/2018,20:45,Fiorentina,Inter,1,1,D
06/01/2018,12:30,Torino,Bologna,3,0,H
06/01/2018,15:00,AC Milan,Crotone,1,0,H
06/01/2018,,Napoli,Hellas Verona,2,0,H
06/01/2018,,SPAL,Lazio,2,5,A
06/01/2018,,Benevento,Sampdoria,3,2,H
06/01/2018,,Genoa,Sassuolo,1,0,H
06/01/2018,18:00,AS Roma,Atalanta,1,2,A
06/01/2018,20:45,Cagliari,Juventus,0,1,A
21/01/2018,12:30,Atalanta,Napoli,0,1,A
21/01/2018,15:00,Bologna,Benevento,3,0,H
21/01/2018,,Lazio,Chievo,5,1,H
21/01/2018,,Hellas Verona,Crotone,0,3,A
21/01/2018,,Sampdoria,Fiorentina,3,1,H
21/01/2018,,Udinese,SPAL,1,1,D
21/01/2018,,Sassuolo,Torino,1,1,D
21/01/2018,18:00,Cagliari,AC Milan,1,2,A
21/01/2018,20:45,Inter,AS Roma,1,1,D
22/01/2018,20:45,Juventus,Genoa,1,0,H
27/01/2018,18:00,Sassuolo,Atalanta,0,3,A
27/01/2018,20:45,Chievo,Juventus,0,2,A
28/01/2018,12:30,SPAL,Inter,1,1,D
28/01/2018,15:00,Torino,Benevento,3,0,H
28/01/2018,,Napoli,Bologna,3,1,H
28/01/2018,,Crotone,Cagliari,1,1,D
28/01/2018,,Fiorentina,Hellas Verona,1,4,A
28/01/2018,,Genoa,Udinese,0,1,A
28/01/2018,18:00,AC Milan,Lazio,2,1,H
28/01/2018,20:45,AS Roma,Sampdoria,0,1,A
03/02/2018,18:00,Sampdoria,Torino,1,1,D
03/02/2018,20:45,Inter,Crotone,1,1,D
04/02/2018,12:30,Hellas Verona,AS Roma,0,1,A
04/02/2018,15:00,Atalanta,Chievo,1,0,H
04/02/2018,,Bologna,Fiorentina,1,2,A
04/02/2018,,Udinese,AC Milan,1,1,D
04/02/2018,,Juventus,Sassuolo,7,0,H
04/02/2018,,Cagliari,SPAL,2,0,H
04/02/2018,20:45,Benevento,Napoli,0,2,A
05/02/2018,20:45,Lazio,Genoa,1,2,A
09/02/2018,20:45,Fiorentina,Juventus,0,2,A
10/02/2018,15:00,SPAL,AC Milan,0,4,A
10/02/2018,18:00,Crotone,Atalanta,1,1,D
10/02/2018,20:45,Napoli,Lazio,4,1,H
11/02/2018,12:30,Sassuolo,Cagliari,0,0,D
11/02/2018,15:00,Inter,Bologna,2,1,H
11/02/2018,,Chievo,Genoa,0,1,A
11/02/2018,,Sampdoria,Hellas Verona,2,0,H
11/02/2018,,Torino,Udinese,2,0,H
11/02/2018,20:45,AS Roma,Benevento,5,2,H
17/02/2018,15:00,Udinese,AS Roma,0,2,A
17/02/2018,18:00,Chievo,Cagliari,2,1,H
17/02/2018,20:45,Genoa,Inter,2,0,H
18/02/2018,12:30,Torino,Juventus,0,1,A
18/02/2018,15:00,Benevento,Crotone,3,2,H
18/02/2018,,Bologna,Sassuolo,2,1,H
18/02/2018,,Napoli,SPAL,1,0,H
18/02/2018,18:00,Atalanta,Fiorentina,1,1,D
18/02/2018,20:45,AC Milan,Sampdoria,1,0,H
19/02/2018,20:45,Lazio,Hellas Verona,2,0,H
24/02/2018,18:00,Bologna,Genoa,2,0,H
24/02/2018,20:45,Inter,Benevento,2,0,H
25/02/2018,12:30,Crotone,SPAL,2,3,A
25/02/2018,15:00,Fiorentina,Chievo,1,0,H
25/02/2018,,Sassuolo,Lazio,0,3,A
25/02/2018,,Hellas Verona,Torino,2,1,H
25/02/2018,,Sampdoria,Udinese,2,1,H
25/02/2018,20:45,AS Roma,AC Milan,0,2,A
26/02/2018,20:45,Cagliari,Napoli,0,5,A
14/03/2018,18:00,Juventus,Atalanta,2,0,H
03/03/2018,15:00,SPAL,Bologna,1,0,H
03/03/2018,18:00,Lazio,Juventus,0,1,A
03/03/2018,20:45,Napoli,AS Roma,2,4,A
03/04/2018,18:30,Genoa,Cagliari,2,1,H
03/04/2018,,Udinese,Fiorentina,0,2,A
03/04/2018,,Atalanta,Sampdoria,1,2,A
04/04/2018,17:00,Benevento,Hellas Verona,3,0,H
04/04/2018,18:30,Torino,Crotone,4,1,H
04/04/2018,,AC Milan,Inter,0,0,D
04/04/2018,,Chievo,Sassuolo,1,1,D
09/03/2018,20:45,AS Roma,Torino,3,0,H
10/03/2018,20:45,Hellas Verona,Chievo,1,0,H
11/03/2018,12:30,Fiorentina,Benevento,1,0,H
11/03/2018,15:00,Bologna,Atalanta,0,1,A
11/03/2018,,Cagliari,Lazio,2,2,D
11/03/2018,,Crotone,Sampdoria,4,1,H
11/03/2018,,Sassuolo,SPAL,1,1,D
11/03/2018,,Juventus,Udinese,2,0,H
11/03/2018,18:00,Genoa,AC Milan,0,1,A
11/03/2018,20:45,Inter,Napoli,0,0,D
17/03/2018,18:00,Udinese,Sassuolo,1,2,A
17/03/2018,20:45,SPAL,Juventus,0,0,D
18/03/2018,12:30,Sampdoria,Inter,0,5,A
18/03/2018,15:00,Hellas Verona,Atalanta,0,5,A
18/03/2018,,Benevento,Cagliari,1,2,A
18/03/2018,,AC Milan,Chievo,3,2,H
18/03/2018,,Torino,Fiorentina,1,2,A
18/03/2018,,Crotone,AS Roma,0,2,A
18/03/2018,20:45,Lazio,Bologna,1,1,D
18/03/2018,,Napoli,Genoa,1,0,H
31/03/2018,12:30,Bologna,AS Roma,1,1,D
31/03/2018,15:00,Lazio,Benevento,6,2,H
31/03/2018,,Fiorentina,Crotone,2,0,H
31/03/2018,,Inter,Hellas Verona,3,0,H
31/03/2018,,Genoa,SPAL,1,1,D
31/03/2018,,Cagliari,Torino,0,4,A
31/03/2018,,Atalanta,Udinese,2,0,H
31/03/2018,18:00,Sassuolo,Napoli,1,1,D
31/03/2018,,Chievo,Sampdoria,2,1,H
31/03/2018,20:45,Juventus,AC Milan,3,1,H
07/04/2018,15:00,Benevento,Juventus,2,4,A
07/04/2018,18:00,SPAL,Atalanta,1,1,D
07/04/2018,,AS Roma,Fiorentina,0,2,A
07/04/2018,20:45,Sampdoria,Genoa,0,0,D
08/04/2018,12:30,Torino,Inter,1,0,H
08/04/2018,15:00,Crotone,Bologna,1,0,H
08/04/2018,,Hellas Verona,Cagliari,1,0,H
08/04/2018,,Napoli,Chievo,2,1,H
08/04/2018,18:00,Udinese,Lazio,1,2,A
08/04/2018,20:45,AC Milan,Sassuolo,1,1,D
14/04/2018,15:00,Cagliari,Udinese,2,1,H
14/04/2018,18:00,Genoa,Crotone,1,0,H
14/04/2018,,Chievo,Torino,0,0,D
14/04/2018,20:45,Atalanta,Inter,0,0,D
15/04/2018,12:30,Fiorentina,SPAL,0,0,D
15/04/2018,15:00,Sassuolo,Benevento,2,2,D
15/04/2018,,Bologna,Hellas Verona,2,0,H
15/04/2018,,AC Milan,Napoli,0,0,D
15/04/2018,18:00,Juventus,Sampdoria,3,0,H
15/04/2018,20:45,Lazio,AS Roma,0,0,D
17/04/2018,20:45,Inter,Cagliari,4,0,H
18/04/2018,18:00,Benevento,Atalanta,0,3,A
18/04/2018,20:45,Sampdoria,Bologna,1,0,H
18/04/2018,,SPAL,Chievo,0,0,D
18/04/2018,,AS Roma,Genoa,2,1,H
18/04/2018,,Crotone,Juventus,1,1,D
18/04/2018,,Fiorentina,Lazio,3,4,A
18/04/2018,,Torino,AC Milan,1,1,D
18/04/2018,,Hellas Verona,Sassuolo,0,1,A
18/04/2018,,Napoli,Udinese,4,2,H
21/04/2018,15:00,SPAL,AS Roma,0,3,A
21/04/2018,18:00,Sassuolo,Fiorentina,1,0,H
21/04/2018,20:45,AC Milan,Benevento,0,1,A
22/04/2018,12:30,Cagliari,Bologna,0,0,D
22/04/2018,15:00,Udinese,Crotone,1,2,A
22/04/2018,,Chievo,Inter,1,2,A
22/04/2018,,Lazio,Sampdoria,4,0,H
22/04/2018,,Atalanta,Torino,2,1,H
22/04/2018,20:45,Juventus,Napoli,0,1,A
23/04/2018,20:45,Genoa,Hellas Verona,3,1,H
28/04/2018,18:00,AS Roma,Chievo,4,1,H
28/04/2018,20:45,Inter,Juventus,2,3,A
29/04/2018,12:30,Crotone,Sassuolo,4,1,H
29/04/2018,15:00,Sampdoria,Cagliari,4,1,H
29/04/2018,,Atalanta,Genoa,3,1,H
29/04/2018,,Bologna,AC Milan,1,2,A
29/04/2018,,Hellas Verona,SPAL,1,3,A
29/04/2018,,Benevento,Udinese,3,3,D
29/04/2018,18:00,Fiorentina,Napoli,3,0,H
29/04/2018,20:45,Torino,Lazio,0,1,A
05/05/2018,18:00,AC Milan,Hellas Verona,4,1,H
05/05/2018,20:45,Juventus,Bologna,3,1,H
06/05/2018,12:30,Udinese,Inter,0,4,A
06/05/2018,15:00,Lazio,Atalanta,1,1,D
06/05/2018,,SPAL,Benevento,2,0,H
06/05/2018,,Chievo,Crotone,2,1,H
06/05/2018,,Genoa,Fiorentina,2,3,A
06/05/2018,,Napoli,Torino,2,2,D
06/05/2018,18:00,Sassuolo,Sampdoria,1,0,H
06/05/2018,20:45,Cagliari,AS Roma,0,1,A
12/05/2018,18:00,Benevento,Genoa,1,0,H
12/05/2018,20:45,Inter,Sassuolo,1,2,A
13/05/2018,15:00,Fiorentina,Cagliari,0,1,A
13/05/2018,,Bologna,Chievo,1,2,A
13/05/2018,,Crotone,Lazio,2,2,D
13/05/2018,,Torino,SPAL,2,1,H
13/05/2018,,Hellas Verona,Udinese,0,1,A
13/05/2018,18:00,Atalanta,AC Milan,1,1,D
13/05/2018,20:45,AS Roma,Juventus,0,0,D
13/05/2018,,Sampdoria,Napoli,0,2,A
19/05/2018,15:00,Juventus,Hellas Verona,2,1,H
20/05/2018,15:00,Genoa,Torino,1,2,A
20/05/2018,18:00,Cagliari,Atalanta,1,0,H
20/05/2018,,Chievo,Benevento,1,0,H
20/05/2018,,Udinese,Bologna,1,0,H
20/05/2018,,Napoli,Crotone,2,1,H
20/05/2018,,AC Milan,Fiorentina,5,1,H
20/05/2018,,SPAL,Sampdoria,3,1,H
20/05/2018,20:45,Lazio,Inter,2,3,A
20/05/2018,,Sassuolo,AS Roma,0,1,A
18/08/2018,18:00,Chievo,Juventus,2,3,A
18/08/2018,20:30,Lazio,Napoli,1,2,A
19/08/2018,18:00,Torino,AS Roma,0,1,A
19/08/2018,20:30,Bologna,SPAL,0,1,A
19/08/2018,,Empoli,Cagliari,2,0,H
19/08/2018,,Parma,Udinese,2,2,D
19/08/2018,,Sassuolo,Inter,1,0,H
20/08/2018,20:30,Atalanta,Frosinone,4,0,H
19/09/2018,19:00,Sampdoria,Fiorentina,1,1,D
31/10/2018,20:30,AC Milan,Genoa,2,1,H
25/08/2018,18:00,Juventus,Lazio,2,0,H
25/08/2018,20:30,Napoli,AC Milan,3,2,H
26/08/2018,18:00,SPAL,Parma,1,0,H
26/08/2018,20:30,Cagliari,Sassuolo,2,2,D
26/08/2018,,Fiorentina,Chievo,6,1,H
26/08/2018,,Frosinone,Bologna,0,0,D
26/08/2018,,Genoa,Empoli,2,1,H
26/08/2018,,Inter,Torino,2,2,D
26/08/2018,,Udinese,Sampdoria,1,0,H
27/08/2018,20:30,AS Roma,Atalanta,3,3,D
31/08/2018,20:30,AC Milan,AS Roma,2,1,H
01/09/2018,18:00,Bologna,Inter,0,3,A
01/09/2018,20:30,Parma,Juventus,1,2,A
02/09/2018,18:00,Fiorentina,Udinese,1,0,H
02/09/2018,20:30,Atalanta,Cagliari,0,1,A
02/09/2018,,Chievo,Empoli,0,0,D
02/09/2018,,Lazio,Frosinone,1,0,H
02/09/2018,,Sampdoria,Napoli,3,0,H
02/09/2018,,Sassuolo,Genoa,5,3,H
02/09/2018,,Torino,SPAL,1,0,H
15/09/2018,15:00,Inter,Parma,0,1,A
15/09/2018,18:00,Napoli,Fiorentina,1,0,H
15/09/2018,20:30,Frosinone,Sampdoria,0,5,A
16/09/2018,12:30,AS Roma,Chievo,2,2,D
16/09/2018,15:00,Genoa,Bologna,1,0,H
16/09/2018,,Juventus,Sassuolo,2,1,H
16/09/2018,,Udinese,Torino,1,1,D
16/09/2018,18:00,Empoli,Lazio,0,1,A
16/09/2018,20:30,Cagliari,AC Milan,1,1,D
17/09/2018,20:30,SPAL,Atalanta,2,0,H
21/09/2018,20:30,Sassuolo,Empoli,3,1,H
22/09/2018,15:00,Parma,Cagliari,2,0,H
22/09/2018,18:00,Fiorentina,SPAL,3,0,H
22/09/2018,20:30,Sampdoria,Inter,0,1,A
23/09/2018,12:30,Torino,Napoli,1,3,A
23/09/2018,15:00,Bologna,AS Roma,2,0,H
23/09/2018,,Chievo,Udinese,0,2,A
23/09/2018,,Lazio,Genoa,4,1,H
23/09/2018,18:00,AC Milan,Atalanta,2,2,D
23/09/2018,20:30,Frosinone,Juventus,0,2,A
25/09/2018,21:00,Inter,Fiorentina,2,1,H
26/09/2018,19:00,Udinese,Lazio,1,2,A
26/09/2018,21:00,Atalanta,Torino,0,0,D
26/09/2018,,Cagliari,Sampdoria,0,0,D
26/09/2018,,Genoa,Chievo,2,0,H
26/09/2018,,Juventus,Bologna,2,0,H
26/09/2018,,Napoli,Parma,3,0,H
26/09/2018,,AS Roma,Frosinone,4,0,H
27/09/2018,19:00,SPAL,Sassuolo,0,2,A
27/09/2018,21:00,Empoli,AC Milan,1,1,D
29/09/2018,15:00,AS Roma,Lazio,3,1,H
29/09/2018,18:00,Juventus,Napoli,3,1,H
29/09/2018,20:30,Inter,Cagliari,2,0,H
30/09/2018,12:30,Bologna,Udinese,2,1,H
30/09/2018,15:00,Chievo,Torino,0,1,A
30/09/2018,,Fiorentina,Atalanta,2,0,H
30/09/2018,,Frosinone,Genoa,1,2,A
30/09/2018,18:00,Parma,Empoli,1,0,H
30/09/2018,20:30,Sassuolo,AC Milan,1,4,A
01/10/2018,20:30,Sampdoria,SPAL,2,1,H
05/10/2018,20:30,Torino,Frosinone,3,2,H
06/10/2018,15:00,Cagliari,Bologna,2,0,H
06/10/2018,18:00,Udinese,Juventus,0,2,A
06/10/2018,20:30,Empoli,AS Roma,0,2,A
07/10/2018,12:30,Genoa,Parma,1,3,A
07/10/2018,15:00,Atalanta,Sampdoria,0,1,A
07/10/2018,,Lazio,Fiorentina,1,0,H
07/10/2018,,AC Milan,Chievo,3,1,H
07/10/2018,18:00,Napoli,Sassuolo,2,0,H
07/10/2018,20:30,SPAL,Inter,1,2,A
20/10/2018,15:00,AS Roma,SPAL,0,2,A
20/10/2018,18:00,Juventus,Genoa,1,1,D
20/10/2018,20:30,Udinese,Napoli,0,3,A
21/10/2018,12:30,Frosinone,Empoli,3,3,D
21/10/2018,15:00,Bologna,Torino,2,2,D
21/10/2018,,Chievo,Atalanta,1,5,A
21/10/2018,,Parma,Lazio,0,2,A
21/10/2018,18:00,Fiorentina,Cagliari,1,1,D
21/10/2018,20:30,Inter,AC Milan,1,0,H
22/10/2018,20:30,Sampdoria,Sassuolo,0,0,D
27/10/2018,15:00,Atalanta,Parma,3,0,H
27/10/2018,18:00,Empoli,Juventus,1,2,A
27/10/2018,20:30,Torino,Fiorentina,1,1,D
28/10/2018,12:30,Sassuolo,Bologna,2,2,D
28/10/2018,15:00,Cagliari,Chievo,2,1,H
28/10/2018,,Genoa,Udinese,2,2,D
28/10/2018,,SPAL,Frosinone,0,3,A
28/10/2018,18:00,AC Milan,Sampdoria,3,2,H
28/10/2018,20:30,Napoli,AS Roma,1,1,D
29/10/2018,20:30,Lazio,Inter,0,3,A
02/11/2018,20:30,Napoli,Empoli,5,1,H
03/11/2018,15:00,Inter,Genoa,5,0,H
03/11/2018,18:00,Fiorentina,AS Roma,1,1,D
03/11/2018,20:30,Juventus,Cagliari,3,1,H
04/11/2018,12:30,Lazio,SPAL,4,1,H
04/11/2018,15:00,Chievo,Sassuolo,0,2,A
04/11/2018,,Parma,Frosinone,0,0,D
04/11/2018,,Sampdoria,Torino,1,4,A
04/11/2018,18:00,Bologna,Atalanta,1,2,A
04/11/2018,20:30,Udinese,AC Milan,0,1,A
09/11/2018,20:30,Frosinone,Fiorentina,1,1,D
10/11/2018,15:00,Torino,Parma,1,2,A
10/11/2018,18:00,SPAL,Cagliari,2,2,D
10/11/2018,20:30,Genoa,Napoli,1,2,A
11/11/2018,12:30,Atalanta,Inter,4,1,H
11/11/2018,15:00,Chievo,Bologna,2,2,D
11/11/2018,,Empoli,Udinese,2,1,H
11/11/2018,,AS Roma,Sampdoria,4,1,H
11/11/2018,18:00,Sassuolo,Lazio,1,1,D
11/11/2018,20:30,AC Milan,Juventus,0,2,A
24/11/2018,15:00,Udinese,AS Roma,1,0,H
24/11/2018,18:00,Juventus,SPAL,2,0,H
24/11/2018,20:30,Inter,Frosinone,3,0,H
25/11/2018,12:30,Parma,Sassuolo,2,1,H
25/11/2018,15:00,Bologna,Fiorentina,0,0,D
25/11/2018,,Empoli,Atalanta,3,2,H
25/11/2018,,Napoli,Chievo,0,0,D
25/11/2018,18:00,Lazio,AC Milan,1,1,D
25/11/2018,20:30,Genoa,Sampdoria,1,1,D
26/11/2018,20:30,Cagliari,Torino,0,0,D
01/12/2018,15:00,SPAL,Empoli,2,2,D
01/12/2018,18:00,Fiorentina,Juventus,0,3,A
01/12/2018,20:30,Sampdoria,Bologna,4,1,H
02/12/2018,12:30,AC Milan,Parma,2,1,H
02/12/2018,15:00,Frosinone,Cagliari,1,1,D
02/12/2018,,Sassuolo,Udinese,0,0,D
02/12/2018,,Torino,Genoa,2,1,H
02/12/2018,18:00,Chievo,Lazio,1,1,D
02/12/2018,20:30,AS Roma,Inter,2,2,D
03/12/2018,20:30,Atalanta,Napoli,1,2,A
07/12/2018,20:30,Juventus,Inter,1,0,H
08/12/2018,15:00,Napoli,Frosinone,4,0,H
08/12/2018,18:00,Cagliari,AS Roma,2,2,D
08/12/2018,20:30,Lazio,Sampdoria,2,2,D
09/12/2018,12:30,Sassuolo,Fiorentina,3,3,D
09/12/2018,15:00,Empoli,Bologna,2,1,H
09/12/2018,,Parma,Chievo,1,1,D
09/12/2018,,Udinese,Atalanta,1,3,A
09/12/2018,18:00,Genoa,SPAL,1,1,D
09/12/2018,20:30,AC Milan,Torino,0,0,D
15/12/2018,18:00,Inter,Udinese,1,0,H
15/12/2018,20:30,Torino,Juventus,0,1,A
16/12/2018,12:30,SPAL,Chievo,0,0,D
16/12/2018,15:00,Fiorentina,Empoli,3,1,H
16/12/2018,,Frosinone,Sassuolo,0,2,A
16/12/2018,,Sampdoria,Parma,2,0,H
16/12/2018,18:00,Cagliari,Napoli,0,1,A
16/12/2018,20:30,AS Roma,Genoa,3,2,H
17/12/2018,20:30,Atalanta,Lazio,1,0,H
18/12/2018,20:30,Bologna,AC Milan,0,0,D
22/12/2018,12:30,Lazio,Cagliari,3,1,H
22/12/2018,15:00,Empoli,Sampdoria,2,4,A
22/12/2018,,Genoa,Atalanta,3,1,H
22/12/2018,,AC Milan,Fiorentina,0,1,A
22/12/2018,,Napoli,SPAL,1,0,H
22/12/2018,,Sassuolo,Torino,1,1,D
22/12/2018,,Udinese,Frosinone,1,1,D
22/12/2018,18:00,Chievo,Inter,1,1,D
22/12/2018,,Parma,Bologna,0,0,D
22/12/2018,20:30,Juventus,AS Roma,1,0,H
26/12/2018,12:30,Frosinone,AC Milan,0,0,D
26/12/2018,15:00,Atalanta,Juventus,2,2,D
26/12/2018,,Bologna,Lazio,0,2,A
26/12/2018,,Cagliari,Genoa,1,0,H
26/12/2018,,Fiorentina,Parma,0,1,A
26/12/2018,,Sampdoria,Chievo,2,0,H
26/12/2018,18:00,AS Roma,Sassuolo,3,1,H
26/12/2018,,SPAL,Udinese,0,0,D
26/12/2018,,Torino,Empoli,3,0,H
26/12/2018,20:30,Inter,Napoli,1,0,H
29/12/2018,12:30,Juventus,Sampdoria,2,1,H
29/12/2018,15:00,Chievo,Frosinone,1,0,H
29/12/2018,,Empoli,Inter,0,1,A
29/12/2018,,Genoa,Fiorentina,0,0,D
29/12/2018,,Lazio,Torino,1,1,D
29/12/2018,,Parma,AS Roma,0,2,A
29/12/2018,,Sassuolo,Atalanta,2,6,A
29/12/2018,,Udinese,Cagliari,2,0,H
29/12/2018,18:00,Napoli,Bologna,3,2,H
29/12/2018,20:30,AC Milan,SPAL,2,1,H
19/01/2019,15:00,AS Roma,Torino,3,2,H
19/01/2019,18:00,Udinese,Parma,1,2,A
19/01/2019,20:30,Inter,Sassuolo,0,0,D
20/01/2019,12:30,Frosinone,Atalanta,0,5,A
20/01/2019,15:00,SPAL,Bologna,1,1,D
20/01/2019,,Fiorentina,Sampdoria,3,3,D
20/01/2019,18:00,Cagliari,Empoli,2,2,D
20/01/2019,20:30,Napoli,Lazio,2,1,H
21/01/2019,15:00,Genoa,AC Milan,0,2,A
21/01/2019,20:30,Juventus,Chievo,3,0,H
26/01/2019,15:00,Sassuolo,Cagliari,3,0,H
26/01/2019,18:00,Sampdoria,Udinese,4,0,H
26/01/2019,20:30,AC Milan,Napoli,0,0,D
27/01/2019,12:30,Chievo,Fiorentina,3,4,A
27/01/2019,15:00,Bologna,Frosinone,0,4,A
27/01/2019,,Atalanta,AS Roma,3,3,D
27/01/2019,,Parma,SPAL,2,3,A
27/01/2019,18:00,Torino,Inter,1,0,H
27/01/2019,20:30,Lazio,Juventus,1,2,A
28/01/2019,20:30,Empoli,Genoa,1,3,A
02/02/2019,15:00,Empoli,Chievo,2,2,D
02/02/2019,18:00,Napoli,Sampdoria,3,0,H
02/02/2019,20:30,Juventus,Parma,3,3,D
03/02/2019,12:30,SPAL,Torino,0,0,D
03/02/2019,15:00,Udinese,Fiorentina,1,1,D
03/02/2019,,Genoa,Sassuolo,1,1,D
03/02/2019,18:00,Inter,Bologna,0,1,A
03/02/2019,20:30,AS Roma,AC Milan,1,1,D
04/02/2019,19:00,Frosinone,Lazio,0,1,A
04/02/2019,21:00,Cagliari,Atalanta,0,1,A
07/02/2019,20:30,Lazio,Empoli,1,0,H
08/02/2019,20:30,Chievo,AS Roma,0,3,A
09/02/2019,18:00,Fiorentina,Napoli,0,0,D
09/02/2019,20:30,Parma,Inter,0,1,A
10/02/2019,12:30,Bologna,Genoa,1,1,D
10/02/2019,15:00,Sampdoria,Frosinone,0,1,A
10/02/2019,,Atalanta,SPAL,2,1,H
10/02/2019,,Torino,Udinese,1,0,H
10/02/2019,18:00,Sassuolo,Juventus,0,3,A
10/02/2019,20:30,AC Milan,Cagliari,3,0,H
15/02/2019,20:30,Juventus,Frosinone,3,0,H
16/02/2019,18:00,Cagliari,Parma,2,1,H
16/02/2019,20:30,Atalanta,AC Milan,1,3,A
17/02/2019,12:30,SPAL,Fiorentina,1,4,A
17/02/2019,15:00,Udinese,Chievo,1,0,H
17/02/2019,,Genoa,Lazio,2,1,H
17/02/2019,,Empoli,Sassuolo,3,0,H
17/02/2019,18:00,Inter,Sampdoria,2,1,H
17/02/2019,20:30,Napoli,Torino,0,0,D
18/02/2019,20:30,AS Roma,Bologna,2,1,H
22/02/2019,20:30,AC Milan,Empoli,3,0,H
23/02/2019,15:00,Torino,Atalanta,2,0,H
23/02/2019,20:30,Frosinone,AS Roma,2,3,A
24/02/2019,12:30,Sampdoria,Cagliari,1,0,H
24/02/2019,15:00,Chievo,Genoa,0,0,D
24/02/2019,,Bologna,Juventus,0,1,A
24/02/2019,,Sassuolo,SPAL,1,1,D
24/02/2019,18:00,Parma,Napoli,0,4,A
24/02/2019,20:30,Fiorentina,Inter,3,3,D
17/04/2019,19:00,Lazio,Udinese,2,0,H
01/03/2019,20:30,Cagliari,Inter,2,1,H
02/03/2019,15:00,Empoli,Parma,3,3,D
02/03/2019,18:00,AC Milan,Sassuolo,1,0,H
02/03/2019,20:30,Lazio,AS Roma,3,0,H
03/03/2019,12:30,Torino,Chievo,3,0,H
03/03/2019,15:00,Udinese,Bologna,2,1,H
03/03/2019,,Genoa,Frosinone,0,0,D
03/03/2019,,SPAL,Sampdoria,1,2,A
03/03/2019,18:00,Atalanta,Fiorentina,3,1,H
03/03/2019,20:30,Napoli,Juventus,1,2,A
08/03/2019,20:30,Juventus,Udinese,4,1,H
09/03/2019,18:00,Parma,Genoa,1,0,H
09/03/2019,20:30,Chievo,AC Milan,1,2,A
10/03/2019,12:30,Bologna,Cagliari,2,0,H
10/03/2019,15:00,Sampdoria,Atalanta,1,2,A
10/03/2019,,Inter,SPAL,2,0,H
10/03/2019,,Frosinone,Torino,1,2,A
10/03/2019,18:00,Sassuolo,Napoli,1,1,D
10/03/2019,20:30,Fiorentina,Lazio,1,1,D
11/03/2019,20:30,AS Roma,Empoli,2,1,H
15/03/2019,20:30,Cagliari,Fiorentina,2,1,H
16/03/2019,15:00,Sassuolo,Sampdoria,3,5,A
16/03/2019,18:00,SPAL,AS Roma,2,1,H
16/03/2019,20:30,Torino,Bologna,2,3,A
17/03/2019,12:30,Genoa,Juventus,2,0,H
17/03/2019,15:00,Atalanta,Chievo,1,1,D
17/03/2019,,Empoli,Frosinone,2,1,H
17/03/2019,,Lazio,Parma,4,1,H
17/03/2019,18:00,Napoli,Udinese,4,2,H
17/03/2019,20:30,AC Milan,Inter,2,3,A
29/03/2019,20:30,Chievo,Cagliari,0,3,A
30/03/2019,15:00,Udinese,Genoa,2,0,H
30/03/2019,18:00,Juventus,Empoli,1,0,H
30/03/2019,20:30,Sampdoria,AC Milan,1,0,H
31/03/2019,12:30,Parma,Atalanta,1,3,A
31/03/2019,15:00,AS Roma,Napoli,1,4,A
31/03/2019,,Frosinone,SPAL,0,1,A
31/03/2019,,Fiorentina,Torino,1,1,D
31/03/2019,18:00,Bologna,Sassuolo,2,1,H
31/03/2019,20:30,Inter,Lazio,0,1,A
02/04/2019,19:00,AC Milan,Udinese,1,1,D
02/04/2019,21:00,Cagliari,Juventus,0,2,A
03/04/2019,19:00,Empoli,Napoli,2,1,H
03/04/2019,21:00,AS Roma,Fiorentina,2,2,D
03/04/2019,,Genoa,Inter,0,4,A
03/04/2019,,SPAL,Lazio,1,0,H
03/04/2019,,Frosinone,Parma,3,2,H
03/04/2019,,Torino,Sampdoria,2,1,H
04/04/2019,19:00,Sassuolo,Chievo,4,0,H
04/04/2019,21:00,Atalanta,Bologna,4,1,H
06/04/2019,15:00,Parma,Torino,0,0,D
06/04/2019,18:00,Juventus,AC Milan,2,1,H
06/04/2019,20:30,Sampdoria,AS Roma,0,1,A
07/04/2019,12:30,Fiorentina,Frosinone,0,1,A
07/04/2019,15:00,Udinese,Empoli,3,2,H
07/04/2019,,Cagliari,SPAL,2,1,H
07/04/2019,18:00,Inter,Atalanta,0,0,D
07/04/2019,,Lazio,Sassuolo,2,2,D
07/04/2019,20:30,Napoli,Genoa,1,1,D
08/04/2019,20:30,Bologna,Chievo,3,0,H
13/04/2019,15:00,SPAL,Juventus,2,1,H
13/04/2019,18:00,AS Roma,Udinese,1,0,H
13/04/2019,20:30,AC Milan,Lazio,1,0,H
14/04/2019,12:30,Torino,Cagliari,1,1,D
14/04/2019,15:00,Fiorentina,Bologna,0,0,D
14/04/2019,,Sampdoria,Genoa,2,0,H
14/04/2019,,Sassuolo,Parma,0,0,D
14/04/2019,18:00,Chievo,Napoli,1,3,A
14/04/2019,20:30,Frosinone,Inter,1,3,A
15/04/2019,20:30,Atalanta,Empoli,0,0,D
20/04/2019,12:30,Parma,AC Milan,1,1,D
20/04/2019,15:00,Lazio,Chievo,1,2,A
20/04/2019,,Cagliari,Frosinone,1,0,H
20/04/2019,,Bologna,Sampdoria,3,0,H
20/04/2019,,Udinese,Sassuolo,1,1,D
20/04/2019,,Empoli,SPAL,2,4,A
20/04/2019,,Genoa,Torino,0,1,A
20/04/2019,18:00,Juventus,Fiorentina,2,1,H
20/04/2019,20:30,Inter,AS Roma,1,1,D
22/04/2019,19:00,Napoli,Atalanta,1,2,A
27/04/2019,15:00,Bologna,Empoli,3,1,H
27/04/2019,18:00,AS Roma,Cagliari,3,0,H
27/04/2019,20:30,Inter,Juventus,1,1,D
28/04/2019,12:30,Frosinone,Napoli,0,2,A
28/04/2019,15:00,SPAL,Genoa,1,1,D
28/04/2019,,Chievo,Parma,1,1,D
28/04/2019,18:00,Sampdoria,Lazio,1,2,A
28/04/2019,20:30,Torino,AC Milan,2,0,H
29/04/2019,19:00,Atalanta,Udinese,2,0,H
29/04/2019,21:00,Fiorentina,Sassuolo,0,1,A
03/05/2019,20:30,Juventus,Torino,1,1,D
04/05/2019,18:00,Chievo,SPAL,0,4,A
04/05/2019,20:30,Udinese,Inter,0,0,D
05/05/2019,12:30,Empoli,Fiorentina,1,0,H
05/05/2019,15:00,Lazio,Atalanta,1,3,A
05/05/2019,,Sassuolo,Frosinone,2,2,D
05/05/2019,,Parma,Sampdoria,3,3,D
05/05/2019,18:00,Genoa,AS Roma,1,1,D
05/05/2019,20:30,Napoli,Cagliari,2,1,H
06/05/2019,20:30,AC Milan,Bologna,2,1,H
11/05/2019,15:00,Atalanta,Genoa,2,1,H
11/05/2019,18:00,Cagliari,Lazio,1,2,A
11/05/2019,20:30,Fiorentina,AC Milan,0,1,A
12/05/2019,12:30,Torino,Sassuolo,3,2,H
12/05/2019,15:00,Sampdoria,Empoli,1,2,A
12/05/2019,,Frosinone,Udinese,1,3,A
12/05/2019,18:00,SPAL,Napoli,1,2,A
12/05/2019,20:30,AS Roma,Juventus,2,0,H
13/05/2019,19:00,Bologna,Parma,4,1,H
13/05/2019,21:00,Inter,Chievo,2,0,H
18/05/2019,15:00,Udinese,SPAL,3,2,H
18/05/2019,18:00,Genoa,Cagliari,1,1,D
18/05/2019,20:30,Sassuolo,AS Roma,0,0,D
19/05/2019,12:30,Chievo,Sampdoria,0,0,D
19/05/2019,15:00,Parma,Fiorentina,1,0,H
19/05/2019,,Empoli,Torino,4,1,H
19/05/2019,18:00,AC Milan,Frosinone,2,0,H
19/05/2019,20:30,Juventus,Atalanta,1,1,D
19/05/2019,,Napoli,Inter,4,1,H
20/05/2019,20:30,Lazio,Bologna,3,3,D
25/05/2019,18:00,Frosinone,Chievo,0,0,D
25/05/2019,20:30,Bologna,Napoli,3,2,H
26/05/2019,15:00,Torino,Lazio,3,1,H
26/05/2019,18:00,Sampdoria,Juventus,2,0,H
26/05/2019,20:30,Inter,Empoli,2,1,H
26/05/2019,,Fiorentina,Genoa,0,0,D
26/05/2019,,SPAL,AC Milan,2,3,A
26/05/2019,,AS Roma,Parma,2,1,H
26/05/2019,,Atalanta,Sassuolo,3,1,H
26/05/2019,,Cagliari,Udinese,1,2,A
24/08/2019,18:00,Parma,Juventus,0,1,A
24/08/2019,20:45,Fiorentina,Napoli,3,4,A
25/08/2019,18:00,Udinese,AC Milan,1,0,H
25/08/2019,20:45,Cagliari,Brescia,0,1,A
25/08/2019,,Hellas Verona,Bologna,1,1,D
25/08/2019,,AS Roma,Genoa,3,3,D
25/08/2019,,Sampdoria,Lazio,0,3,A
25/08/2019,,SPAL,Atalanta,2,3,A
25/08/2019,,Torino,Sassuolo,2,1,H
26/08/2019,20:45,Inter,Lecce,4,0,H
30/08/2019,20:45,Bologna,SPAL,1,0,H
31/08/2019,18:00,AC Milan,Brescia,1,0,H
31/08/2019,20:45,Juventus,Napoli,4,3,H
01/09/2019,18:00,Lazio,AS Roma,1,1,D
01/09/2019,20:45,Atalanta,Torino,2,3,A
01/09/2019,,Cagliari,Inter,1,2,A
01/09/2019,,Genoa,Fiorentina,2,1,H
01/09/2019,,Lecce,Hellas Verona,0,1,A
01/09/2019,,Sassuolo,Sampdoria,4,1,H
01/09/2019,,Udinese,Parma,1,3,A
14/09/2019,15:00,Fiorentina,Juventus,0,0,D
14/09/2019,18:00,Napoli,Sampdoria,2,0,H
14/09/2019,20:45,Inter,Udinese,1,0,H
15/09/2019,12:30,Genoa,Atalanta,1,2,A
15/09/2019,15:00,Brescia,Bologna,3,4,A
15/09/2019,,Parma,Cagliari,1,3,A
15/09/2019,,SPAL,Lazio,2,1,H
15/09/2019,18:00,AS Roma,Sassuolo,4,2,H
15/09/2019,20:45,Hellas Verona,AC Milan,0,1,A
16/09/2019,20:45,Torino,Lecce,1,2,A
20/09/2019,20:45,Cagliari,Genoa,3,1,H
21/09/2019,15:00,Udinese,Brescia,0,1,A
21/09/2019,18:00,Juventus,Hellas Verona,2,1,H
21/09/2019,20:45,AC Milan,Inter,0,2,A
22/09/2019,12:30,Sassuolo,SPAL,3,0,H
22/09/2019,15:00,Bologna,AS Roma,1,2,A
22/09/2019,,Lecce,Napoli,1,4,A
22/09/2019,,Sampdoria,Torino,1,0,H
22/09/2019,18:00,Atalanta,Fiorentina,2,2,D
22/09/2019,20:45,Lazio,Parma,2,0,H
24/09/2019,19:00,Hellas Verona,Udinese,0,0,D
24/09/2019,21:00,Brescia,Juventus,1,2,A
25/09/2019,19:00,AS Roma,Atalanta,0,2,A
25/09/2019,21:00,Fiorentina,Sampdoria,2,1,H
25/09/2019,,Genoa,Bologna,0,0,D
25/09/2019,,Inter,Lazio,1,0,H
25/09/2019,,Napoli,Cagliari,0,1,A
25/09/2019,,Parma,Sassuolo,1,0,H
25/09/2019,,SPAL,Lecce,1,3,A
26/09/2019,21:00,Torino,AC Milan,2,1,H
28/09/2019,15:00,Juventus,SPAL,2,0,H
28/09/2019,18:00,Sampdoria,Inter,1,3,A
28/09/2019,20:45,Sassuolo,Atalanta,1,4,A
29/09/2019,12:30,Napoli,Brescia,2,1,H
29/09/2019,15:00,Lazio,Genoa,4,0,H
29/09/2019,,Lecce,AS Roma,0,1,A
29/09/2019,,Udinese,Bologna,1,0,H
29/09/2019,18:00,Cagliari,Hellas Verona,1,1,D
29/09/2019,20:45,AC Milan,Fiorentina,1,3,A
30/09/2019,20:45,Parma,Torino,3,2,H
05/10/2019,15:00,SPAL,Parma,1,0,H
05/10/2019,18:00,Hellas Verona,Sampdoria,2,0,H
05/10/2019,20:45,Genoa,AC Milan,1,2,A
06/10/2019,12:30,Fiorentina,Udinese,1,0,H
06/10/2019,15:00,Atalanta,Lecce,3,1,H
06/10/2019,,Bologna,Lazio,2,2,D
06/10/2019,,AS Roma,Cagliari,1,1,D
06/10/2019,18:00,Torino,Napoli,0,0,D
06/10/2019,20:45,Inter,Juventus,1,2,A
18/12/2019,20:45,Brescia,Sassuolo,0,2,A
19/10/2019,15:00,Lazio,Atalanta,3,3,D
19/10/2019,18:00,Napoli,Hellas Verona,2,0,H
19/10/2019,20:45,Juventus,Bologna,2,1,H
20/10/2019,12:30,Sassuolo,Inter,3,4,A
20/10/2019,15:00,Cagliari,SPAL,2,0,H
20/10/2019,,Sampdoria,AS Roma,0,0,D
20/10/2019,,Udinese,Torino,1,0,H
20/10/2019,18:00,Parma,Genoa,5,1,H
20/10/2019,20:45,AC Milan,Lecce,2,2,D
21/10/2019,21:00,Brescia,Fiorentina,0,0,D
25/10/2019,20:45,Hellas Verona,Sassuolo,0,1,A
26/10/2019,15:00,Lecce,Juventus,1,1,D
26/10/2019,18:00,Inter,Parma,2,2,D
26/10/2019,20:45,Genoa,Brescia,3,1,H
27/10/2019,12:30,Bologna,Sampdoria,2,1,H
27/10/2019,15:00,Atalanta,Udinese,7,1,H
27/10/2019,,SPAL,Napoli,1,1,D
27/10/2019,,Torino,Cagliari,1,1,D
27/10/2019,18:00,AS Roma,AC Milan,2,1,H
27/10/2019,20:45,Fiorentina,Lazio,1,2,A
29/10/2019,19:00,Parma,Hellas Verona,0,1,A
29/10/2019,21:00,Brescia,Inter,1,2,A
30/10/2019,19:00,Napoli,Atalanta,2,2,D
30/10/2019,21:00,Cagliari,Bologna,3,2,H
30/10/2019,,Juventus,Genoa,2,1,H
30/10/2019,,Lazio,Torino,4,0,H
30/10/2019,,Sampdoria,Lecce,1,1,D
30/10/2019,,Sassuolo,Fiorentina,1,2,A
30/10/2019,,Udinese,AS Roma,0,4,A
31/10/2019,21:00,AC Milan,SPAL,1,0,H
02/11/2019,15:00,AS Roma,Napoli,2,1,H
02/11/2019,18:00,Bologna,Inter,1,2,A
02/11/2019,20:45,Torino,Juventus,0,1,A
03/11/2019,12:30,Atalanta,Cagliari,0,2,A
03/11/2019,15:00,Genoa,Udinese,1,3,A
03/11/2019,,Hellas Verona,Brescia,2,1,H
03/11/2019,,Lecce,Sassuolo,2,2,D
03/11/2019,18:00,Fiorentina,Parma,1,1,D
03/11/2019,20:45,AC Milan,Lazio,1,2,A
04/11/2019,20:45,SPAL,Sampdoria,0,1,A
08/11/2019,20:45,Sassuolo,Bologna,3,1,H
09/11/2019,15:00,Brescia,Torino,0,4,A
09/11/2019,18:00,Inter,Hellas Verona,2,1,H
09/11/2019,20:45,Napoli,Genoa,0,0,D
10/11/2019,12:30,Cagliari,Fiorentina,5,2,H
10/11/2019,15:00,Lazio,Lecce,4,2,H
10/11/2019,,Sampdoria,Atalanta,0,0,D
10/11/2019,,Udinese,SPAL,0,0,D
10/11/2019,18:00,Parma,AS Roma,2,0,H
10/11/2019,20:45,Juventus,AC Milan,1,0,H
23/11/2019,15:00,Atalanta,Juventus,1,3,A
23/11/2019,18:00,AC Milan,Napoli,1,1,D
23/11/2019,20:45,Torino,Inter,0,3,A
24/11/2019,12:30,Bologna,Parma,2,2,D
24/11/2019,15:00,Hellas Verona,Fiorentina,1,0,H
24/11/2019,,AS Roma,Brescia,3,0,H
24/11/2019,,Sassuolo,Lazio,1,2,A
24/11/2019,18:00,Sampdoria,Udinese,2,1,H
25/11/2019,15:00,Lecce,Cagliari,2,2,D
25/11/2019,20:45,SPAL,Genoa,1,1,D
30/11/2019,15:00,Brescia,Atalanta,0,3,A
30/11/2019,18:00,Genoa,Torino,0,1,A
30/11/2019,20:45,Fiorentina,Lecce,0,1,A
01/12/2019,12:30,Juventus,Sassuolo,2,2,D
01/12/2019,15:00,Inter,SPAL,2,1,H
01/12/2019,,Lazio,Udinese,3,0,H
01/12/2019,,Parma,AC Milan,0,1,A
01/12/2019,18:00,Napoli,Bologna,1,2,A
01/12/2019,20:45,Hellas Verona,AS Roma,1,3,A
02/12/2019,20:45,Cagliari,Sampdoria,4,3,H
06/12/2019,20:45,Inter,AS Roma,0,0,D
07/12/2019,15:00,Atalanta,Hellas Verona,3,2,H
07/12/2019,18:00,Udinese,Napoli,1,1,D
07/12/2019,20:45,Lazio,Juventus,3,1,H
08/12/2019,12:30,Lecce,Genoa,2,2,D
08/12/2019,15:00,Sassuolo,Cagliari,2,2,D
08/12/2019,,SPAL,Brescia,0,1,A
08/12/2019,,Torino,Fiorentina,2,1,H
08/12/2019,18:00,Sampdoria,Parma,0,1,A
08/12/2019,20:45,Bologna,AC Milan,2,3,A
14/12/2019,15:00,Brescia,Lecce,3,0,H
14/12/2019,18:30,Napoli,Parma,1,2,A
14/12/2019,20:45,Genoa,Sampdoria,0,1,A
15/12/2019,12:30,Hellas Verona,Torino,3,3,D
15/12/2019,15:00,Bologna,Atalanta,2,1,H
15/12/2019,,Juventus,Udinese,3,1,H
15/12/2019,,AC Milan,Sassuolo,0,0,D
15/12/2019,18:00,AS Roma,SPAL,3,1,H
15/12/2019,20:45,Fiorentina,Inter,1,1,D
16/12/2019,20:45,Cagliari,Lazio,1,2,A
18/12/2019,18:55,Sampdoria,Juventus,1,2,A
20/12/2019,20:45,Fiorentina,AS Roma,1,4,A
21/12/2019,15:00,Udinese,Cagliari,2,1,H
21/12/2019,18:00,Inter,Genoa,4,0,H
21/12/2019,20:45,Torino,SPAL,1,2,A
22/12/2019,12:30,Atalanta,AC Milan,5,0,H
22/12/2019,15:00,Lecce,Bologna,2,3,A
22/12/2019,,Parma,Brescia,1,1,D
22/12/2019,20:45,Sassuolo,Napoli,1,2,A
05/02/2020,20:45,Lazio,Hellas Verona,0,0,D
05/01/2020,12:30,Brescia,Lazio,1,2,A
05/01/2020,15:00,SPAL,Hellas Verona,0,2,A
05/01/2020,18:00,Genoa,Sassuolo,2,1,H
05/01/2020,20:45,AS Roma,Torino,0,2,A
06/01/2020,12:30,Bologna,Fiorentina,1,1,D
06/01/2020,15:00,Atalanta,Parma,5,0,H
06/01/2020,,Juventus,Cagliari,4,0,H
06/01/2020,,AC Milan,Sampdoria,0,0,D
06/01/2020,18:00,Lecce,Udinese,0,1,A
06/01/2020,20:45,Napoli,Inter,1,3,A
11/01/2020,15:00,Cagliari,AC Milan,0,2,A
11/01/2020,18:00,Lazio,Napoli,1,0,H
11/01/2020,20:45,Inter,Atalanta,1,1,D
12/01/2020,12:30,Udinese,Sassuolo,3,0,H
12/01/2020,15:00,Fiorentina,SPAL,1,0,H
12/01/2020,,Sampdoria,Brescia,5,1,H
12/01/2020,,Torino,Bologna,1,0,H
12/01/2020,18:15,Hellas Verona,Genoa,2,1,H
12/01/2020,20:45,AS Roma,Juventus,1,2,A
13/01/2020,20:45,Parma,Lecce,2,0,H
18/01/2020,15:00,Lazio,Sampdoria,5,1,H
18/01/2020,18:00,Sassuolo,Torino,2,1,H
18/01/2020,20:45,Napoli,Fiorentina,0,2,A
19/01/2020,12:30,AC Milan,Udinese,3,2,H
19/01/2020,15:00,Brescia,Cagliari,2,2,D
19/01/2020,,Bologna,Hellas Verona,1,1,D
19/01/2020,,Lecce,Inter,1,1,D
19/01/2020,18:00,Genoa,AS Roma,1,3,A
19/01/2020,20:45,Juventus,Parma,2,1,H
20/01/2020,20:45,Atalanta,SPAL,1,2,A
24/01/2020,20:45,Brescia,AC Milan,0,1,A
25/01/2020,15:00,SPAL,Bologna,1,3,A
25/01/2020,18:00,Fiorentina,Genoa,0,0,D
25/01/2020,20:45,Torino,Atalanta,0,7,A
26/01/2020,12:30,Inter,Cagliari,1,1,D
26/01/2020,15:00,Hellas Verona,Lecce,3,0,H
26/01/2020,,Sampdoria,Sassuolo,0,0,D
26/01/2020,,Parma,Udinese,2,0,H
26/01/2020,18:00,AS Roma,Lazio,1,1,D
26/01/2020,20:45,Napoli,Juventus,2,1,H
01/02/2020,15:00,Bologna,Brescia,2,1,H
01/02/2020,18:00,Cagliari,Parma,2,2,D
01/02/2020,20:45,Sassuolo,AS Roma,4,2,H
02/02/2020,12:30,Juventus,Fiorentina,3,0,H
02/02/2020,15:00,Atalanta,Genoa,2,2,D
02/02/2020,,AC Milan,Hellas Verona,1,1,D
02/02/2020,,Lazio,SPAL,5,1,H
02/02/2020,18:00,Lecce,Torino,4,0,H
02/02/2020,20:45,Udinese,Inter,0,2,A
03/02/2020,20:45,Sampdoria,Napoli,2,4,A
07/02/2020,20:45,AS Roma,Bologna,2,3,A
08/02/2020,15:00,Fiorentina,Atalanta,1,2,A
08/02/2020,18:00,Torino,Sampdoria,1,3,A
08/02/2020,20:45,Hellas Verona,Juventus,2,1,H
09/02/2020,12:30,SPAL,Sassuolo,1,2,A
09/02/2020,15:00,Genoa,Cagliari,1,0,H
09/02/2020,,Napoli,Lecce,2,3,A
09/02/2020,,Brescia,Udinese,1,1,D
09/02/2020,18:00,Parma,Lazio,0,1,A
09/02/2020,20:45,Inter,AC Milan,4,2,H
15/02/2020,15:00,Lecce,SPAL,2,1,H
15/02/2020,18:00,Bologna,Genoa,0,3,A
15/02/2020,20:45,Atalanta,AS Roma,2,1,H
16/02/2020,12:30,Udinese,Hellas Verona,0,0,D
16/02/2020,15:00,Juventus,Brescia,2,0,H
16/02/2020,,Sampdoria,Fiorentina,1,5,A
16/02/2020,,Sassuolo,Parma,0,1,A
16/02/2020,18:00,Cagliari,Napoli,0,1,A
16/02/2020,20:45,Lazio,Inter,2,1,H
17/02/2020,20:45,AC Milan,Torino,1,0,H
21/02/2020,20:45,Brescia,Napoli,1,2,A
22/02/2020,15:00,Bologna,Udinese,1,1,D
22/02/2020,18:00,SPAL,Juventus,1,2,A
22/02/2020,20:45,Fiorentina,AC Milan,1,1,D
23/02/2020,12:30,Genoa,Lazio,2,3,A
23/02/2020,18:00,AS Roma,Lecce,4,0,H
20/06/2020,19:30,Torino,Parma,1,1,D
20/06/2020,21:45,Hellas Verona,Cagliari,2,1,H
21/06/2020,19:30,Atalanta,Sassuolo,4,1,H
21/06/2020,21:45,Inter,Sampdoria,2,1,H
29/02/2020,15:00,Lazio,Bologna,2,0,H
29/02/2020,20:45,Napoli,Torino,2,1,H
01/03/2020,15:00,Lecce,Atalanta,2,7,A
01/03/2020,18:00,Cagliari,AS Roma,3,4,A
08/03/2020,13:45,Parma,SPAL,0,1,A
08/03/2020,15:00,AC Milan,Genoa,1,2,A
08/03/2020,,Sampdoria,Hellas Verona,2,1,H
08/03/2020,18:00,Udinese,Fiorentina,0,0,D
08/03/2020,20:45,Juventus,Inter,2,0,H
09/03/2020,18:30,Sassuolo,Brescia,3,0,H
22/06/2020,19:30,Fiorentina,Brescia,1,1,D
22/06/2020,,Lecce,AC Milan,1,4,A
22/06/2020,21:45,Bologna,Juventus,0,2,A
23/06/2020,19:30,SPAL,Cagliari,0,1,A
23/06/2020,,Hellas Verona,Napoli,0,2,A
23/06/2020,21:45,Genoa,Parma,1,4,A
23/06/2020,,Torino,Udinese,1,0,H
24/06/2020,19:30,Inter,Sassuolo,3,3,D
24/06/2020,21:45,Atalanta,Lazio,3,2,H
24/06/2020,,AS Roma,Sampdoria,2,1,H
26/06/2020,21:45,Juventus,Lecce,4,0,H
27/06/2020,17:15,Brescia,Genoa,2,2,D
27/06/2020,19:30,Cagliari,Torino,4,2,H
27/06/2020,21:45,Lazio,Fiorentina,2,1,H
28/06/2020,17:15,AC Milan,AS Roma,2,0,H
28/06/2020,19:30,Udinese,Atalanta,2,3,A
28/06/2020,,Sampdoria,Bologna,1,2,A
28/06/2020,,Sassuolo,Hellas Verona,3,3,D
28/06/2020,,Napoli,SPAL,3,1,H
28/06/2020,21:45,Parma,Inter,1,2,A
30/06/2020,19:30,Torino,Lazio,1,2,A
30/06/2020,21:45,Genoa,Juventus,1,3,A
01/07/2020,19:30,Inter,Brescia,6,0,H
01/07/2020,,Bologna,Cagliari,1,1,D
01/07/2020,21:45,SPAL,AC Milan,2,2,D
01/07/2020,,Hellas Verona,Parma,3,2,H
01/07/2020,,Lecce,Sampdoria,1,2,A
01/07/2020,,Fiorentina,Sassuolo,1,3,A
02/07/2020,19:30,Atalanta,Napoli,2,0,H
02/07/2020,21:45,AS Roma,Udinese,0,2,A
04/07/2020,17:15,Juventus,Torino,4,1,H
04/07/2020,19:30,Sassuolo,Lecce,4,2,H
04/07/2020,21:45,Lazio,AC Milan,0,3,A
05/07/2020,17:15,Inter,Bologna,1,2,A
05/07/2020,19:30,Cagliari,Atalanta,0,1,A
05/07/2020,,Parma,Fiorentina,1,2,A
05/07/2020,,Udinese,Genoa,2,2,D
05/07/2020,,Brescia,Hellas Verona,2,0,H
05/07/2020,,Sampdoria,SPAL,3,0,H
05/07/2020,21:45,Napoli,AS Roma,2,1,H
07/07/2020,19:30,Lecce,Lazio,2,1,H
07/07/2020,21:45,AC Milan,Juventus,4,2,H
08/07/2020,19:30,Fiorentina,Cagliari,0,0,D
08/07/2020,,Genoa,Napoli,1,2,A
08/07/2020,21:45,Torino,Brescia,3,1,H
08/07/2020,,AS Roma,Parma,2,1,H
08/07/2020,,Atalanta,Sampdoria,2,0,H
08/07/2020,,Bologna,Sassuolo,1,2,A
09/07/2020,19:30,SPAL,Udinese,0,3,A
09/07/2020,21:45,Hellas Verona,Inter,2,2,D
11/07/2020,17:15,Lazio,Sassuolo,1,2,A
11/07/2020,19:30,Brescia,AS Roma,0,3,A
11/07/2020,21:45,Juventus,Atalanta,2,2,D
12/07/2020,17:15,Genoa,SPAL,2,0,H
12/07/2020,19:30,Parma,Bologna,2,2,D
12/07/2020,,Fiorentina,Hellas Verona,1,1,D
12/07/2020,,Cagliari,Lecce,0,0,D
12/07/2020,,Udinese,Sampdoria,1,3,A
12/07/2020,21:45,Napoli,AC Milan,2,2,D
13/07/2020,21:45,Inter,Torino,3,1,H
14/07/2020,21:45,Atalanta,Brescia,6,2,H
15/07/2020,19:30,Sampdoria,Cagliari,3,0,H
15/07/2020,,Bologna,Napoli,1,1,D
15/07/2020,,AC Milan,Parma,3,1,H
15/07/2020,21:45,Lecce,Fiorentina,1,3,A
15/07/2020,,AS Roma,Hellas Verona,2,1,H
15/07/2020,,Sassuolo,Juventus,3,3,D
15/07/2020,,Udinese,Lazio,0,0,D
16/07/2020,19:30,Torino,Genoa,3,0,H
16/07/2020,21:45,SPAL,Inter,0,4,A
18/07/2020,17:15,Hellas Verona,Atalanta,1,1,D
18/07/2020,19:30,Cagliari,Sassuolo,1,1,D
18/07/2020,21:45,AC Milan,Bologna,5,1,H
19/07/2020,17:15,Parma,Sampdoria,2,3,A
19/07/2020,19:30,Genoa,Lecce,2,1,H
19/07/2020,,Brescia,SPAL,2,1,H
19/07/2020,,Fiorentina,Torino,2,0,H
19/07/2020,,Napoli,Udinese,2,1,H
19/07/2020,21:45,AS Roma,Inter,2,2,D
20/07/2020,21:45,Juventus,Lazio,2,1,H
21/07/2020,19:30,Atalanta,Bologna,1,0,H
21/07/2020,21:45,Sassuolo,AC Milan,1,2,A
22/07/2020,19:30,Parma,Napoli,2,1,H
22/07/2020,21:45,Lecce,Brescia,3,1,H
22/07/2020,,Inter,Fiorentina,0,0,D
22/07/2020,,Sampdoria,Genoa,1,2,A
22/07/2020,,Torino,Hellas Verona,1,1,D
22/07/2020,,SPAL,AS Roma,1,6,A
23/07/2020,19:30,Udinese,Juventus,2,1,H
23/07/2020,21:45,Lazio,Cagliari,2,1,H
24/07/2020,21:45,AC Milan,Atalanta,1,1,D
25/07/2020,17:15,Brescia,Parma,1,2,A
25/07/2020,19:30,Genoa,Inter,0,3,A
25/07/2020,21:45,Napoli,Sassuolo,2,0,H
26/07/2020,17:15,Bologna,Lecce,3,2,H
26/07/2020,19:30,AS Roma,Fiorentina,2,1,H
26/07/2020,,Hellas Verona,Lazio,1,5,A
26/07/2020,,SPAL,Torino,1,1,D
26/07/2020,,Cagliari,Udinese,0,1,A
26/07/2020,21:45,Juventus,Sampdoria,2,0,H
28/07/2020,19:30,Parma,Atalanta,1,2,A
28/07/2020,21:45,Inter,Napoli,2,0,H
29/07/2020,19:30,Lazio,Brescia,2,0,H
29/07/2020,,Sassuolo,Genoa,5,0,H
29/07/2020,,Udinese,Lecce,1,2,A
29/07/2020,,Sampdoria,AC Milan,1,4,A
29/07/2020,,Hellas Verona,SPAL,3,0,H
29/07/2020,21:45,Fiorentina,Bologna,4,0,H
29/07/2020,,Cagliari,Juventus,2,0,H
29/07/2020,,Torino,AS Roma,2,3,A
01/08/2019,18:00,Brescia,Sampdoria,1,1,D
01/08/2019,20:45,AC Milan,Cagliari,3,0,H
01/08/2019,,Atalanta,Inter,0,2,A
01/08/2019,,Napoli,Lazio,3,1,H
01/08/2019,,Juventus,AS Roma,1,3,A
02/08/2019,18:00,SPAL,Fiorentina,1,3,A
02/08/2019,20:45,Genoa,Hellas Verona,3,0,H
02/08/2019,,Lecce,Parma,3,4,A
02/08/2019,,Bologna,Torino,1,1,D
02/08/2019,,Sassuolo,Udinese,0,1,A
19/09/2020,18:00,Fiorentina,Torino,1,0,H
19/09/2020,20:45,Hellas Verona,AS Roma,3,0,H
20/09/2020,12:30,Parma,Napoli,0,2,A
20/09/2020,15:00,Genoa,Crotone,4,1,H
20/09/2020,18:00,Sassuolo,Cagliari,1,1,D
20/09/2020,20:45,Juventus,Sampdoria,3,0,H
21/09/2020,20:45,AC Milan,Bologna,2,0,H
26/09/2020,15:00,Torino,Atalanta,2,4,A
26/09/2020,18:00,Sampdoria,Benevento,2,3,A
26/09/2020,,Cagliari,Lazio,0,2,A
26/09/2020,20:45,Inter,Fiorentina,4,3,H
27/09/2020,12:30,Spezia,Sassuolo,1,4,A
27/09/2020,15:00,Hellas Verona,Udinese,1,0,H
27/09/2020,18:00,Napoli,Genoa,6,0,H
27/09/2020,,Crotone,AC Milan,0,2,A
27/09/2020,20:45,AS Roma,Juventus,2,2,D
28/09/2020,20:45,Bologna,Parma,4,1,H
30/09/2020,18:00,Udinese,Spezia,0,2,A
30/09/2020,,Benevento,Inter,2,5,A
30/09/2020,20:45,Lazio,Atalanta,1,4,A
02/10/2020,20:45,Fiorentina,Sampdoria,1,2,A
03/10/2020,15:00,Sassuolo,Crotone,4,1,H
03/10/2020,20:45,Udinese,AS Roma,0,1,A
04/10/2020,12:30,Atalanta,Cagliari,5,2,H
04/10/2020,15:00,Lazio,Inter,1,1,D
04/10/2020,,Parma,Hellas Verona,1,0,H
04/10/2020,,Benevento,Bologna,1,0,H
04/10/2020,18:00,AC Milan,Spezia,3,0,H
17/10/2020,15:00,Napoli,Atalanta,4,1,H
17/10/2020,18:00,Inter,AC Milan,1,2,A
17/10/2020,,Sampdoria,Lazio,3,0,H
17/10/2020,20:45,Crotone,Juventus,1,1,D
18/10/2020,12:30,Bologna,Sassuolo,3,4,A
18/10/2020,15:00,Torino,Cagliari,2,3,A
18/10/2020,,Spezia,Fiorentina,2,2,D
18/10/2020,18:00,Udinese,Parma,3,2,H
18/10/2020,20:45,AS Roma,Benevento,5,2,H
19/10/2020,20:45,Hellas Verona,Genoa,0,0,D
23/10/2020,20:45,Sassuolo,Torino,3,3,D
24/10/2020,15:00,Atalanta,Sampdoria,1,3,A
24/10/2020,18:00,Genoa,Inter,0,2,A
24/10/2020,20:45,Lazio,Bologna,2,1,H
25/10/2020,12:30,Cagliari,Crotone,4,2,H
25/10/2020,15:00,Parma,Spezia,2,2,D
25/10/2020,,Benevento,Napoli,1,2,A
25/10/2020,18:00,Fiorentina,Udinese,3,2,H
25/10/2020,20:45,Juventus,Hellas Verona,1,1,D
26/10/2020,20:45,AC Milan,AS Roma,3,3,D
31/10/2020,15:00,Crotone,Atalanta,1,2,A
31/10/2020,18:00,Inter,Parma,2,2,D
31/10/2020,20:45,Bologna,Cagliari,3,2,H
01/11/2020,12:30,Udinese,AC Milan,1,2,A
01/11/2020,15:00,Torino,Lazio,3,4,A
01/11/2020,,Spezia,Juventus,1,4,A
01/11/2020,18:00,Napoli,Sassuolo,0,2,A
01/11/2020,,AS Roma,Fiorentina,2,0,H
01/11/2020,20:45,Sampdoria,Genoa,1,1,D
02/11/2020,20:45,Hellas Verona,Benevento,3,1,H
04/11/2020,17:00,Genoa,Torino,1,2,A
06/11/2020,20:45,Sassuolo,Udinese,0,0,D
07/11/2020,15:00,Cagliari,Sampdoria,2,0,H
07/11/2020,18:00,Benevento,Spezia,0,3,A
07/11/2020,20:45,Parma,Fiorentina,0,0,D
08/11/2020,12:30,Lazio,Juventus,1,1,D
08/11/2020,15:00,Atalanta,Inter,1,1,D
08/11/2020,,Torino,Crotone,0,0,D
08/11/2020,,Genoa,AS Roma,1,3,A
08/11/2020,18:00,Bologna,Napoli,0,1,A
08/11/2020,20:45,AC Milan,Hellas Verona,2,2,D
21/11/2020,15:00,Crotone,Lazio,0,2,A
21/11/2020,18:00,Spezia,Atalanta,0,0,D
21/11/2020,20:45,Juventus,Cagliari,2,0,H
22/11/2020,12:30,Fiorentina,Benevento,0,1,A
22/11/2020,15:00,Inter,Torino,4,2,H
22/11/2020,,AS Roma,Parma,3,0,H
22/11/2020,,Sampdoria,Bologna,1,2,A
22/11/2020,,Hellas Verona,Sassuolo,0,2,A
22/11/2020,18:00,Udinese,Genoa,1,0,H
22/11/2020,20:45,Napoli,AC Milan,1,3,A
28/11/2020,15:00,Sassuolo,Inter,0,3,A
28/11/2020,18:00,Benevento,Juventus,1,1,D
28/11/2020,20:45,Atalanta,Hellas Verona,0,2,A
29/11/2020,12:30,Lazio,Udinese,1,3,A
29/11/2020,15:00,AC Milan,Fiorentina,2,0,H
29/11/2020,,Bologna,Crotone,1,0,H
29/11/2020,18:00,Cagliari,Spezia,2,2,D
29/11/2020,20:45,Napoli,AS Roma,4,0,H
30/11/2020,18:30,Torino,Sampdoria,2,2,D
30/11/2020,20:45,Genoa,Parma,1,2,A
05/12/2020,15:00,Spezia,Lazio,1,2,A
05/12/2020,18:00,Juventus,Torino,2,1,H
05/12/2020,20:45,Inter,Bologna,3,1,H
06/12/2020,12:30,Hellas Verona,Cagliari,1,1,D
06/12/2020,15:00,AS Roma,Sassuolo,0,0,D
06/12/2020,,Parma,Benevento,0,0,D
06/12/2020,18:00,Crotone,Napoli,0,4,A
06/12/2020,20:45,Sampdoria,AC Milan,1,2,A
07/12/2020,20:45,Fiorentina,Genoa,1,1,D
11/12/2020,20:45,Sassuolo,Benevento,1,0,H
12/12/2020,15:00,Crotone,Spezia,4,1,H
12/12/2020,18:00,Torino,Udinese,2,3,A
12/12/2020,20:45,Lazio,Hellas Verona,1,2,A
13/12/2020,12:45,Cagliari,Inter,1,3,A
13/12/2020,15:00,Napoli,Sampdoria,2,1,H
13/12/2020,,Atalanta,Fiorentina,3,0,H
13/12/2020,,Bologna,AS Roma,1,5,A
13/12/2020,18:00,Genoa,Juventus,1,3,A
13/12/2020,20:45,AC Milan,Parma,2,2,D
15/12/2020,18:30,Udinese,Crotone,0,0,D
15/12/2020,20:45,Benevento,Lazio,1,1,D
16/12/2020,18:30,Juventus,Atalanta,1,1,D
16/12/2020,20:45,Inter,Napoli,1,0,H
16/12/2020,,Fiorentina,Sassuolo,1,1,D
16/12/2020,,Parma,Cagliari,0,0,D
16/12/2020,,Genoa,AC Milan,2,2,D
16/12/2020,,Spezia,Bologna,2,2,D
16/12/2020,,Hellas Verona,Sampdoria,1,2,A
17/12/2020,20:45,AS Roma,Torino,3,1,H
19/12/2020,15:00,Fiorentina,Hellas Verona,1,1,D
19/12/2020,18:00,Sampdoria,Crotone,3,1,H
19/12/2020,20:45,Parma,Juventus,0,4,A
20/12/2020,12:30,Torino,Bologna,1,1,D
20/12/2020,15:00,Inter,Spezia,2,1,H
20/12/2020,,Cagliari,Udinese,1,1,D
20/12/2020,,Sassuolo,AC Milan,1,2,A
20/12/2020,,Benevento,Genoa,2,0,H
20/12/2020,18:00,Atalanta,AS Roma,4,1,H
20/12/2020,20:45,Lazio,Napoli,2,0,H
22/12/2020,18:30,Crotone,Parma,2,1,H
22/12/2020,20:45,Juventus,Fiorentina,0,3,A
23/12/2020,18:30,Hellas Verona,Inter,1,2,A
23/12/2020,20:45,Napoli,Torino,1,1,D
23/12/2020,,AS Roma,Cagliari,3,2,H
23/12/2020,,AC Milan,Lazio,3,2,H
23/12/2020,,Udinese,Benevento,0,2,A
23/12/2020,,Sampdoria,Sassuolo,2,3,A
23/12/2020,,Bologna,Atalanta,2,2,D
23/12/2020,,Spezia,Genoa,1,2,A
03/01/2021,12:30,Inter,Crotone,6,2,H
03/01/2021,15:00,Fiorentina,Bologna,0,0,D
03/01/2021,,AS Roma,Sampdoria,1,0,H
03/01/2021,,Parma,Torino,0,3,A
03/01/2021,,Atalanta,Sassuolo,5,1,H
03/01/2021,,Cagliari,Napoli,1,4,A
03/01/2021,,Genoa,Lazio,1,1,D
03/01/2021,,Spezia,Hellas Verona,0,1,A
03/01/2021,18:00,Benevento,AC Milan,0,2,A
03/01/2021,20:45,Juventus,Udinese,4,1,H
06/01/2021,12:30,Cagliari,Benevento,1,2,A
06/01/2021,15:00,Lazio,Fiorentina,2,1,H
06/01/2021,,Sampdoria,Inter,2,1,H
06/01/2021,,Torino,Hellas Verona,1,1,D
06/01/2021,,Bologna,Udinese,2,2,D
06/01/2021,,Sassuolo,Genoa,2,1,H
06/01/2021,,Crotone,AS Roma,1,3,A
06/01/2021,15:05,Atalanta,Parma,3,0,H
06/01/2021,18:00,Napoli,Spezia,1,2,A
06/01/2021,20:45,AC Milan,Juventus,1,3,A
09/01/2021,15:00,Benevento,Atalanta,1,4,A
09/01/2021,18:00,Genoa,Bologna,2,0,H
09/01/2021,20:45,AC Milan,Torino,2,0,H
10/01/2021,12:30,AS Roma,Inter,2,2,D
10/01/2021,15:00,Parma,Lazio,0,2,A
10/01/2021,,Udinese,Napoli,1,2,A
10/01/2021,,Hellas Verona,Crotone,2,1,H
10/01/2021,18:05,Fiorentina,Cagliari,1,0,H
10/01/2021,20:45,Juventus,Sassuolo,3,1,H
11/01/2021,20:45,Spezia,Sampdoria,2,1,H
15/01/2021,20:45,Lazio,AS Roma,3,0,H
16/01/2021,15:00,Bologna,Hellas Verona,1,0,H
16/01/2021,18:00,Torino,Spezia,0,0,D
16/01/2021,20:45,Sampdoria,Udinese,2,1,H
17/01/2021,12:30,Napoli,Fiorentina,6,0,H
17/01/2021,15:00,Sassuolo,Parma,1,1,D
17/01/2021,,Crotone,Benevento,4,1,H
17/01/2021,18:00,Atalanta,Genoa,0,0,D
17/01/2021,20:45,Inter,Juventus,2,0,H
18/01/2021,20:45,Cagliari,AC Milan,0,2,A
20/01/2021,15:00,Udinese,Atalanta,1,1,D
22/01/2021,20:45,Benevento,Torino,2,2,D
23/01/2021,15:00,AS Roma,Spezia,4,3,H
23/01/2021,18:00,AC Milan,Atalanta,0,3,A
23/01/2021,,Udinese,Inter,0,0,D
23/01/2021,20:50,Fiorentina,Crotone,2,1,H
24/01/2021,12:30,Juventus,Bologna,2,0,H
24/01/2021,15:00,Genoa,Cagliari,1,0,H
24/01/2021,,Hellas Verona,Napoli,3,1,H
24/01/2021,18:00,Lazio,Sassuolo,2,1,H
24/01/2021,20:45,Parma,Sampdoria,0,2,A
29/01/2021,20:50,Torino,Fiorentina,1,1,D
30/01/2021,15:00,Bologna,AC Milan,1,2,A
30/01/2021,18:00,Sampdoria,Juventus,0,2,A
30/01/2021,20:45,Inter,Benevento,4,0,H
31/01/2021,12:30,Spezia,Udinese,0,1,A
31/01/2021,15:00,Atalanta,Lazio,1,3,A
31/01/2021,,Cagliari,Sassuolo,1,1,D
31/01/2021,,Crotone,Genoa,0,3,A
31/01/2021,18:00,Napoli,Parma,2,0,H
31/01/2021,20:45,AS Roma,Hellas Verona,3,1,H
05/02/2021,20:45,Fiorentina,Inter,0,2,A
06/02/2021,15:00,Atalanta,Torino,3,3,D
06/02/2021,,Sassuolo,Spezia,1,2,A
06/02/2021,18:00,Juventus,AS Roma,2,0,H
06/02/2021,20:45,Genoa,Napoli,2,1,H
07/02/2021,12:30,Benevento,Sampdoria,1,1,D
07/02/2021,15:00,AC Milan,Crotone,4,0,H
07/02/2021,,Udinese,Hellas Verona,2,0,H
07/02/2021,18:00,Parma,Bologna,0,3,A
07/02/2021,20:45,Lazio,Cagliari,1,0,H
12/02/2021,20:50,Bologna,Benevento,1,1,D
13/02/2021,15:00,Torino,Genoa,0,0,D
13/02/2021,18:00,Napoli,Juventus,1,0,H
13/02/2021,20:45,Spezia,AC Milan,2,0,H
14/02/2021,12:30,AS Roma,Udinese,3,0,H
14/02/2021,15:00,Sampdoria,Fiorentina,2,1,H
14/02/2021,,Cagliari,Atalanta,0,1,A
14/02/2021,18:00,Crotone,Sassuolo,1,2,A
14/02/2021,20:45,Inter,Lazio,3,1,H
15/02/2021,20:50,Hellas Verona,Parma,2,1,H
19/02/2021,18:30,Fiorentina,Spezia,3,0,H
19/02/2021,20:45,Cagliari,Torino,0,1,A
20/02/2021,15:00,Lazio,Sampdoria,1,0,H
20/02/2021,18:00,Genoa,Hellas Verona,2,2,D
20/02/2021,20:45,Sassuolo,Bologna,1,1,D
21/02/2021,12:30,Parma,Udinese,2,2,D
21/02/2021,15:00,AC Milan,Inter,0,3,A
21/02/2021,18:00,Atalanta,Napoli,4,2,H
21/02/2021,20:50,Benevento,AS Roma,0,0,D
22/02/2021,20:45,Juventus,Crotone,3,0,H
27/02/2021,15:00,Spezia,Parma,2,2,D
27/02/2021,18:00,Bologna,Lazio,2,0,H
27/02/2021,20:45,Hellas Verona,Juventus,1,1,D
28/02/2021,12:30,Sampdoria,Atalanta,0,2,A
28/02/2021,15:00,Inter,Genoa,3,0,H
28/02/2021,,Udinese,Fiorentina,1,0,H
28/02/2021,,Crotone,Cagliari,0,2,A
28/02/2021,18:00,Napoli,Benevento,2,0,H
28/02/2021,20:45,AS Roma,AC Milan,1,2,A
02/03/2021,20:45,Juventus,Spezia,3,0,H
03/03/2021,18:30,Sassuolo,Napoli,3,3,D
03/03/2021,20:45,Fiorentina,AS Roma,1,2,A
03/03/2021,,AC Milan,Udinese,1,1,D
03/03/2021,,Atalanta,Crotone,5,1,H
03/03/2021,,Cagliari,Bologna,1,0,H
03/03/2021,,Genoa,Sampdoria,1,1,D
03/03/2021,,Benevento,Hellas Verona,0,3,A
04/03/2021,20:45,Parma,Inter,1,2,A
06/03/2021,15:00,Spezia,Benevento,1,1,D
06/03/2021,18:00,Udinese,Sassuolo,2,0,H
06/03/2021,20:45,Juventus,Lazio,3,1,H
07/03/2021,12:30,AS Roma,Genoa,1,0,H
07/03/2021,15:00,Fiorentina,Parma,3,3,D
07/03/2021,,Hellas Verona,AC Milan,0,2,A
07/03/2021,,Crotone,Torino,4,2,H
07/03/2021,18:00,Sampdoria,Cagliari,2,2,D
07/03/2021,20:50,Napoli,Bologna,3,1,H
08/03/2021,20:45,Inter,Atalanta,1,0,H
12/03/2021,15:00,Lazio,Crotone,3,2,H
12/03/2021,20:45,Atalanta,Spezia,3,1,H
13/03/2021,15:00,Sassuolo,Hellas Verona,3,2,H
13/03/2021,18:00,Benevento,Fiorentina,1,4,A
13/03/2021,20:45,Genoa,Udinese,1,1,D
14/03/2021,12:30,Bologna,Sampdoria,3,1,H
14/03/2021,15:00,Parma,AS Roma,2,0,H
14/03/2021,,Torino,Inter,1,2,A
14/03/2021,18:00,Cagliari,Juventus,1,3,A
14/03/2021,20:45,AC Milan,Napoli,0,1,A
17/03/2021,15:05,Torino,Sassuolo,3,2,H
19/03/2021,20:45,Parma,Genoa,1,2,A
20/03/2021,15:00,Crotone,Bologna,2,3,A
20/03/2021,18:00,Spezia,Cagliari,2,1,H
21/03/2021,12:30,Hellas Verona,Atalanta,0,2,A
21/03/2021,15:00,Juventus,Benevento,0,1,A
21/03/2021,,Udinese,Lazio,0,1,A
21/03/2021,,Sampdoria,Torino,1,0,H
21/03/2021,18:00,Fiorentina,AC Milan,2,3,A
21/03/2021,20:45,AS Roma,Napoli,0,2,A
03/04/2021,12:30,AC Milan,Sampdoria,1,1,D
03/04/2021,15:00,Napoli,Crotone,4,3,H
03/04/2021,,Lazio,Spezia,2,1,H
03/04/2021,,Atalanta,Udinese,3,2,H
03/04/2021,,Cagliari,Hellas Verona,0,2,A
03/04/2021,,Genoa,Fiorentina,1,1,D
03/04/2021,,Sassuolo,AS Roma,2,2,D
03/04/2021,,Benevento,Parma,2,2,D
03/04/2021,18:00,Torino,Juventus,2,2,D
03/04/2021,20:45,Bologna,Inter,0,1,A
07/04/2021,18:45,Inter,Sassuolo,2,1,H
07/04/2021,18:45,Juventus,Napoli,2,1,H
10/04/2021,15:00,Spezia,Crotone,3,2,H
10/04/2021,18:00,Parma,AC Milan,1,3,A
10/04/2021,20:45,Udinese,Torino,0,1,A
11/04/2021,12:30,Inter,Cagliari,1,0,H
11/04/2021,15:00,Juventus,Genoa,3,1,H
11/04/2021,,Sampdoria,Napoli,0,2,A
11/04/2021,15:05,Hellas Verona,Lazio,0,1,A
11/04/2021,18:00,AS Roma,Bologna,1,0,H
11/04/2021,20:45,Fiorentina,Atalanta,2,3,A
12/04/2021,20:45,Benevento,Sassuolo,0,1,A
17/04/2021,15:00,Sampdoria,Hellas Verona,3,1,H
17/04/2021,,Crotone,Udinese,1,2,A
17/04/2021,18:00,Sassuolo,Fiorentina,3,1,H
17/04/2021,20:45,Cagliari,Parma,4,3,H
18/04/2021,12:30,AC Milan,Genoa,2,1,H
18/04/2021,15:00,Lazio,Benevento,5,3,H
18/04/2021,,Atalanta,Juventus,1,0,H
18/04/2021,,Bologna,Spezia,4,1,H
18/04/2021,18:00,Torino,AS Roma,3,1,H
18/04/2021,20:45,Napoli,Inter,1,1,D
20/04/2021,20:45,Hellas Verona,Fiorentina,1,2,A
21/04/2021,18:30,AC Milan,Sassuolo,1,2,A
21/04/2021,20:45,Juventus,Parma,3,1,H
21/04/2021,,Udinese,Cagliari,0,1,A
21/04/2021,,Bologna,Torino,1,1,D
21/04/2021,,Genoa,Benevento,2,2,D
21/04/2021,,Spezia,Inter,1,1,D
21/04/2021,,Crotone,Sampdoria,0,1,A
22/04/2021,18:30,AS Roma,Atalanta,1,1,D
22/04/2021,20:45,Napoli,Lazio,5,2,H
24/04/2021,15:00,Genoa,Spezia,2,0,H
24/04/2021,18:00,Parma,Crotone,3,4,A
24/04/2021,20:45,Sassuolo,Sampdoria,1,0,H
25/04/2021,12:30,Benevento,Udinese,2,4,A
25/04/2021,15:00,Inter,Hellas Verona,1,0,H
25/04/2021,,Fiorentina,Juventus,1,1,D
25/04/2021,18:00,Cagliari,AS Roma,3,2,H
25/04/2021,20:45,Atalanta,Bologna,5,0,H
26/04/2021,18:30,Torino,Napoli,0,2,A
26/04/2021,20:45,Lazio,AC Milan,3,0,H
01/05/2021,15:00,Hellas Verona,Spezia,1,1,D
01/05/2021,18:00,Crotone,Inter,0,2,A
01/05/2021,20:45,AC Milan,Benevento,2,0,H
02/05/2021,12:30,Lazio,Genoa,4,3,H
02/05/2021,15:00,Napoli,Cagliari,1,1,D
02/05/2021,,Bologna,Fiorentina,3,3,D
02/05/2021,,Sassuolo,Atalanta,1,1,D
02/05/2021,18:00,Udinese,Juventus,1,2,A
02/05/2021,20:45,Sampdoria,AS Roma,2,0,H
03/05/2021,20:45,Torino,Parma,1,0,H
08/05/2021,15:00,Udinese,Bologna,1,1,D
08/05/2021,,Spezia,Napoli,1,4,A
08/05/2021,18:05,Inter,Sampdoria,5,1,H
08/05/2021,20:45,Fiorentina,Lazio,2,0,H
09/05/2021,12:30,Genoa,Sassuolo,1,2,A
09/05/2021,15:00,Parma,Atalanta,2,5,A
09/05/2021,,Hellas Verona,Torino,1,1,D
09/05/2021,,Benevento,Cagliari,1,3,A
09/05/2021,18:00,AS Roma,Crotone,5,0,H
09/05/2021,20:45,Juventus,AC Milan,0,3,A
11/05/2021,20:45,Napoli,Udinese,5,1,H
12/05/2021,18:30,Cagliari,Fiorentina,0,0,D
12/05/2021,20:45,Lazio,Parma,1,0,H
12/05/2021,,Atalanta,Benevento,2,0,H
12/05/2021,,Sampdoria,Spezia,2,2,D
12/05/2021,,Torino,AC Milan,0,7,A
12/05/2021,,Bologna,Genoa,0,2,A
12/05/2021,,Sassuolo,Juventus,1,3,A
12/05/2021,20:50,Inter,AS Roma,3,1,H
13/05/2021,20:45,Crotone,Hellas Verona,2,1,H
15/05/2021,15:00,Genoa,Atalanta,3,4,A
15/05/2021,,Spezia,Torino,4,1,H
15/05/2021,18:00,Juventus,Inter,3,2,H
15/05/2021,20:45,AS Roma,Lazio,2,0,H
16/05/2021,12:35,Fiorentina,Napoli,0,2,A
16/05/2021,15:00,Udinese,Sampdoria,0,1,A
16/05/2021,,Benevento,Crotone,1,1,D
16/05/2021,18:00,Parma,Sassuolo,1,3,A
16/05/2021,20:45,AC Milan,Cagliari,0,0,D
17/05/2021,20:45,Hellas Verona,Bologna,2,2,D
18/05/2021,20:30,Lazio,Torino,0,0,D
22/05/2021,20:45,Sampdoria,Parma,3,0,H
22/05/2021,,Cagliari,Genoa,0,1,A
22/05/2021,,Crotone,Fiorentina,0,0,D
23/05/2021,15:00,Inter,Udinese,5,1,H
23/05/2021,20:45,Napoli,Hellas Verona,1,1,D
23/05/2021,,Atalanta,AC Milan,0,2,A
23/05/2021,,Torino,Benevento,1,1,D
23/05/2021,,Bologna,Juventus,1,4,A
23/05/2021,,Spezia,AS Roma,2,2,D
23/05/2021,,Sassuolo,Lazio,2,0,H
21/08/2021,18:30,Inter,Genoa,4,0,H
21/08/2021,,Hellas Verona,Sassuolo,2,3,A
21/08/2021,20:45,Torino,Atalanta,1,2,A
21/08/2021,,Empoli,Lazio,1,3,A
22/08/2021,18:30,Udinese,Juventus,2,2,D
22/08/2021,,Bologna,Salernitana,3,2,H
22/08/2021,20:45,AS Roma,Fiorentina,3,1,H
22/08/2021,,Napoli,Venezia,2,0,H
23/08/2021,18:30,Cagliari,Spezia,2,2,D
23/08/2021,20:45,Sampdoria,AC Milan,0,1,A
27/08/2021,18:30,Udinese,Venezia,3,0,H
27/08/2021,20:45,Hellas Verona,Inter,1,3,A
28/08/2021,18:30,Lazio,Spezia,6,1,H
28/08/2021,,Atalanta,Bologna,0,0,D
28/08/2021,20:45,Juventus,Empoli,0,1,A
28/08/2021,,Fiorentina,Torino,2,1,H
29/08/2021,18:30,Sassuolo,Sampdoria,0,0,D
29/08/2021,,Genoa,Napoli,1,2,A
29/08/2021,20:45,Salernitana,AS Roma,0,4,A
29/08/2021,,AC Milan,Cagliari,4,1,H
11/09/2021,15:00,Empoli,Venezia,1,2,A
11/09/2021,18:00,Napoli,Juventus,2,1,H
11/09/2021,20:45,Atalanta,Fiorentina,1,2,A
12/09/2021,12:30,Sampdoria,Inter,2,2,D
12/09/2021,15:00,Torino,Salernitana,4,0,H
12/09/2021,,Spezia,Udinese,0,1,A
12/09/2021,,Cagliari,Genoa,2,3,A
12/09/2021,18:00,AC Milan,Lazio,2,0,H
12/09/2021,20:45,AS Roma,Sassuolo,2,1,H
13/09/2021,20:45,Bologna,Hellas Verona,1,0,H
17/09/2021,20:45,Sassuolo,Torino,0,1,A
18/09/2021,15:00,Genoa,Fiorentina,1,2,A
18/09/2021,18:00,Inter,Bologna,6,1,H
18/09/2021,20:45,Salernitana,Atalanta,0,1,A
19/09/2021,12:30,Empoli,Sampdoria,0,3,A
19/09/2021,15:00,Venezia,Spezia,1,2,A
19/09/2021,18:00,Lazio,Cagliari,2,2,D
19/09/2021,,Hellas Verona,AS Roma,3,2,H
19/09/2021,20:45,Juventus,AC Milan,1,1,D
20/09/2021,20:45,Udinese,Napoli,0,4,A
21/09/2021,18:30,Bologna,Genoa,2,2,D
21/09/2021,20:45,Fiorentina,Inter,1,3,A
21/09/2021,,Atalanta,Sassuolo,2,1,H
22/09/2021,18:30,Spezia,Juventus,2,3,A
22/09/2021,,Salernitana,Hellas Verona,2,2,D
22/09/2021,20:45,AC Milan,Venezia,2,0,H
22/09/2021,,Cagliari,Empoli,0,2,A
23/09/2021,18:30,Torino,Lazio,1,1,D
23/09/2021,,Sampdoria,Napoli,0,4,A
23/09/2021,20:45,AS Roma,Udinese,1,0,H
25/09/2021,15:00,Spezia,AC Milan,1,2,A
25/09/2021,18:00,Inter,Atalanta,2,2,D
25/09/2021,20:45,Genoa,Hellas Verona,3,3,D
26/09/2021,12:30,Juventus,Sampdoria,3,2,H
26/09/2021,15:00,Empoli,Bologna,4,2,H
26/09/2021,,Udinese,Fiorentina,0,1,A
26/09/2021,,Sassuolo,Salernitana,1,0,H
26/09/2021,18:00,Lazio,AS Roma,3,2,H
26/09/2021,20:45,Napoli,Cagliari,2,0,H
27/09/2021,20:45,Venezia,Torino,1,1,D
01/10/2021,20:45,Cagliari,Venezia,1,1,D
02/10/2021,15:05,Salernitana,Genoa,1,0,H
02/10/2021,18:00,Torino,Juventus,0,1,A
02/10/2021,20:45,Sassuolo,Inter,1,2,A
03/10/2021,12:30,Bologna,Lazio,3,0,H
03/10/2021,15:00,Sampdoria,Udinese,3,3,D
03/10/2021,,Hellas Verona,Spezia,4,0,H
03/10/2021,18:00,AS Roma,Empoli,2,0,H
03/10/2021,18:05,Fiorentina,Napoli,1,2,A
03/10/2021,20:45,Atalanta,AC Milan,2,3,A
16/10/2021,15:00,Spezia,Salernitana,2,1,H
16/10/2021,18:00,Lazio,Inter,3,1,H
16/10/2021,20:50,AC Milan,Hellas Verona,3,2,H
17/10/2021,12:30,Cagliari,Sampdoria,3,1,H
17/10/2021,15:00,Udinese,Bologna,1,1,D
17/10/2021,,Genoa,Sassuolo,2,2,D
17/10/2021,,Empoli,Atalanta,1,4,A
17/10/2021,18:05,Napoli,Torino,1,0,H
17/10/2021,20:45,Juventus,AS Roma,1,0,H
18/10/2021,20:45,Venezia,Fiorentina,1,0,H
22/10/2021,18:35,Torino,Genoa,3,2,H
22/10/2021,20:45,Sampdoria,Spezia,2,1,H
23/10/2021,15:00,Salernitana,Empoli,2,4,A
23/10/2021,18:00,Sassuolo,Venezia,3,1,H
23/10/2021,20:45,Bologna,AC Milan,2,4,A
24/10/2021,12:30,Atalanta,Udinese,1,1,D
24/10/2021,15:00,Hellas Verona,Lazio,4,1,H
24/10/2021,,Fiorentina,Cagliari,3,0,H
24/10/2021,18:00,AS Roma,Napoli,0,0,D
24/10/2021,20:50,Inter,Juventus,1,1,D
26/10/2021,18:30,Venezia,Salernitana,1,2,A
26/10/2021,,Spezia,Genoa,1,1,D
26/10/2021,20:45,AC Milan,Torino,1,0,H
27/10/2021,18:30,Udinese,Hellas Verona,1,1,D
27/10/2021,,Juventus,Sassuolo,1,2,A
27/10/2021,18:35,Sampdoria,Atalanta,1,3,A
27/10/2021,20:45,Lazio,Fiorentina,1,0,H
27/10/2021,,Empoli,Inter,0,2,A
27/10/2021,,Cagliari,AS Roma,1,2,A
28/10/2021,20:45,Napoli,Bologna,3,0,H
30/10/2021,15:00,Atalanta,Lazio,2,2,D
30/10/2021,18:00,Hellas Verona,Juventus,2,1,H
30/10/2021,20:50,Torino,Sampdoria,3,0,H
31/10/2021,12:30,Inter,Udinese,2,0,H
31/10/2021,15:00,Sassuolo,Empoli,1,2,A
31/10/2021,,Genoa,Venezia,0,0,D
31/10/2021,15:05,Fiorentina,Spezia,3,0,H
31/10/2021,18:05,Salernitana,Napoli,0,1,A
31/10/2021,20:45,AS Roma,AC Milan,1,2,A
01/11/2021,20:45,Bologna,Cagliari,2,0,H
05/11/2021,20:45,Empoli,Genoa,2,2,D
06/11/2021,15:00,Spezia,Torino,1,0,H
06/11/2021,18:00,Juventus,Fiorentina,1,0,H
06/11/2021,20:45,Cagliari,Atalanta,1,2,A
07/11/2021,12:30,Venezia,AS Roma,3,2,H
07/11/2021,15:00,Udinese,Sassuolo,3,2,H
07/11/2021,,Sampdoria,Bologna,1,2,A
07/11/2021,18:00,Napoli,Hellas Verona,1,1,D
07/11/2021,,Lazio,Salernitana,3,0,H
07/11/2021,20:45,AC Milan,Inter,1,1,D
20/11/2021,15:00,Atalanta,Spezia,5,2,H
20/11/2021,18:00,Lazio,Juventus,0,2,A
20/11/2021,20:45,Fiorentina,AC Milan,4,3,H
21/11/2021,12:30,Sassuolo,Cagliari,2,2,D
21/11/2021,15:00,Salernitana,Sampdoria,0,2,A
21/11/2021,,Bologna,Venezia,0,1,A
21/11/2021,18:00,Inter,Napoli,3,2,H
21/11/2021,20:45,Genoa,AS Roma,0,2,A
22/11/2021,18:30,Hellas Verona,Empoli,2,1,H
22/11/2021,20:45,Torino,Udinese,2,1,H
26/11/2021,20:45,Cagliari,Salernitana,1,1,D
27/11/2021,15:00,Sampdoria,Hellas Verona,3,1,H
27/11/2021,,Empoli,Fiorentina,2,1,H
27/11/2021,18:00,Juventus,Atalanta,0,1,A
27/11/2021,20:45,Venezia,Inter,0,2,A
28/11/2021,12:30,Udinese,Genoa,0,0,D
28/11/2021,15:00,AC Milan,Sassuolo,1,3,A
28/11/2021,15:05,Spezia,Bologna,0,1,A
28/11/2021,18:00,AS Roma,Torino,1,0,H
28/11/2021,20:50,Napoli,Lazio,4,0,H
30/11/2021,18:30,Atalanta,Venezia,4,0,H
30/11/2021,18:35,Fiorentina,Sampdoria,3,1,H
30/11/2021,20:45,Salernitana,Juventus,0,2,A
30/11/2021,20:50,Hellas Verona,Cagliari,0,0,D
01/12/2021,18:30,Inter,Spezia,2,0,H
01/12/2021,,Bologna,AS Roma,1,0,H
01/12/2021,20:45,Sassuolo,Napoli,2,2,D
01/12/2021,,Genoa,AC Milan,0,3,A
02/12/2021,18:30,Torino,Empoli,2,2,D
02/12/2021,20:45,Lazio,Udinese,4,4,D
04/12/2021,15:00,AC Milan,Salernitana,2,0,H
04/12/2021,18:00,AS Roma,Inter,0,3,A
04/12/2021,20:45,Napoli,Atalanta,2,3,A
05/12/2021,12:30,Bologna,Fiorentina,2,3,A
05/12/2021,15:00,Venezia,Hellas Verona,3,4,A
05/12/2021,,Spezia,Sassuolo,2,2,D
05/12/2021,18:00,Sampdoria,Lazio,1,3,A
05/12/2021,20:45,Juventus,Genoa,2,0,H
06/12/2021,18:30,Empoli,Udinese,3,1,H
06/12/2021,20:45,Cagliari,Torino,1,1,D
10/12/2021,20:45,Genoa,Sampdoria,1,3,A
11/12/2021,15:00,Fiorentina,Salernitana,4,0,H
11/12/2021,18:00,Venezia,Juventus,1,1,D
11/12/2021,20:45,Udinese,AC Milan,1,1,D
12/12/2021,12:30,Torino,Bologna,2,1,H
12/12/2021,15:00,Hellas Verona,Atalanta,1,2,A
12/12/2021,18:00,Sassuolo,Lazio,2,1,H
12/12/2021,,Napoli,Empoli,0,1,A
12/12/2021,20:45,Inter,Cagliari,4,0,H
13/12/2021,20:45,AS Roma,Spezia,2,0,H
17/12/2021,18:30,Lazio,Genoa,3,1,H
17/12/2021,20:45,Salernitana,Inter,0,5,A
18/12/2021,15:00,Atalanta,AS Roma,1,4,A
18/12/2021,18:00,Bologna,Juventus,0,2,A
18/12/2021,20:45,Cagliari,Udinese,0,4,A
19/12/2021,12:30,Fiorentina,Sassuolo,2,2,D
19/12/2021,15:00,Spezia,Empoli,1,1,D
19/12/2021,18:00,Torino,Hellas Verona,1,0,H
19/12/2021,,Sampdoria,Venezia,1,1,D
19/12/2021,20:45,AC Milan,Napoli,0,1,A
21/12/2021,20:45,Juventus,Cagliari,2,0,H
21/12/2021,,Genoa,Atalanta,0,0,D
22/12/2021,16:30,Venezia,Lazio,1,3,A
22/12/2021,,Sassuolo,Bologna,0,3,A
22/12/2021,18:30,AS Roma,Sampdoria,1,1,D
22/12/2021,,Inter,Torino,1,0,H
22/12/2021,,Hellas Verona,Fiorentina,1,1,D
22/12/2021,20:45,Napoli,Spezia,0,1,A
22/12/2021,,Empoli,AC Milan,2,4,A
06/01/2022,12:30,Sampdoria,Cagliari,1,2,A
06/01/2022,14:30,Spezia,Hellas Verona,1,2,A
06/01/2022,,Lazio,Empoli,3,3,D
06/01/2022,16:30,Sassuolo,Genoa,1,1,D
06/01/2022,18:30,AC Milan,AS Roma,3,1,H
06/01/2022,20:45,Juventus,Napoli,1,1,D
09/01/2022,12:30,Venezia,AC Milan,0,3,A
09/01/2022,14:30,Empoli,Sassuolo,1,5,A
09/01/2022,16:30,Udinese,Atalanta,2,6,A
09/01/2022,,Napoli,Sampdoria,1,0,H
09/01/2022,18:30,AS Roma,Juventus,3,4,A
09/01/2022,,Genoa,Spezia,0,1,A
09/01/2022,20:45,Inter,Lazio,2,1,H
09/01/2022,,Hellas Verona,Salernitana,1,2,A
10/01/2022,17:00,Torino,Fiorentina,4,0,H
11/01/2022,20:45,Cagliari,Bologna,2,1,H
15/01/2022,15:00,Sampdoria,Torino,1,2,A
15/01/2022,18:00,Salernitana,Lazio,0,3,A
15/01/2022,20:45,Juventus,Udinese,2,0,H
16/01/2022,12:30,Sassuolo,Hellas Verona,2,4,A
16/01/2022,15:00,Venezia,Empoli,1,1,D
16/01/2022,18:00,AS Roma,Cagliari,1,0,H
16/01/2022,20:45,Atalanta,Inter,0,0,D
17/01/2022,18:30,AC Milan,Spezia,1,2,A
17/01/2022,,Bologna,Napoli,0,2,A
17/01/2022,20:50,Fiorentina,Genoa,6,0,H
21/01/2022,20:45,Hellas Verona,Bologna,2,1,H
22/01/2022,15:00,Genoa,Udinese,0,0,D
22/01/2022,18:05,Inter,Venezia,2,1,H
22/01/2022,20:45,Lazio,Atalanta,0,0,D
23/01/2022,12:30,Cagliari,Fiorentina,1,1,D
23/01/2022,15:00,Torino,Sassuolo,1,1,D
23/01/2022,,Spezia,Sampdoria,1,0,H
23/01/2022,,Napoli,Salernitana,4,1,H
23/01/2022,18:00,Empoli,AS Roma,2,4,A
23/01/2022,20:45,AC Milan,Juventus,0,0,D
05/02/2022,15:00,AS Roma,Genoa,0,0,D
05/02/2022,18:00,Inter,AC Milan,1,2,A
05/02/2022,20:50,Fiorentina,Lazio,0,3,A
06/02/2022,12:30,Atalanta,Cagliari,1,2,A
06/02/2022,15:00,Venezia,Napoli,0,2,A
06/02/2022,,Sampdoria,Sassuolo,4,0,H
06/02/2022,,Bologna,Empoli,0,0,D
06/02/2022,18:00,Udinese,Torino,2,0,H
06/02/2022,20:45,Juventus,Hellas Verona,2,0,H
07/02/2022,20:45,Salernitana,Spezia,2,2,D
12/02/2022,15:00,Lazio,Bologna,3,0,H
12/02/2022,18:00,Napoli,Inter,1,1,D
12/02/2022,20:45,Torino,Venezia,1,2,A
13/02/2022,12:30,AC Milan,Sampdoria,1,0,H
13/02/2022,15:00,Hellas Verona,Udinese,4,0,H
13/02/2022,,Genoa,Salernitana,1,1,D
13/02/2022,,Empoli,Cagliari,1,1,D
13/02/2022,18:00,Sassuolo,AS Roma,2,2,D
13/02/2022,20:45,Atalanta,Juventus,1,1,D
14/02/2022,20:45,Spezia,Fiorentina,1,2,A
18/02/2022,20:45,Juventus,Torino,1,1,D
19/02/2022,15:00,Sampdoria,Empoli,2,0,H
19/02/2022,18:00,AS Roma,Hellas Verona,2,2,D
19/02/2022,20:45,Salernitana,AC Milan,2,2,D
20/02/2022,12:30,Fiorentina,Atalanta,1,0,H
20/02/2022,15:00,Venezia,Genoa,1,1,D
20/02/2022,18:00,Inter,Sassuolo,0,2,A
20/02/2022,20:45,Udinese,Lazio,1,1,D
21/02/2022,19:00,Cagliari,Napoli,1,1,D
21/02/2022,21:00,Bologna,Spezia,2,1,H
25/02/2022,18:50,AC Milan,Udinese,1,1,D
25/02/2022,21:05,Genoa,Inter,0,0,D
26/02/2022,15:05,Salernitana,Bologna,1,1,D
26/02/2022,18:05,Empoli,Juventus,2,3,A
26/02/2022,20:50,Sassuolo,Fiorentina,2,1,H
27/02/2022,12:35,Torino,Cagliari,1,2,A
27/02/2022,15:05,Hellas Verona,Venezia,3,1,H
27/02/2022,18:05,Spezia,AS Roma,0,1,A
27/02/2022,20:50,Lazio,Napoli,1,2,A
28/02/2022,20:50,Atalanta,Sampdoria,4,0,H
04/03/2022,20:45,Inter,Salernitana,5,0,H
05/03/2022,15:00,Udinese,Sampdoria,2,1,H
05/03/2022,18:00,AS Roma,Atalanta,1,0,H
05/03/2022,20:45,Cagliari,Lazio,0,3,A
06/03/2022,12:30,Genoa,Empoli,0,0,D
06/03/2022,15:00,Venezia,Sassuolo,1,4,A
06/03/2022,15:05,Fiorentina,Hellas Verona,1,1,D
06/03/2022,,Bologna,Torino,0,0,D
06/03/2022,18:00,Juventus,Spezia,1,0,H
06/03/2022,20:45,Napoli,AC Milan,0,1,A
12/03/2022,15:00,Spezia,Cagliari,2,0,H
12/03/2022,,Salernitana,Sassuolo,2,2,D
12/03/2022,18:00,Sampdoria,Juventus,1,3,A
12/03/2022,20:45,AC Milan,Empoli,1,0,H
13/03/2022,12:30,Fiorentina,Bologna,1,0,H
13/03/2022,15:00,Hellas Verona,Napoli,1,2,A
13/03/2022,18:00,Udinese,AS Roma,1,1,D
13/03/2022,,Atalanta,Genoa,0,0,D
13/03/2022,20:45,Torino,Inter,1,1,D
14/03/2022,20:45,Lazio,Venezia,1,0,H
18/03/2022,18:45,Sassuolo,Spezia,4,1,H
18/03/2022,21:00,Genoa,Torino,1,0,H
19/03/2022,15:00,Napoli,Udinese,2,1,H
19/03/2022,18:00,Inter,Fiorentina,1,1,D
19/03/2022,20:45,Cagliari,AC Milan,0,1,A
20/03/2022,12:30,Venezia,Sampdoria,0,2,A
20/03/2022,15:00,Juventus,Salernitana,2,0,H
20/03/2022,,Empoli,Hellas Verona,1,1,D
20/03/2022,18:00,AS Roma,Lazio,3,0,H
20/03/2022,20:45,Bologna,Atalanta,0,1,A
02/04/2022,15:00,Spezia,Venezia,1,0,H
02/04/2022,18:00,Lazio,Sassuolo,2,1,H
02/04/2022,20:45,Salernitana,Torino,0,1,A
03/04/2022,12:30,Fiorentina,Empoli,1,0,H
03/04/2022,15:00,Udinese,Cagliari,5,1,H
03/04/2022,,Atalanta,Napoli,1,3,A
03/04/2022,18:00,Sampdoria,AS Roma,0,1,A
03/04/2022,20:50,Juventus,Inter,0,1,A
04/04/2022,18:30,Hellas Verona,Genoa,1,0,H
04/04/2022,20:45,AC Milan,Bologna,0,0,D
09/04/2022,15:00,Empoli,Spezia,0,0,D
09/04/2022,18:00,Inter,Hellas Verona,2,0,H
09/04/2022,20:45,Cagliari,Juventus,1,2,A
10/04/2022,12:30,Genoa,Lazio,1,4,A
10/04/2022,15:00,Venezia,Udinese,1,2,A
10/04/2022,,Sassuolo,Atalanta,2,1,H
10/04/2022,,Napoli,Fiorentina,2,3,A
10/04/2022,18:00,AS Roma,Salernitana,2,1,H
10/04/2022,20:45,Torino,AC Milan,0,0,D
11/04/2022,20:45,Bologna,Sampdoria,2,0,H
15/04/2022,19:00,Spezia,Inter,1,3,A
15/04/2022,21:00,AC Milan,Genoa,2,0,H
16/04/2022,12:30,Cagliari,Sassuolo,1,0,H
16/04/2022,14:30,Udinese,Empoli,4,1,H
16/04/2022,,Sampdoria,Salernitana,1,2,A
16/04/2022,16:30,Fiorentina,Venezia,1,0,H
16/04/2022,18:30,Juventus,Bologna,1,1,D
16/04/2022,20:45,Lazio,Torino,1,1,D
18/04/2022,19:00,Napoli,AS Roma,1,1,D
18/04/2022,21:00,Atalanta,Hellas Verona,1,2,A
20/04/2022,18:45,Udinese,Salernitana,0,1,A
23/04/2022,15:00,Venezia,Atalanta,1,3,A
23/04/2022,,Torino,Spezia,2,1,H
23/04/2022,18:00,Inter,AS Roma,3,1,H
23/04/2022,20:45,Hellas Verona,Sampdoria,1,1,D
24/04/2022,12:30,Salernitana,Fiorentina,2,1,H
24/04/2022,15:00,Empoli,Napoli,3,2,H
24/04/2022,,Bologna,Udinese,2,2,D
24/04/2022,18:00,Genoa,Cagliari,1,0,H
24/04/2022,20:45,Lazio,AC Milan,1,2,A
25/04/2022,20:45,Sassuolo,Juventus,1,2,A
27/04/2022,18:00,Fiorentina,Udinese,0,4,A
27/04/2022,20:15,Bologna,Inter,2,1,H
27/04/2022,,Atalanta,Torino,4,4,D
30/04/2022,15:00,Napoli,Sassuolo,6,1,H
30/04/2022,,Cagliari,Hellas Verona,1,2,A
30/04/2022,18:00,Sampdoria,Genoa,1,0,H
30/04/2022,20:45,Spezia,Lazio,3,4,A
01/05/2022,12:30,Juventus,Venezia,2,1,H
01/05/2022,15:00,AC Milan,Fiorentina,1,0,H
01/05/2022,,Empoli,Torino,1,3,A
01/05/2022,18:00,Udinese,Inter,1,2,A
01/05/2022,20:45,AS Roma,Bologna,0,0,D
02/05/2022,20:45,Atalanta,Salernitana,1,1,D
05/05/2022,18:00,Salernitana,Venezia,2,1,H
06/05/2022,18:45,Inter,Empoli,4,2,H
06/05/2022,21:00,Genoa,Juventus,2,1,H
07/05/2022,15:00,Torino,Napoli,0,1,A
07/05/2022,18:00,Sassuolo,Udinese,1,1,D
07/05/2022,20:45,Lazio,Sampdoria,2,0,H
08/05/2022,12:30,Spezia,Atalanta,1,3,A
08/05/2022,15:00,Venezia,Bologna,4,3,H
08/05/2022,18:00,Salernitana,Cagliari,1,1,D
08/05/2022,20:45,Hellas Verona,AC Milan,1,3,A
09/05/2022,20:45,Fiorentina,AS Roma,2,0,H
14/05/2022,15:00,Empoli,Salernitana,1,1,D
14/05/2022,18:00,Udinese,Spezia,2,3,A
14/05/2022,,Hellas Verona,Torino,0,1,A
14/05/2022,20:45,AS Roma,Venezia,1,1,D
15/05/2022,12:35,Bologna,Sassuolo,1,3,A
15/05/2022,15:05,Napoli,Genoa,3,0,H
15/05/2022,18:00,AC Milan,Atalanta,2,0,H
15/05/2022,20:45,Cagliari,Inter,1,3,A
16/05/2022,18:30,Sampdoria,Fiorentina,4,1,H
16/05/2022,20:45,Juventus,Lazio,2,2,D
20/05/2022,20:45,Torino,AS Roma,0,3,A
21/05/2022,17:15,Genoa,Bologna,0,1,A
21/05/2022,20:45,Lazio,Hellas Verona,3,3,D
21/05/2022,,Fiorentina,Juventus,2,0,H
21/05/2022,20:50,Atalanta,Empoli,0,1,A
22/05/2022,12:30,Spezia,Napoli,0,3,A
22/05/2022,18:00,Sassuolo,AC Milan,0,3,A
22/05/2022,18:05,Inter,Sampdoria,3,0,H
22/05/2022,21:00,Venezia,Cagliari,0,0,D
22/05/2022,,Salernitana,Udinese,0,4,A
13/08/2022,18:30,Sampdoria,Atalanta,0,2,A
13/08/2022,,AC Milan,Udinese,4,2,H
13/08/2022,20:45,Lecce,Inter,1,2,A
13/08/2022,,Monza,Torino,1,2,A
14/08/2022,18:30,Fiorentina,Cremonese,3,2,H
14/08/2022,,Lazio,Bologna,2,1,H
14/08/2022,20:45,Salernitana,AS Roma,0,1,A
14/08/2022,,Spezia,Empoli,1,0,H
15/08/2022,18:30,Hellas Verona,Napoli,2,5,A
15/08/2022,20:45,Juventus,Sassuolo,3,0,H
20/08/2022,18:30,Udinese,Salernitana,0,0,D
20/08/2022,,Torino,Lazio,0,0,D
20/08/2022,20:45,Sassuolo,Lecce,1,0,H
20/08/2022,,Inter,Spezia,3,0,H
21/08/2022,18:30,Napoli,Monza,4,0,H
21/08/2022,,Empoli,Fiorentina,0,0,D
21/08/2022,20:45,Bologna,Hellas Verona,1,1,D
21/08/2022,,Atalanta,AC Milan,1,1,D
22/08/2022,18:30,AS Roma,Cremonese,1,0,H
22/08/2022,20:45,Sampdoria,Juventus,0,0,D
26/08/2022,18:30,Monza,Udinese,1,2,A
26/08/2022,20:45,Lazio,Inter,3,1,H
27/08/2022,18:30,Juventus,AS Roma,1,1,D
27/08/2022,,Cremonese,Torino,1,2,A
27/08/2022,20:45,Spezia,Sassuolo,2,2,D
27/08/2022,,AC Milan,Bologna,2,0,H
28/08/2022,18:30,Salernitana,Sampdoria,4,0,H
28/08/2022,,Hellas Verona,Atalanta,0,1,A
28/08/2022,20:45,Lecce,Empoli,1,1,D
28/08/2022,,Fiorentina,Napoli,0,0,D
30/08/2022,18:30,Sassuolo,AC Milan,0,0,D
30/08/2022,20:45,AS Roma,Monza,3,0,H
30/08/2022,,Inter,Cremonese,3,1,H
31/08/2022,18:30,Udinese,Fiorentina,1,0,H
31/08/2022,,Sampdoria,Lazio,1,1,D
31/08/2022,,Empoli,Hellas Verona,1,1,D
31/08/2022,20:45,Napoli,Lecce,1,1,D
31/08/2022,,Juventus,Spezia,2,0,H
01/09/2022,20:45,Bologna,Salernitana,1,1,D
01/09/2022,,Atalanta,Torino,3,1,H
03/09/2022,15:00,Fiorentina,Juventus,1,1,D
03/09/2022,18:00,AC Milan,Inter,3,2,H
03/09/2022,20:45,Lazio,Napoli,1,2,A
04/09/2022,12:30,Cremonese,Sassuolo,0,0,D
04/09/2022,15:00,Spezia,Bologna,2,2,D
04/09/2022,18:00,Hellas Verona,Sampdoria,2,1,H
04/09/2022,20:45,Udinese,AS Roma,4,0,H
05/09/2022,18:30,Salernitana,Empoli,2,2,D
05/09/2022,,Monza,Atalanta,0,2,A
05/09/2022,20:45,Torino,Lecce,1,0,H
10/09/2022,15:00,Napoli,Spezia,1,0,H
10/09/2022,18:00,Inter,Torino,1,0,H
10/09/2022,20:45,Sampdoria,AC Milan,1,2,A
11/09/2022,12:30,Atalanta,Cremonese,1,1,D
11/09/2022,15:00,Sassuolo,Udinese,1,3,A
11/09/2022,,Lecce,Monza,1,1,D
11/09/2022,,Bologna,Fiorentina,2,1,H
11/09/2022,18:00,Lazio,Hellas Verona,2,0,H
11/09/2022,20:45,Juventus,Salernitana,2,2,D
12/09/2022,20:45,Empoli,AS Roma,1,2,A
16/09/2022,20:45,Salernitana,Lecce,1,2,A
17/09/2022,15:00,Bologna,Empoli,0,1,A
17/09/2022,18:00,Spezia,Sampdoria,2,1,H
17/09/2022,20:45,Torino,Sassuolo,0,1,A
18/09/2022,12:30,Udinese,Inter,3,1,H
18/09/2022,15:00,Monza,Juventus,1,0,H
18/09/2022,,Fiorentina,Hellas Verona,2,0,H
18/09/2022,,Cremonese,Lazio,0,4,A
18/09/2022,18:00,AS Roma,Atalanta,0,1,A
18/09/2022,20:45,AC Milan,Napoli,1,2,A
01/10/2022,15:00,Napoli,Torino,3,1,H
01/10/2022,18:00,Inter,AS Roma,1,2,A
01/10/2022,20:45,Empoli,AC Milan,1,3,A
02/10/2022,12:30,Lazio,Spezia,4,0,H
02/10/2022,15:00,Sassuolo,Salernitana,5,0,H
02/10/2022,,Sampdoria,Monza,0,3,A
02/10/2022,,Lecce,Cremonese,1,1,D
02/10/2022,18:00,Atalanta,Fiorentina,1,0,H
02/10/2022,20:45,Juventus,Bologna,3,0,H
03/10/2022,20:45,Hellas Verona,Udinese,1,2,A
08/10/2022,15:00,Sassuolo,Inter,1,2,A
08/10/2022,18:00,AC Milan,Juventus,2,0,H
08/10/2022,20:45,Bologna,Sampdoria,1,1,D
09/10/2022,12:30,Torino,Empoli,1,1,D
09/10/2022,15:00,Udinese,Atalanta,2,2,D
09/10/2022,,Salernitana,Hellas Verona,2,1,H
09/10/2022,,Monza,Spezia,2,0,H
09/10/2022,18:00,Cremonese,Napoli,1,4,A
09/10/2022,20:45,AS Roma,Lecce,2,1,H
10/10/2022,20:45,Fiorentina,Lazio,0,4,A
15/10/2022,15:00,Empoli,Monza,1,0,H
15/10/2022,18:00,Torino,Juventus,0,1,A
15/10/2022,20:45,Atalanta,Sassuolo,2,1,H
16/10/2022,12:30,Inter,Salernitana,2,0,H
16/10/2022,15:00,Lazio,Udinese,0,0,D
16/10/2022,,Spezia,Cremonese,2,2,D
16/10/2022,18:00,Napoli,Bologna,3,2,H
16/10/2022,20:45,Hellas Verona,AC Milan,1,2,A
17/10/2022,18:30,Sampdoria,AS Roma,0,1,A
17/10/2022,20:45,Lecce,Fiorentina,1,1,D
21/10/2022,20:45,Juventus,Empoli,4,0,H
22/10/2022,15:00,Salernitana,Spezia,1,0,H
22/10/2022,18:00,AC Milan,Monza,4,1,H
22/10/2022,20:45,Fiorentina,Inter,3,4,A
23/10/2022,12:30,Udinese,Torino,1,2,A
23/10/2022,15:00,Bologna,Lecce,2,0,H
23/10/2022,18:00,Atalanta,Lazio,0,2,A
23/10/2022,20:45,AS Roma,Napoli,0,1,A
24/10/2022,18:30,Cremonese,Sampdoria,0,1,A
24/10/2022,20:45,Sassuolo,Hellas Verona,2,1,H
29/10/2022,15:00,Napoli,Sassuolo,4,0,H
29/10/2022,18:00,Lecce,Juventus,0,1,A
29/10/2022,20:45,Inter,Sampdoria,3,0,H
30/10/2022,12:30,Empoli,Atalanta,0,2,A
30/10/2022,15:00,Spezia,Fiorentina,1,2,A
30/10/2022,,Cremonese,Udinese,0,0,D
30/10/2022,18:00,Lazio,Salernitana,1,3,A
30/10/2022,20:45,Torino,AC Milan,2,1,H
31/10/2022,18:30,Hellas Verona,AS Roma,1,3,A
31/10/2022,20:45,Monza,Bologna,1,2,A
04/11/2022,20:45,Udinese,Lecce,1,1,D
05/11/2022,15:00,Salernitana,Cremonese,2,2,D
05/11/2022,,Empoli,Sassuolo,1,0,H
05/11/2022,18:00,Atalanta,Napoli,1,2,A
05/11/2022,20:45,AC Milan,Spezia,2,1,H
06/11/2022,12:30,Bologna,Torino,2,1,H
06/11/2022,15:00,Sampdoria,Fiorentina,0,2,A
06/11/2022,,Monza,Hellas Verona,2,0,H
06/11/2022,18:00,AS Roma,Lazio,0,1,A
06/11/2022,20:45,Juventus,Inter,2,0,H
08/11/2022,18:30,Spezia,Udinese,1,1,D
08/11/2022,,Napoli,Empoli,2,0,H
08/11/2022,20:45,Cremonese,AC Milan,0,0,D
09/11/2022,18:30,Sassuolo,AS Roma,1,1,D
09/11/2022,,Lecce,Atalanta,2,1,H
09/11/2022,20:45,Torino,Sampdoria,2,0,H
09/11/2022,,Inter,Bologna,6,1,H
09/11/2022,,Fiorentina,Salernitana,2,1,H
10/11/2022,18:30,Hellas Verona,Juventus,0,1,A
10/11/2022,20:45,Lazio,Monza,1,0,H
11/11/2022,20:45,Empoli,Cremonese,2,0,H
12/11/2022,15:00,Napoli,Udinese,3,2,H
12/11/2022,18:00,Sampdoria,Lecce,0,2,A
12/11/2022,20:45,Bologna,Sassuolo,3,0,H
13/11/2022,12:30,Atalanta,Inter,2,3,A
13/11/2022,15:00,AS Roma,Torino,1,1,D
13/11/2022,,Monza,Salernitana,3,0,H
13/11/2022,,Hellas Verona,Spezia,1,2,A
13/11/2022,18:00,AC Milan,Fiorentina,2,1,H
13/11/2022,20:45,Juventus,Lazio,3,0,H
04/01/2023,12:30,Sassuolo,Sampdoria,1,2,A
04/01/2023,,Salernitana,AC Milan,1,2,A
04/01/2023,14:30,Torino,Hellas Verona,1,1,D
04/01/2023,,Spezia,Atalanta,2,2,D
04/01/2023,16:30,AS Roma,Bologna,1,0,H
04/01/2023,16:35,Lecce,Lazio,2,1,H
04/01/2023,18:30,Fiorentina,Monza,1,1,D
04/01/2023,,Cremonese,Juventus,0,1,A
04/01/2023,20:45,Udinese,Empoli,1,1,D
04/01/2023,,Inter,Napoli,1,0,H
07/01/2023,15:00,Fiorentina,Sassuolo,2,1,H
07/01/2023,18:00,Juventus,Udinese,1,0,H
07/01/2023,20:45,Monza,Inter,2,2,D
08/01/2023,12:30,Salernitana,Torino,1,1,D
08/01/2023,15:00,Spezia,Lecce,0,0,D
08/01/2023,,Lazio,Empoli,2,2,D
08/01/2023,18:00,Sampdoria,Napoli,0,2,A
08/01/2023,20:45,AC Milan,AS Roma,2,2,D
09/01/2023,18:30,Hellas Verona,Cremonese,2,0,H
09/01/2023,20:45,Bologna,Atalanta,1,2,A
13/01/2023,20:45,Napoli,Juventus,5,1,H
14/01/2023,15:00,Cremonese,Monza,2,3,A
14/01/2023,18:00,Lecce,AC Milan,2,2,D
14/01/2023,20:45,Inter,Hellas Verona,1,0,H
15/01/2023,12:30,Sassuolo,Lazio,0,2,A
15/01/2023,15:00,Udinese,Bologna,1,2,A
15/01/2023,,Torino,Spezia,0,1,A
15/01/2023,18:00,Atalanta,Salernitana,8,2,H
15/01/2023,20:45,AS Roma,Fiorentina,2,0,H
16/01/2023,20:45,Empoli,Sampdoria,1,0,H
21/01/2023,15:00,Hellas Verona,Lecce,2,0,H
21/01/2023,18:00,Salernitana,Napoli,0,2,A
21/01/2023,20:45,Fiorentina,Torino,0,1,A
22/01/2023,12:30,Sampdoria,Udinese,0,1,A
22/01/2023,15:00,Monza,Sassuolo,1,1,D
22/01/2023,18:00,Spezia,AS Roma,0,2,A
22/01/2023,20:45,Juventus,Atalanta,3,3,D
23/01/2023,18:30,Bologna,Cremonese,1,1,D
23/01/2023,20:45,Inter,Empoli,0,1,A
24/01/2023,20:45,Lazio,AC Milan,4,0,H
27/01/2023,18:30,Bologna,Spezia,2,0,H
27/01/2023,20:45,Lecce,Salernitana,1,2,A
28/01/2023,15:00,Empoli,Torino,2,2,D
28/01/2023,18:00,Cremonese,Inter,1,2,A
28/01/2023,20:45,Atalanta,Sampdoria,2,0,H
29/01/2023,12:30,AC Milan,Sassuolo,2,5,A
29/01/2023,15:00,Juventus,Monza,0,2,A
29/01/2023,18:00,Lazio,Fiorentina,1,1,D
29/01/2023,20:45,Napoli,AS Roma,2,1,H
30/01/2023,20:45,Udinese,Hellas Verona,1,1,D
04/02/2023,15:00,Cremonese,Lecce,0,2,A
04/02/2023,18:00,AS Roma,Empoli,2,0,H
04/02/2023,20:45,Sassuolo,Atalanta,1,0,H
05/02/2023,12:30,Spezia,Napoli,0,3,A
05/02/2023,15:00,Torino,Udinese,1,0,H
05/02/2023,18:00,Fiorentina,Bologna,1,2,A
05/02/2023,20:45,Inter,AC Milan,1,0,H
06/02/2023,18:30,Hellas Verona,Lazio,1,1,D
06/02/2023,20:45,Monza,Sampdoria,2,2,D
07/02/2023,20:45,Salernitana,Juventus,0,3,A
10/02/2023,20:45,AC Milan,Torino,1,0,H
11/02/2023,15:00,Empoli,Spezia,2,2,D
11/02/2023,18:00,Lecce,AS Roma,1,1,D
11/02/2023,20:45,Lazio,Atalanta,0,2,A
12/02/2023,12:30,Udinese,Sassuolo,2,2,D
12/02/2023,15:00,Bologna,Monza,0,1,A
12/02/2023,18:00,Juventus,Fiorentina,1,0,H
12/02/2023,20:45,Napoli,Cremonese,3,0,H
13/02/2023,18:30,Hellas Verona,Salernitana,1,0,H
13/02/2023,20:45,Sampdoria,Inter,0,0,D
17/02/2023,20:45,Sassuolo,Napoli,0,2,A
18/02/2023,15:00,Sampdoria,Bologna,1,2,A
18/02/2023,18:00,Monza,AC Milan,0,1,A
18/02/2023,20:45,Inter,Udinese,3,1,H
19/02/2023,12:30,Atalanta,Lecce,1,2,A
19/02/2023,15:00,Salernitana,Lazio,0,2,A
19/02/2023,,Fiorentina,Empoli,1,1,D
19/02/2023,18:00,Spezia,Juventus,0,2,A
19/02/2023,20:45,AS Roma,Hellas Verona,1,0,H
20/02/2023,20:45,Torino,Cremonese,2,2,D
25/02/2023,18:00,Empoli,Napoli,0,2,A
25/02/2023,20:45,Lecce,Sassuolo,0,1,A
26/02/2023,12:30,Bologna,Inter,1,0,H
26/02/2023,15:00,Salernitana,Monza,3,0,H
26/02/2023,18:00,Udinese,Spezia,2,2,D
26/02/2023,20:45,AC Milan,Atalanta,2,0,H
27/02/2023,18:30,Hellas Verona,Fiorentina,0,3,A
27/02/2023,20:45,Lazio,Sampdoria,1,0,H
28/02/2023,18:30,Cremonese,AS Roma,2,1,H
28/02/2023,20:45,Juventus,Torino,4,2,H
03/03/2023,20:45,Napoli,Lazio,0,1,A
04/03/2023,15:00,Monza,Empoli,2,1,H
04/03/2023,18:00,Atalanta,Udinese,0,0,D
04/03/2023,20:45,Fiorentina,AC Milan,2,1,H
05/03/2023,12:30,Spezia,Hellas Verona,0,0,D
05/03/2023,15:00,Sampdoria,Salernitana,0,0,D
05/03/2023,18:00,Inter,Lecce,2,0,H
05/03/2023,20:45,AS Roma,Juventus,1,0,H
06/03/2023,18:30,Sassuolo,Cremonese,3,2,H
06/03/2023,20:45,Torino,Bologna,1,0,H
10/03/2023,20:45,Spezia,Inter,2,1,H
11/03/2023,15:00,Empoli,Udinese,0,1,A
11/03/2023,18:00,Napoli,Atalanta,2,0,H
11/03/2023,20:45,Bologna,Lazio,0,0,D
12/03/2023,12:30,Lecce,Torino,0,2,A
12/03/2023,15:00,Hellas Verona,Monza,1,1,D
12/03/2023,,Cremonese,Fiorentina,0,2,A
12/03/2023,18:00,AS Roma,Sassuolo,3,4,A
12/03/2023,20:45,Juventus,Sampdoria,4,2,H
13/03/2023,20:45,AC Milan,Salernitana,1,1,D
17/03/2023,18:30,Sassuolo,Spezia,1,0,H
17/03/2023,20:45,Atalanta,Empoli,2,1,H
18/03/2023,15:00,Monza,Cremonese,1,1,D
18/03/2023,18:00,Salernitana,Bologna,2,2,D
18/03/2023,20:45,Udinese,AC Milan,3,1,H
19/03/2023,12:30,Sampdoria,Hellas Verona,3,1,H
19/03/2023,15:00,Torino,Napoli,0,4,A
19/03/2023,,Fiorentina,Lecce,1,0,H
19/03/2023,18:00,Lazio,AS Roma,1,0,H
19/03/2023,20:45,Inter,Juventus,0,1,A
01/04/2023,15:00,Cremonese,Atalanta,1,3,A
01/04/2023,18:00,Inter,Fiorentina,0,1,A
01/04/2023,20:45,Juventus,Hellas Verona,1,0,H
02/04/2023,12:30,Bologna,Udinese,3,0,H
02/04/2023,15:00,Spezia,Salernitana,1,1,D
02/04/2023,,Monza,Lazio,0,2,A
02/04/2023,18:00,AS Roma,Sampdoria,3,0,H
02/04/2023,20:45,Napoli,AC Milan,0,4,A
03/04/2023,19:30,Empoli,Lecce,1,0,H
03/04/2023,20:45,Sassuolo,Torino,1,1,D
07/04/2023,17:00,Salernitana,Inter,1,1,D
07/04/2023,19:00,Lecce,Napoli,1,2,A
07/04/2023,21:00,AC Milan,Empoli,0,0,D
08/04/2023,12:30,Udinese,Monza,2,2,D
08/04/2023,14:30,Fiorentina,Spezia,1,1,D
08/04/2023,16:30,Sampdoria,Cremonese,2,3,A
08/04/2023,,Atalanta,Bologna,0,2,A
08/04/2023,18:30,Torino,AS Roma,0,1,A
08/04/2023,,Hellas Verona,Sassuolo,2,1,H
08/04/2023,20:45,Lazio,Juventus,2,1,H
14/04/2023,18:30,Cremonese,Empoli,1,0,H
14/04/2023,20:45,Spezia,Lazio,0,3,A
15/04/2023,15:00,Bologna,AC Milan,1,1,D
15/04/2023,18:00,Napoli,Hellas Verona,0,0,D
15/04/2023,20:45,Inter,Monza,0,1,A
16/04/2023,12:30,Lecce,Sampdoria,1,1,D
16/04/2023,15:00,Torino,Salernitana,1,1,D
16/04/2023,18:00,Sassuolo,Juventus,1,0,H
16/04/2023,20:45,AS Roma,Udinese,3,0,H
17/04/2023,20:45,Fiorentina,Atalanta,1,1,D
21/04/2023,20:45,Hellas Verona,Bologna,2,1,H
22/04/2023,15:00,Salernitana,Sassuolo,3,0,H
22/04/2023,18:00,Lazio,Torino,0,1,A
22/04/2023,20:45,Sampdoria,Spezia,1,1,D
23/04/2023,12:30,Empoli,Inter,0,3,A
23/04/2023,15:00,Udinese,Cremonese,3,0,H
23/04/2023,,Monza,Fiorentina,3,2,H
23/04/2023,18:00,AC Milan,Lecce,2,0,H
23/04/2023,20:45,Juventus,Napoli,0,1,A
24/04/2023,20:45,Atalanta,AS Roma,3,1,H
28/04/2023,18:30,Lecce,Udinese,1,0,H
28/04/2023,20:45,Spezia,Monza,0,2,A
29/04/2023,18:00,AS Roma,AC Milan,1,1,D
29/04/2023,20:45,Torino,Atalanta,1,2,A
30/04/2023,12:30,Inter,Lazio,3,1,H
30/04/2023,15:00,Sassuolo,Empoli,2,1,H
30/04/2023,,Napoli,Salernitana,1,1,D
30/04/2023,,Cremonese,Hellas Verona,1,1,D
30/04/2023,18:00,Fiorentina,Sampdoria,5,0,H
30/04/2023,20:45,Bologna,Juventus,1,1,D
03/05/2023,18:00,Sampdoria,Torino,0,2,A
03/05/2023,,Salernitana,Fiorentina,3,3,D
03/05/2023,,Juventus,Lecce,2,1,H
03/05/2023,,Atalanta,Spezia,3,2,H
03/05/2023,21:00,Monza,AS Roma,1,1,D
03/05/2023,,AC Milan,Cremonese,1,1,D
03/05/2023,,Lazio,Sassuolo,2,0,H
03/05/2023,,Hellas Verona,Inter,0,6,A
04/05/2023,20:45,Udinese,Napoli,1,1,D
04/05/2023,,Empoli,Bologna,3,1,H
06/05/2023,15:00,AC Milan,Lazio,2,0,H
06/05/2023,18:00,AS Roma,Inter,0,2,A
06/05/2023,20:45,Cremonese,Spezia,2,0,H
07/05/2023,12:30,Atalanta,Juventus,0,2,A
07/05/2023,15:00,Torino,Monza,1,1,D
07/05/2023,18:00,Napoli,Fiorentina,1,0,H
07/05/2023,20:45,Lecce,Hellas Verona,0,1,A
08/05/2023,18:30,Udinese,Sampdoria,2,0,H
08/05/2023,,Empoli,Salernitana,2,1,H
08/05/2023,20:45,Sassuolo,Bologna,1,1,D
12/05/2023,20:45,Lazio,Lecce,2,2,D
13/05/2023,15:00,Salernitana,Atalanta,1,0,H
13/05/2023,18:00,Spezia,AC Milan,2,0,H
13/05/2023,20:45,Inter,Sassuolo,4,2,H
14/05/2023,12:30,Hellas Verona,Torino,0,1,A
14/05/2023,15:00,Monza,Napoli,2,0,H
14/05/2023,,Fiorentina,Udinese,2,0,H
14/05/2023,18:00,Bologna,AS Roma,0,0,D
14/05/2023,20:45,Juventus,Cremonese,2,0,H
15/05/2023,20:45,Sampdoria,Empoli,1,1,D
19/05/2023,20:45,Sassuolo,Monza,1,2,A
20/05/2023,15:00,Cremonese,Bologna,1,5,A
20/05/2023,18:00,Atalanta,Hellas Verona,3,1,H
20/05/2023,20:45,AC Milan,Sampdoria,5,1,H
21/05/2023,12:30,Lecce,Spezia,0,0,D
21/05/2023,15:00,Torino,Fiorentina,1,1,D
21/05/2023,18:00,Napoli,Inter,3,1,H
21/05/2023,20:45,Udinese,Lazio,0,1,A
22/05/2023,18:30,AS Roma,Salernitana,2,2,D
22/05/2023,20:45,Empoli,Juventus,4,1,H
26/05/2023,20:45,Sampdoria,Sassuolo,2,2,D
27/05/2023,15:00,Spezia,Torino,0,4,A
27/05/2023,,Salernitana,Udinese,3,2,H
27/05/2023,18:00,Fiorentina,AS Roma,2,1,H
27/05/2023,20:45,Inter,Atalanta,3,2,H
28/05/2023,12:30,Hellas Verona,Empoli,1,1,D
28/05/2023,15:00,Monza,Lecce,0,1,A
28/05/2023,,Bologna,Napoli,2,2,D
28/05/2023,18:00,Lazio,Cremonese,3,2,H
28/05/2023,20:45,Juventus,AC Milan,0,1,A
02/06/2023,20:30,Sassuolo,Fiorentina,1,3,A
03/06/2023,18:30,Torino,Inter,0,1,A
03/06/2023,21:00,Empoli,Lazio,0,2,A
03/06/2023,,Cremonese,Salernitana,2,0,H
04/06/2023,18:30,Napoli,Sampdoria,2,0,H
04/06/2023,21:00,Udinese,Juventus,0,1,A
04/06/2023,,AS Roma,Spezia,2,1,H
04/06/2023,,AC Milan,Hellas Verona,3,1,H
04/06/2023,,Lecce,Bologna,2,3,A
04/06/2023,,Atalanta,Monza,5,2,H
19/08/2023,18:30,Empoli,Hellas Verona,0,1,A
19/08/2023,,Frosinone,Napoli,1,3,A
19/08/2023,20:45,Genoa,Fiorentina,1,4,A
19/08/2023,,Inter,Monza,2,0,H
20/08/2023,18:30,AS Roma,Salernitana,2,2,D
20/08/2023,,Sassuolo,Atalanta,0,2,A
20/08/2023,20:45,Lecce,Lazio,2,1,H
20/08/2023,,Udinese,Juventus,0,3,A
21/08/2023,18:30,Torino,Cagliari,0,0,D
21/08/2023,20:45,Bologna,AC Milan,0,2,A
26/08/2023,18:30,Frosinone,Atalanta,2,1,H
26/08/2023,,Monza,Empoli,2,0,H
26/08/2023,20:45,Hellas Verona,AS Roma,2,1,H
26/08/2023,,AC Milan,Torino,4,1,H
27/08/2023,18:30,Fiorentina,Lecce,2,2,D
27/08/2023,,Juventus,Bologna,1,1,D
27/08/2023,20:45,Lazio,Genoa,0,1,A
27/08/2023,,Napoli,Sassuolo,2,0,H
28/08/2023,18:30,Salernitana,Udinese,1,1,D
28/08/2023,20:45,Cagliari,Inter,0,2,A
01/09/2023,18:30,Sassuolo,Hellas Verona,3,1,H
01/09/2023,20:45,AS Roma,AC Milan,1,2,A
02/09/2023,18:30,Bologna,Cagliari,2,1,H
02/09/2023,,Udinese,Frosinone,0,0,D
02/09/2023,20:45,Atalanta,Monza,3,0,H
02/09/2023,,Napoli,Lazio,1,2,A
03/09/2023,18:30,Inter,Fiorentina,4,0,H
03/09/2023,,Torino,Genoa,1,0,H
03/09/2023,20:45,Empoli,Juventus,0,2,A
03/09/2023,,Lecce,Salernitana,2,0,H
16/09/2023,15:00,Juventus,Lazio,3,1,H
16/09/2023,18:00,Inter,AC Milan,5,1,H
16/09/2023,20:45,Genoa,Napoli,2,2,D
17/09/2023,12:30,Cagliari,Udinese,0,0,D
17/09/2023,15:00,Frosinone,Sassuolo,4,2,H
17/09/2023,,Monza,Lecce,1,1,D
17/09/2023,18:00,Fiorentina,Atalanta,3,2,H
17/09/2023,20:45,AS Roma,Empoli,7,0,H
18/09/2023,18:30,Salernitana,Torino,0,3,A
18/09/2023,20:45,Hellas Verona,Bologna,0,0,D
22/09/2023,18:30,Salernitana,Frosinone,1,1,D
22/09/2023,20:45,Lecce,Genoa,1,0,H
23/09/2023,15:00,AC Milan,Hellas Verona,1,0,H
23/09/2023,18:00,Sassuolo,Juventus,4,2,H
23/09/2023,20:45,Lazio,Monza,1,1,D
24/09/2023,12:30,Empoli,Inter,0,1,A
24/09/2023,15:00,Atalanta,Cagliari,2,0,H
24/09/2023,,Udinese,Fiorentina,0,2,A
24/09/2023,18:00,Bologna,Napoli,0,0,D
24/09/2023,20:45,Torino,AS Roma,1,1,D
26/09/2023,20:45,Juventus,Lecce,1,0,H
27/09/2023,18:30,Cagliari,AC Milan,1,3,A
27/09/2023,,Empoli,Salernitana,1,0,H
27/09/2023,,Hellas Verona,Atalanta,0,1,A
27/09/2023,20:45,Inter,Sassuolo,1,2,A
27/09/2023,,Lazio,Torino,2,0,H
27/09/2023,,Napoli,Udinese,4,1,H
28/09/2023,18:30,Frosinone,Fiorentina,1,1,D
28/09/2023,,Monza,Bologna,0,0,D
28/09/2023,20:45,Genoa,AS Roma,4,1,H
30/09/2023,15:00,Lecce,Napoli,0,4,A
30/09/2023,18:00,AC Milan,Lazio,2,0,H
30/09/2023,20:45,Salernitana,Inter,0,4,A
01/10/2023,12:30,Bologna,Empoli,3,0,H
01/10/2023,15:00,Udinese,Genoa,2,2,D
01/10/2023,18:00,Atalanta,Juventus,0,0,D
01/10/2023,20:45,AS Roma,Frosinone,2,0,H
02/10/2023,18:30,Sassuolo,Monza,0,1,A
02/10/2023,,Torino,Hellas Verona,0,0,D
02/10/2023,20:45,Fiorentina,Cagliari,3,0,H
06/10/2023,18:30,Empoli,Udinese,0,0,D
06/10/2023,20:45,Lecce,Sassuolo,1,1,D
07/10/2023,15:00,Inter,Bologna,2,2,D
07/10/2023,18:00,Juventus,Torino,2,0,H
07/10/2023,20:45,Genoa,AC Milan,0,1,A
08/10/2023,12:30,Monza,Salernitana,3,0,H
08/10/2023,15:00,Frosinone,Hellas Verona,2,1,H
08/10/2023,,Lazio,Atalanta,3,2,H
08/10/2023,18:00,Cagliari,AS Roma,1,4,A
08/10/2023,20:45,Napoli,Fiorentina,1,3,A
21/10/2023,15:00,Hellas Verona,Napoli,1,3,A
21/10/2023,18:00,Torino,Inter,0,3,A
21/10/2023,20:45,Sassuolo,Lazio,0,2,A
22/10/2023,12:30,AS Roma,Monza,1,0,H
22/10/2023,15:00,Bologna,Frosinone,2,1,H
22/10/2023,,Salernitana,Cagliari,2,2,D
22/10/2023,18:00,Atalanta,Genoa,2,0,H
22/10/2023,20:45,AC Milan,Juventus,0,1,A
23/10/2023,18:30,Udinese,Lecce,1,1,D
23/10/2023,20:45,Fiorentina,Empoli,0,2,A
27/10/2023,20:45,Genoa,Salernitana,1,0,H
28/10/2023,15:00,Sassuolo,Bologna,1,1,D
28/10/2023,18:00,Lecce,Torino,0,1,A
28/10/2023,20:45,Juventus,Hellas Verona,1,0,H
29/10/2023,12:30,Cagliari,Frosinone,4,3,H
29/10/2023,15:00,Monza,Udinese,1,1,D
29/10/2023,18:00,Inter,AS Roma,1,0,H
29/10/2023,20:45,Napoli,AC Milan,2,2,D
30/10/2023,18:30,Empoli,Atalanta,0,3,A
30/10/2023,20:45,Lazio,Fiorentina,1,0,H
03/11/2023,20:45,Bologna,Lazio,1,0,H
04/11/2023,15:00,Salernitana,Napoli,0,2,A
04/11/2023,18:00,Atalanta,Inter,1,2,A
04/11/2023,20:45,AC Milan,Udinese,0,1,A
05/11/2023,12:30,Hellas Verona,Monza,1,3,A
05/11/2023,15:00,Cagliari,Genoa,2,1,H
05/11/2023,18:00,AS Roma,Lecce,2,1,H
05/11/2023,20:45,Fiorentina,Juventus,0,1,A
06/11/2023,18:30,Frosinone,Empoli,2,1,H
06/11/2023,20:45,Torino,Sassuolo,2,1,H
10/11/2023,18:30,Sassuolo,Salernitana,2,2,D
10/11/2023,20:45,Genoa,Hellas Verona,1,0,H
11/11/2023,15:00,Lecce,AC Milan,2,2,D
11/11/2023,18:00,Juventus,Cagliari,2,1,H
11/11/2023,20:45,Monza,Torino,1,1,D
12/11/2023,12:30,Napoli,Empoli,0,1,A
12/11/2023,15:00,Fiorentina,Bologna,2,1,H
12/11/2023,,Udinese,Atalanta,1,1,D
12/11/2023,18:00,Lazio,AS Roma,0,0,D
12/11/2023,20:45,Inter,Frosinone,2,0,H
25/11/2023,15:00,Salernitana,Lazio,2,1,H
25/11/2023,18:00,Atalanta,Napoli,1,2,A
25/11/2023,20:45,AC Milan,Fiorentina,1,0,H
26/11/2023,12:30,Cagliari,Monza,1,1,D
26/11/2023,15:00,Empoli,Sassuolo,3,4,A
26/11/2023,,Frosinone,Genoa,2,1,H
26/11/2023,18:00,AS Roma,Udinese,3,1,H
26/11/2023,20:45,Juventus,Inter,1,1,D
27/11/2023,18:30,Hellas Verona,Lecce,2,2,D
27/11/2023,20:45,Bologna,Torino,2,0,H
01/12/2023,20:45,Monza,Juventus,1,2,A
02/12/2023,15:00,Genoa,Empoli,1,1,D
02/12/2023,18:00,Lazio,Cagliari,1,0,H
02/12/2023,20:45,AC Milan,Frosinone,3,1,H
03/12/2023,12:30,Lecce,Bologna,1,1,D
03/12/2023,15:00,Fiorentina,Salernitana,3,0,H
03/12/2023,,Udinese,Hellas Verona,3,3,D
03/12/2023,18:00,Sassuolo,AS Roma,1,2,A
03/12/2023,20:45,Napoli,Inter,0,3,A
04/12/2023,20:45,Torino,Atalanta,3,0,H
08/12/2023,20:45,Juventus,Napoli,1,0,H
09/12/2023,15:00,Hellas Verona,Lazio,1,1,D
09/12/2023,18:00,Atalanta,AC Milan,3,2,H
09/12/2023,20:45,Inter,Udinese,4,0,H
10/12/2023,12:30,Frosinone,Torino,0,0,D
10/12/2023,15:00,Monza,Genoa,1,0,H
10/12/2023,18:00,Salernitana,Bologna,1,2,A
10/12/2023,20:45,AS Roma,Fiorentina,1,1,D
11/12/2023,18:30,Empoli,Lecce,1,1,D
11/12/2023,20:45,Cagliari,Sassuolo,2,1,H
15/12/2023,20:45,Genoa,Juventus,1,1,D
16/12/2023,15:00,Lecce,Frosinone,2,1,H
16/12/2023,18:30,Napoli,Cagliari,2,1,H
16/12/2023,20:45,Torino,Empoli,1,0,H
17/12/2023,12:30,AC Milan,Monza,3,0,H
17/12/2023,15:00,Fiorentina,Hellas Verona,1,0,H
17/12/2023,,Udinese,Sassuolo,2,2,D
17/12/2023,18:00,Bologna,AS Roma,2,0,H
17/12/2023,20:45,Lazio,Inter,0,2,A
18/12/2023,20:45,Atalanta,Salernitana,4,1,H
22/12/2023,18:30,Sassuolo,Genoa,1,2,A
22/12/2023,,Empoli,Lazio,0,2,A
22/12/2023,20:45,Monza,Fiorentina,0,1,A
22/12/2023,,Salernitana,AC Milan,2,2,D
23/12/2023,12:30,Frosinone,Juventus,1,2,A
23/12/2023,15:00,Torino,Udinese,1,1,D
23/12/2023,,Bologna,Atalanta,1,0,H
23/12/2023,18:00,Hellas Verona,Cagliari,2,0,H
23/12/2023,,Inter,Lecce,2,0,H
23/12/2023,20:45,AS Roma,Napoli,2,0,H
29/12/2023,18:30,Fiorentina,Torino,1,0,H
29/12/2023,,Napoli,Monza,0,0,D
29/12/2023,20:45,Genoa,Inter,1,1,D
29/12/2023,,Lazio,Frosinone,3,1,H
30/12/2023,12:30,Atalanta,Lecce,1,0,H
30/12/2023,15:00,Cagliari,Empoli,0,0,D
30/12/2023,,Udinese,Bologna,3,0,H
30/12/2023,18:00,Hellas Verona,Salernitana,0,1,A
30/12/2023,,AC Milan,Sassuolo,1,0,H
30/12/2023,20:45,Juventus,AS Roma,1,0,H
05/01/2024,20:45,Bologna,Genoa,1,1,D
06/01/2024,12:30,Inter,Hellas Verona,2,1,H
06/01/2024,15:00,Frosinone,Monza,2,3,A
06/01/2024,18:00,Lecce,Cagliari,1,1,D
06/01/2024,20:45,Sassuolo,Fiorentina,1,0,H
07/01/2024,12:30,Empoli,AC Milan,0,3,A
07/01/2024,15:00,Torino,Napoli,3,0,H
07/01/2024,,Udinese,Lazio,1,2,A
07/01/2024,18:00,Salernitana,Juventus,1,2,A
07/01/2024,20:45,AS Roma,Atalanta,1,1,D
13/01/2024,15:00,Genoa,Torino,0,0,D
13/01/2024,,Napoli,Salernitana,2,1,H
13/01/2024,18:00,Hellas Verona,Empoli,2,1,H
13/01/2024,20:45,Monza,Inter,1,5,A
14/01/2024,12:30,Lazio,Lecce,1,0,H
14/01/2024,15:00,Cagliari,Bologna,2,1,H
14/01/2024,18:00,Fiorentina,Udinese,2,2,D
14/01/2024,20:45,AC Milan,AS Roma,3,1,H
15/01/2024,20:45,Atalanta,Frosinone,5,0,H
16/01/2024,20:45,Juventus,Sassuolo,3,0,H
20/01/2024,18:00,AS Roma,Hellas Verona,2,1,H
20/01/2024,20:45,Udinese,AC Milan,2,3,A
21/01/2024,12:30,Frosinone,Cagliari,3,1,H
21/01/2024,15:00,Empoli,Monza,3,0,H
21/01/2024,18:00,Salernitana,Genoa,1,2,A
21/01/2024,20:45,Lecce,Juventus,0,3,A
26/01/2024,20:45,Cagliari,Torino,1,2,A
27/01/2024,15:00,Atalanta,Udinese,2,0,H
27/01/2024,18:00,Juventus,Empoli,1,1,D
27/01/2024,20:45,AC Milan,Bologna,2,2,D
28/01/2024,12:30,Genoa,Lecce,2,1,H
28/01/2024,15:00,Hellas Verona,Frosinone,1,1,D
28/01/2024,,Monza,Sassuolo,1,0,H
28/01/2024,18:00,Lazio,Napoli,0,0,D
28/01/2024,20:45,Fiorentina,Inter,0,1,A
29/01/2024,20:45,Salernitana,AS Roma,1,2,A
02/02/2024,20:45,Lecce,Fiorentina,3,2,H
03/02/2024,15:00,Empoli,Genoa,0,0,D
03/02/2024,,Udinese,Monza,0,0,D
03/02/2024,18:00,Frosinone,AC Milan,2,3,A
03/02/2024,20:45,Bologna,Sassuolo,4,2,H
04/02/2024,12:30,Torino,Salernitana,0,0,D
04/02/2024,15:00,Napoli,Hellas Verona,2,1,H
04/02/2024,18:00,Atalanta,Lazio,3,1,H
04/02/2024,20:45,Inter,Juventus,1,0,H
05/02/2024,20:45,AS Roma,Cagliari,4,0,H
09/02/2024,20:45,Salernitana,Empoli,1,3,A
10/02/2024,15:00,Cagliari,Lazio,1,3,A
10/02/2024,18:00,AS Roma,Inter,2,4,A
10/02/2024,20:45,Sassuolo,Torino,1,1,D
11/02/2024,12:30,Fiorentina,Frosinone,5,1,H
11/02/2024,15:00,Bologna,Lecce,4,0,H
11/02/2024,,Monza,Hellas Verona,0,0,D
11/02/2024,18:00,Genoa,Atalanta,1,4,A
11/02/2024,20:45,AC Milan,Napoli,1,0,H
12/02/2024,20:45,Juventus,Udinese,0,1,A
14/02/2024,19:00,Bologna,Fiorentina,2,0,H
16/02/2024,19:00,Torino,Lecce,2,0,H
16/02/2024,21:00,Inter,Salernitana,4,0,H
17/02/2024,15:00,Napoli,Genoa,1,1,D
17/02/2024,18:00,Hellas Verona,Juventus,2,2,D
17/02/2024,20:45,Atalanta,Sassuolo,3,0,H
18/02/2024,12:30,Lazio,Bologna,1,2,A
18/02/2024,15:00,Empoli,Fiorentina,1,1,D
18/02/2024,,Udinese,Cagliari,1,1,D
18/02/2024,18:00,Frosinone,AS Roma,0,3,A
18/02/2024,20:45,Monza,AC Milan,4,2,H
22/02/2024,20:45,Torino,Lazio,0,2,A
23/02/2024,20:45,Bologna,Hellas Verona,2,0,H
24/02/2024,15:00,Sassuolo,Empoli,2,3,A
24/02/2024,18:00,Salernitana,Monza,0,2,A
24/02/2024,20:45,Genoa,Udinese,2,0,H
25/02/2024,12:30,Juventus,Frosinone,3,2,H
25/02/2024,15:00,Cagliari,Napoli,1,1,D
25/02/2024,18:00,Lecce,Inter,0,4,A
25/02/2024,20:45,AC Milan,Atalanta,1,1,D
26/02/2024,18:30,AS Roma,Torino,3,2,H
26/02/2024,20:45,Fiorentina,Lazio,2,1,H
28/02/2024,18:00,Sassuolo,Napoli,1,6,A
28/02/2024,20:45,Inter,Atalanta,4,0,H
01/03/2024,20:45,Lazio,AC Milan,0,1,A
02/03/2024,15:00,Udinese,Salernitana,1,1,D
02/03/2024,18:00,Monza,AS Roma,1,4,A
02/03/2024,20:45,Torino,Fiorentina,0,0,D
03/03/2024,12:30,Hellas Verona,Sassuolo,1,0,H
03/03/2024,15:00,Empoli,Cagliari,0,1,A
03/03/2024,,Frosinone,Lecce,1,1,D
03/03/2024,18:00,Atalanta,Bologna,1,2,A
03/03/2024,20:45,Napoli,Juventus,2,1,H
04/03/2024,20:45,Inter,Genoa,2,1,H
08/03/2024,20:45,Napoli,Torino,1,1,D
09/03/2024,15:00,Cagliari,Salernitana,4,2,H
09/03/2024,,Sassuolo,Frosinone,1,0,H
09/03/2024,18:00,Bologna,Inter,0,1,A
09/03/2024,20:45,Genoa,Monza,2,3,A
10/03/2024,12:30,Lecce,Hellas Verona,0,1,A
10/03/2024,15:00,AC Milan,Empoli,1,0,H
10/03/2024,18:00,Juventus,Atalanta,2,2,D
10/03/2024,20:45,Fiorentina,AS Roma,2,2,D
11/03/2024,20:45,Lazio,Udinese,1,2,A
15/03/2024,20:45,Empoli,Bologna,0,1,A
16/03/2024,15:00,Monza,Cagliari,1,0,H
16/03/2024,,Udinese,Torino,0,2,A
16/03/2024,18:00,Salernitana,Lecce,0,1,A
16/03/2024,20:45,Frosinone,Lazio,2,3,A
17/03/2024,12:30,Juventus,Genoa,0,0,D
17/03/2024,15:00,Hellas Verona,AC Milan,1,3,A
17/03/2024,18:00,AS Roma,Sassuolo,1,0,H
17/03/2024,20:45,Inter,Napoli,1,1,D
30/03/2024,12:30,Napoli,Atalanta,0,3,A
30/03/2024,15:00,Genoa,Frosinone,1,1,D
30/03/2024,,Torino,Monza,1,0,H
30/03/2024,18:00,Lazio,Juventus,1,0,H
30/03/2024,20:45,Fiorentina,AC Milan,1,2,A
01/04/2024,12:30,Bologna,Salernitana,3,0,H
01/04/2024,15:00,Cagliari,Hellas Verona,1,1,D
01/04/2024,,Sassuolo,Udinese,1,1,D
01/04/2024,18:00,Lecce,AS Roma,0,0,D
01/04/2024,20:45,Inter,Empoli,2,0,H
05/04/2024,20:45,Salernitana,Sassuolo,2,2,D
06/04/2024,15:00,AC Milan,Lecce,3,0,H
06/04/2024,18:00,AS Roma,Lazio,1,0,H
06/04/2024,20:45,Empoli,Torino,3,2,H
07/04/2024,12:30,Frosinone,Bologna,0,0,D
07/04/2024,15:00,Monza,Napoli,2,4,A
07/04/2024,18:00,Cagliari,Atalanta,2,1,H
07/04/2024,,Hellas Verona,Genoa,1,2,A
07/04/2024,20:45,Juventus,Fiorentina,1,0,H
08/04/2024,20:45,Udinese,Inter,1,2,A
12/04/2024,20:45,Lazio,Salernitana,4,1,H
13/04/2024,15:00,Lecce,Empoli,1,0,H
13/04/2024,18:00,Torino,Juventus,0,0,D
13/04/2024,20:45,Bologna,Monza,0,0,D
14/04/2024,12:30,Napoli,Frosinone,2,2,D
14/04/2024,15:00,Sassuolo,AC Milan,3,3,D
14/04/2024,20:45,Inter,Cagliari,2,2,D
15/04/2024,18:30,Fiorentina,Genoa,1,1,D
15/04/2024,20:45,Atalanta,Hellas Verona,2,2,D
19/04/2024,18:30,Genoa,Lazio,0,1,A
19/04/2024,20:45,Cagliari,Juventus,2,2,D
20/04/2024,18:00,Empoli,Napoli,1,0,H
20/04/2024,20:45,Hellas Verona,Udinese,1,0,H
21/04/2024,12:30,Sassuolo,Lecce,0,3,A
21/04/2024,15:00,Torino,Frosinone,0,0,D
21/04/2024,18:00,Salernitana,Fiorentina,0,2,A
21/04/2024,20:45,Monza,Atalanta,1,2,A
22/04/2024,18:30,AS Roma,Bologna,1,3,A
22/04/2024,20:45,AC Milan,Inter,1,2,A
25/04/2024,20:00,Udinese,AS Roma,1,2,A
26/04/2024,20:45,Frosinone,Salernitana,3,0,H
27/04/2024,15:00,Lecce,Monza,1,1,D
27/04/2024,18:00,Juventus,AC Milan,0,0,D
27/04/2024,20:45,Lazio,Hellas Verona,1,0,H
28/04/2024,12:30,Inter,Torino,2,0,H
28/04/2024,15:00,Bologna,Udinese,1,1,D
28/04/2024,18:00,Atalanta,Empoli,2,0,H
28/04/2024,,Napoli,AS Roma,2,2,D
28/04/2024,20:45,Fiorentina,Sassuolo,5,1,H
29/04/2024,20:45,Genoa,Cagliari,3,0,H
03/05/2024,20:45,Torino,Bologna,0,0,D
04/05/2024,18:00,Monza,Lazio,2,2,D
04/05/2024,20:45,Sassuolo,Inter,1,0,H
05/05/2024,12:30,Cagliari,Lecce,1,1,D
05/05/2024,15:00,Empoli,Frosinone,0,0,D
05/05/2024,,Hellas Verona,Fiorentina,2,1,H
05/05/2024,18:00,AC Milan,Genoa,3,3,D
05/05/2024,20:45,AS Roma,Juventus,1,1,D
06/05/2024,18:00,Salernitana,Atalanta,1,2,A
06/05/2024,20:45,Udinese,Napoli,1,1,D
10/05/2024,20:45,Frosinone,Inter,0,5,A
11/05/2024,18:00,Napoli,Bologna,0,2,A
11/05/2024,20:45,AC Milan,Cagliari,5,1,H
12/05/2024,12:30,Lazio,Empoli,2,0,H
12/05/2024,15:00,Genoa,Sassuolo,2,1,H
12/05/2024,,Hellas Verona,Torino,1,2,A
12/05/2024,18:00,Juventus,Salernitana,1,1,D
12/05/2024,20:45,Atalanta,AS Roma,2,1,H
13/05/2024,18:30,Lecce,Udinese,0,2,A
13/05/2024,20:45,Fiorentina,Monza,2,1,H
17/05/2024,20:45,Fiorentina,Napoli,2,2,D
18/05/2024,18:00,Lecce,Atalanta,0,2,A
18/05/2024,20:45,Torino,AC Milan,3,1,H
19/05/2024,12:30,Sassuolo,Cagliari,0,2,A
19/05/2024,15:00,Monza,Frosinone,0,1,A
19/05/2024,,Udinese,Empoli,1,1,D
19/05/2024,18:00,Inter,Lazio,1,1,D
19/05/2024,20:45,AS Roma,Genoa,1,0,H
20/05/2024,18:30,Salernitana,Hellas Verona,1,2,A
20/05/2024,20:45,Bologna,Juventus,3,3,D
23/05/2024,20:45,Cagliari,Fiorentina,2,3,A
24/05/2024,20:45,Genoa,Bologna,2,0,H
25/05/2024,18:00,Juventus,Monza,2,0,H
25/05/2024,20:45,AC Milan,Salernitana,3,3,D
26/05/2024,18:00,Atalanta,Torino,3,0,H
26/05/2024,,Napoli,Lecce,0,0,D
26/05/2024,20:45,Empoli,AS Roma,2,1,H
26/05/2024,,Frosinone,Udinese,0,1,A
26/05/2024,,Hellas Verona,Inter,2,2,D
26/05/2024,,Lazio,Sassuolo,1,1,D
02/06/2024,18:00,Atalanta,Fiorentina,2,3,A
17/08/2024,18:30,Genoa,Inter,2,2,D
17/08/2024,,Parma,Fiorentina,1,1,D
17/08/2024,20:45,Empoli,Monza,0,0,D
17/08/2024,,AC Milan,Torino,2,2,D
18/08/2024,18:30,Bologna,Udinese,1,1,D
18/08/2024,,Hellas Verona,Napoli,3,0,H
18/08/2024,20:45,Cagliari,AS Roma,0,0,D
18/08/2024,,Lazio,Venezia,3,1,H
19/08/2024,18:30,Lecce,Atalanta,0,4,A
19/08/2024,20:45,Juventus,Como,3,0,H
24/08/2024,18:30,Parma,AC Milan,2,1,H
24/08/2024,,Udinese,Lazio,2,1,H
24/08/2024,20:45,Inter,Lecce,2,0,H
24/08/2024,,Monza,Genoa,0,1,A
25/08/2024,18:30,Fiorentina,Venezia,0,0,D
25/08/2024,,Torino,Atalanta,2,1,H
25/08/2024,20:45,Napoli,Bologna,3,0,H
25/08/2024,,AS Roma,Empoli,1,2,A
26/08/2024,18:30,Cagliari,Como,1,1,D
26/08/2024,20:45,Hellas Verona,Juventus,0,3,A
30/08/2024,18:30,Venezia,Torino,0,1,A
30/08/2024,20:45,Inter,Atalanta,4,0,H
31/08/2024,18:30,Bologna,Empoli,1,1,D
31/08/2024,,Lecce,Cagliari,1,0,H
31/08/2024,20:45,Lazio,AC Milan,2,2,D
31/08/2024,,Napoli,Parma,2,1,H
01/09/2024,18:30,Fiorentina,Monza,2,2,D
01/09/2024,,Genoa,Hellas Verona,0,2,A
01/09/2024,20:45,Juventus,AS Roma,0,0,D
01/09/2024,,Udinese,Como,1,0,H
14/09/2024,15:00,Como,Bologna,2,2,D
14/09/2024,18:00,Empoli,Juventus,0,0,D
14/09/2024,20:45,AC Milan,Venezia,4,0,H
15/09/2024,12:30,Genoa,AS Roma,1,1,D
15/09/2024,15:00,Atalanta,Fiorentina,3,2,H
15/09/2024,,Torino,Lecce,0,0,D
15/09/2024,18:00,Cagliari,Napoli,0,4,A
15/09/2024,20:45,Monza,Inter,1,1,D
16/09/2024,18:30,Parma,Udinese,2,3,A
16/09/2024,20:45,Lazio,Hellas Verona,2,1,H
20/09/2024,18:30,Cagliari,Empoli,0,2,A
20/09/2024,20:45,Hellas Verona,Torino,2,3,A
21/09/2024,15:00,Venezia,Genoa,2,0,H
21/09/2024,18:00,Juventus,Napoli,0,0,D
21/09/2024,20:45,Lecce,Parma,2,2,D
22/09/2024,12:30,Fiorentina,Lazio,2,1,H
22/09/2024,15:00,Monza,Bologna,1,2,A
22/09/2024,18:00,AS Roma,Udinese,3,0,H
22/09/2024,20:45,Inter,AC Milan,1,2,A
24/09/2024,20:45,Atalanta,Como,2,3,A
27/09/2024,20:45,AC Milan,Lecce,3,0,H
28/09/2024,15:00,Udinese,Inter,2,3,A
28/09/2024,18:00,Genoa,Juventus,0,3,A
28/09/2024,20:45,Bologna,Atalanta,1,1,D
29/09/2024,12:30,Torino,Lazio,2,3,A
29/09/2024,15:00,Como,Hellas Verona,3,2,H
29/09/2024,,AS Roma,Venezia,2,1,H
29/09/2024,18:00,Empoli,Fiorentina,0,0,D
29/09/2024,20:45,Napoli,Monza,2,0,H
30/09/2024,20:45,Parma,Cagliari,2,3,A
04/10/2024,18:30,Napoli,Como,3,1,H
04/10/2024,20:45,Hellas Verona,Venezia,2,1,H
05/10/2024,15:00,Udinese,Lecce,1,0,H
05/10/2024,18:00,Atalanta,Genoa,5,1,H
05/10/2024,20:45,Inter,Torino,3,2,H
06/10/2024,12:30,Juventus,Cagliari,1,1,D
06/10/2024,15:00,Bologna,Parma,0,0,D
06/10/2024,,Lazio,Empoli,2,1,H
06/10/2024,18:00,Monza,AS Roma,1,1,D
06/10/2024,20:45,Fiorentina,AC Milan,2,1,H
19/10/2024,15:00,Como,Parma,1,1,D
19/10/2024,,Genoa,Bologna,2,2,D
19/10/2024,18:00,AC Milan,Udinese,1,0,H
19/10/2024,20:45,Juventus,Lazio,1,0,H
20/10/2024,12:30,Empoli,Napoli,0,1,A
20/10/2024,15:00,Lecce,Fiorentina,0,6,A
20/10/2024,,Venezia,Atalanta,0,2,A
20/10/2024,18:00,Cagliari,Torino,3,2,H
20/10/2024,20:45,AS Roma,Inter,0,1,A
21/10/2024,20:45,Hellas Verona,Monza,0,3,A
25/10/2024,18:30,Udinese,Cagliari,2,0,H
25/10/2024,20:45,Torino,Como,1,0,H
26/10/2024,15:00,Napoli,Lecce,1,0,H
26/10/2024,20:45,Atalanta,Hellas Verona,6,1,H
27/10/2024,12:30,Parma,Empoli,1,1,D
27/10/2024,15:00,Lazio,Genoa,3,0,H
27/10/2024,,Monza,Venezia,2,2,D
27/10/2024,18:00,Inter,Juventus,4,4,D
27/10/2024,20:45,Fiorentina,AS Roma,5,1,H
29/10/2024,18:30,Cagliari,Bologna,0,2,A
29/10/2024,,Lecce,Hellas Verona,1,0,H
29/10/2024,20:45,AC Milan,Napoli,0,2,A
30/10/2024,18:30,Empoli,Inter,0,3,A
30/10/2024,,Venezia,Udinese,3,2,H
30/10/2024,20:45,Atalanta,Monza,2,0,H
30/10/2024,,Juventus,Parma,2,2,D
31/10/2024,18:30,Genoa,Fiorentina,0,1,A
31/10/2024,20:45,Como,Lazio,1,5,A
31/10/2024,,AS Roma,Torino,1,0,H
02/11/2024,15:00,Bologna,Lecce,1,0,H
02/11/2024,18:00,Udinese,Juventus,0,2,A
02/11/2024,20:45,Monza,AC Milan,0,1,A
03/11/2024,12:30,Napoli,Atalanta,0,3,A
03/11/2024,15:00,Torino,Fiorentina,0,1,A
03/11/2024,18:00,Hellas Verona,AS Roma,3,2,H
03/11/2024,20:45,Inter,Venezia,1,0,H
04/11/2024,18:30,Empoli,Como,1,0,H
04/11/2024,,Parma,Genoa,0,1,A
04/11/2024,20:45,Lazio,Cagliari,2,1,H
07/11/2024,20:45,Genoa,Como,1,1,D
08/11/2024,20:45,Lecce,Empoli,1,1,D
09/11/2024,15:00,Venezia,Parma,1,2,A
09/11/2024,18:00,Cagliari,AC Milan,3,3,D
09/11/2024,20:45,Juventus,Torino,2,0,H
10/11/2024,12:30,Atalanta,Udinese,2,1,H
10/11/2024,15:00,Fiorentina,Hellas Verona,3,1,H
10/11/2024,,AS Roma,Bologna,2,3,A
10/11/2024,18:00,Monza,Lazio,0,1,A
10/11/2024,20:45,Inter,Napoli,1,1,D
23/11/2024,15:00,Hellas Verona,Inter,0,5,A
23/11/2024,18:00,AC Milan,Juventus,0,0,D
23/11/2024,20:45,Parma,Atalanta,1,3,A
24/11/2024,12:30,Genoa,Cagliari,2,2,D
24/11/2024,15:00,Como,Fiorentina,0,2,A
24/11/2024,,Torino,Monza,1,1,D
24/11/2024,18:00,Napoli,AS Roma,1,0,H
24/11/2024,20:45,Lazio,Bologna,3,0,H
25/11/2024,18:30,Empoli,Udinese,1,1,D
25/11/2024,20:45,Venezia,Lecce,0,1,A
29/11/2024,20:45,Cagliari,Hellas Verona,1,0,H
30/11/2024,15:00,Como,Monza,1,1,D
30/11/2024,18:00,AC Milan,Empoli,3,0,H
30/11/2024,20:45,Bologna,Venezia,3,0,H
01/12/2024,12:30,Udinese,Genoa,0,2,A
01/12/2024,15:00,Parma,Lazio,3,1,H
01/12/2024,,Torino,Napoli,0,1,A
01/12/2024,20:45,Lecce,Juventus,1,1,D
02/12/2024,20:45,AS Roma,Atalanta,0,2,A
06/12/2024,18:30,Inter,Parma,3,1,H
06/12/2024,20:45,Atalanta,AC Milan,2,1,H
07/12/2024,15:00,Genoa,Torino,0,0,D
07/12/2024,18:00,Juventus,Bologna,2,2,D
07/12/2024,20:45,AS Roma,Lecce,4,1,H
08/12/2024,12:30,Fiorentina,Cagliari,1,0,H
08/12/2024,15:00,Hellas Verona,Empoli,1,4,A
08/12/2024,18:00,Venezia,Como,2,2,D
08/12/2024,20:45,Napoli,Lazio,0,1,A
09/12/2024,20:45,Monza,Udinese,1,2,A
13/12/2024,20:45,Empoli,Torino,0,1,A
14/12/2024,15:00,Cagliari,Atalanta,0,1,A
14/12/2024,18:00,Udinese,Napoli,1,3,A
14/12/2024,20:45,Juventus,Venezia,2,2,D
15/12/2024,12:30,Lecce,Monza,2,1,H
15/12/2024,15:00,Bologna,Fiorentina,1,0,H
15/12/2024,,Parma,Hellas Verona,2,3,A
15/12/2024,18:00,Como,AS Roma,2,0,H
15/12/2024,20:45,AC Milan,Genoa,0,0,D
16/12/2024,20:45,Lazio,Inter,0,6,A
20/12/2024,20:45,Hellas Verona,AC Milan,0,1,A
21/12/2024,15:00,Torino,Bologna,0,2,A
21/12/2024,18:00,Genoa,Napoli,1,2,A
21/12/2024,20:45,Lecce,Lazio,1,2,A
22/12/2024,12:30,AS Roma,Parma,5,0,H
22/12/2024,15:00,Venezia,Cagliari,2,1,H
22/12/2024,18:00,Atalanta,Empoli,3,2,H
22/12/2024,20:45,Monza,Juventus,1,2,A
23/12/2024,18:30,Fiorentina,Udinese,1,2,A
23/12/2024,20:45,Inter,Como,2,0,H
28/12/2024,15:00,Empoli,Genoa,1,2,A
28/12/2024,,Parma,Monza,2,1,H
28/12/2024,18:00,Cagliari,Inter,0,3,A
28/12/2024,20:45,Lazio,Atalanta,1,1,D
29/12/2024,12:30,Udinese,Torino,2,2,D
29/12/2024,15:00,Napoli,Venezia,1,0,H
29/12/2024,18:00,Juventus,Fiorentina,2,2,D
29/12/2024,20:45,AC Milan,AS Roma,1,1,D
30/12/2024,18:30,Como,Lecce,2,0,H
30/12/2024,20:45,Bologna,Hellas Verona,2,3,A
04/01/2025,15:00,Venezia,Empoli,1,1,D
04/01/2025,18:00,Fiorentina,Napoli,0,3,A
04/01/2025,20:45,Hellas Verona,Udinese,0,0,D
05/01/2025,12:30,Monza,Cagliari,1,2,A
05/01/2025,15:00,Lecce,Genoa,0,0,D
05/01/2025,18:00,Torino,Parma,0,0,D
05/01/2025,20:45,AS Roma,Lazio,2,0,H
10/01/2025,20:45,Lazio,Como,1,1,D
11/01/2025,15:00,Empoli,Lecce,1,3,A
11/01/2025,,Udinese,Atalanta,0,0,D
11/01/2025,18:00,Torino,Juventus,1,1,D
11/01/2025,20:45,AC Milan,Cagliari,1,1,D
12/01/2025,12:30,Genoa,Parma,1,0,H
12/01/2025,15:00,Venezia,Inter,0,1,A
12/01/2025,18:00,Bologna,AS Roma,2,2,D
12/01/2025,20:45,Napoli,Hellas Verona,2,0,H
13/01/2025,20:45,Monza,Fiorentina,2,1,H
14/01/2025,18:30,Como,AC Milan,1,2,A
14/01/2025,20:45,Atalanta,Juventus,1,1,D
15/01/2025,20:45,Inter,Bologna,2,2,D
17/01/2025,20:45,AS Roma,Genoa,3,1,H
18/01/2025,15:00,Bologna,Monza,3,1,H
18/01/2025,18:00,Juventus,AC Milan,2,0,H
18/01/2025,20:45,Atalanta,Napoli,2,3,A
19/01/2025,12:30,Fiorentina,Torino,1,1,D
19/01/2025,15:00,Cagliari,Lecce,4,1,H
19/01/2025,,Parma,Venezia,1,1,D
19/01/2025,18:00,Hellas Verona,Lazio,0,3,A
19/01/2025,20:45,Inter,Empoli,3,1,H
20/01/2025,20:45,Como,Udinese,4,1,H
24/01/2025,20:45,Torino,Cagliari,2,0,H
25/01/2025,15:00,Como,Atalanta,1,2,A
25/01/2025,18:00,Napoli,Juventus,2,1,H
25/01/2025,20:45,Empoli,Bologna,1,1,D
26/01/2025,12:30,AC Milan,Parma,3,2,H
26/01/2025,15:00,Udinese,AS Roma,1,2,A
26/01/2025,18:00,Lecce,Inter,0,4,A
26/01/2025,20:45,Lazio,Fiorentina,1,2,A
27/01/2025,18:30,Venezia,Hellas Verona,1,1,D
27/01/2025,20:45,Genoa,Monza,2,0,H
31/01/2025,20:45,Parma,Lecce,1,3,A
01/02/2025,15:00,Monza,Hellas Verona,0,1,A
01/02/2025,,Udinese,Venezia,3,2,H
01/02/2025,18:00,Atalanta,Torino,1,1,D
01/02/2025,20:45,Bologna,Como,2,0,H
02/02/2025,12:30,Juventus,Empoli,4,1,H
02/02/2025,15:00,Fiorentina,Genoa,2,1,H
02/02/2025,18:00,AC Milan,Inter,1,1,D
02/02/2025,20:45,AS Roma,Napoli,1,1,D
03/02/2025,20:45,Cagliari,Lazio,1,2,A
06/02/2025,20:45,Fiorentina,Inter,3,0,H
07/02/2025,20:45,Como,Juventus,1,2,A
08/02/2025,15:00,Hellas Verona,Atalanta,0,5,A
08/02/2025,18:00,Empoli,AC Milan,0,2,A
08/02/2025,20:45,Torino,Genoa,1,1,D
09/02/2025,12:30,Venezia,AS Roma,0,1,A
09/02/2025,15:00,Cagliari,Parma,2,1,H
09/02/2025,,Lazio,Monza,5,1,H
09/02/2025,18:00,Lecce,Bologna,0,0,D
09/02/2025,20:45,Napoli,Udinese,1,1,D
10/02/2025,20:45,Inter,Fiorentina,2,1,H
14/02/2025,20:45,Bologna,Torino,3,2,H
15/02/2025,15:00,Atalanta,Cagliari,0,0,D
15/02/2025,18:00,Lazio,Napoli,2,2,D
15/02/2025,20:45,AC Milan,Hellas Verona,1,0,H
16/02/2025,12:30,Fiorentina,Como,0,2,A
16/02/2025,15:00,Monza,Lecce,0,0,D
16/02/2025,,Udinese,Empoli,3,0,H
16/02/2025,18:00,Parma,AS Roma,0,1,A
16/02/2025,20:45,Juventus,Inter,1,0,H
17/02/2025,20:45,Genoa,Venezia,2,0,H
21/02/2025,20:45,Lecce,Udinese,0,1,A
22/02/2025,15:00,Parma,Bologna,2,0,H
22/02/2025,,Venezia,Lazio,0,0,D
22/02/2025,18:00,Torino,AC Milan,2,1,H
22/02/2025,20:45,Inter,Genoa,1,0,H
23/02/2025,12:30,Como,Napoli,2,1,H
23/02/2025,15:00,Hellas Verona,Fiorentina,1,0,H
23/02/2025,18:00,Empoli,Atalanta,0,5,A
23/02/2025,20:45,Cagliari,Juventus,0,1,A
24/02/2025,20:45,AS Roma,Monza,4,0,H
27/02/2025,20:45,Bologna,AC Milan,2,1,H
28/02/2025,20:45,Fiorentina,Lecce,1,0,H
01/03/2025,15:00,Atalanta,Venezia,0,0,D
01/03/2025,18:00,Napoli,Inter,1,1,D
01/03/2025,20:45,Udinese,Parma,1,0,H
02/03/2025,12:30,Monza,Torino,0,2,A
02/03/2025,15:00,Bologna,Cagliari,2,1,H
02/03/2025,,Genoa,Empoli,1,1,D
02/03/2025,18:00,AS Roma,Como,2,1,H
02/03/2025,20:45,AC Milan,Lazio,1,2,A
03/03/2025,20:45,Juventus,Hellas Verona,2,0,H
07/03/2025,20:45,Cagliari,Genoa,1,1,D
08/03/2025,15:00,Como,Venezia,1,1,D
08/03/2025,,Parma,Torino,2,2,D
08/03/2025,18:00,Lecce,AC Milan,2,3,A
08/03/2025,20:45,Inter,Monza,3,2,H
09/03/2025,12:30,Hellas Verona,Bologna,1,2,A
09/03/2025,15:00,Napoli,Fiorentina,2,1,H
09/03/2025,18:00,Empoli,AS Roma,0,1,A
09/03/2025,20:45,Juventus,Atalanta,0,4,A
10/03/2025,20:45,Lazio,Udinese,1,1,D
14/03/2025,20:45,Genoa,Lecce,2,1,H
15/03/2025,15:00,Monza,Parma,1,1,D
15/03/2025,,Udinese,Hellas Verona,0,1,A
15/03/2025,18:00,AC Milan,Como,2,1,H
15/03/2025,20:45,Torino,Empoli,1,0,H
16/03/2025,12:30,Venezia,Napoli,0,0,D
16/03/2025,15:00,Bologna,Lazio,5,0,H
16/03/2025,16:00,AS Roma,Cagliari,1,0,H
16/03/2025,18:00,Fiorentina,Juventus,3,0,H
16/03/2025,20:45,Atalanta,Inter,0,2,A
29/03/2025,15:00,Como,Empoli,1,1,D
29/03/2025,,Venezia,Bologna,0,1,A
29/03/2025,18:00,Juventus,Genoa,1,0,H
29/03/2025,20:45,Lecce,AS Roma,0,1,A
30/03/2025,12:30,Cagliari,Monza,3,0,H
30/03/2025,15:00,Fiorentina,Atalanta,1,0,H
30/03/2025,18:00,Inter,Udinese,2,1,H
30/03/2025,20:45,Napoli,AC Milan,2,1,H
31/03/2025,18:30,Hellas Verona,Parma,0,0,D
31/03/2025,20:45,Lazio,Torino,1,1,D
04/04/2025,20:45,Genoa,Udinese,1,0,H
05/04/2025,15:00,Monza,Como,1,3,A
05/04/2025,18:00,Parma,Inter,2,2,D
05/04/2025,20:45,AC Milan,Fiorentina,2,2,D
06/04/2025,12:30,Lecce,Venezia,1,1,D
06/04/2025,15:00,Empoli,Cagliari,0,0,D
06/04/2025,,Torino,Hellas Verona,1,1,D
06/04/2025,18:00,Atalanta,Lazio,0,1,A
06/04/2025,20:45,AS Roma,Juventus,1,1,D
07/04/2025,20:45,Bologna,Napoli,1,1,D
11/04/2025,20:45,Udinese,AC Milan,0,4,A
12/04/2025,15:00,Venezia,Monza,1,0,H
12/04/2025,18:00,Inter,Cagliari,3,1,H
12/04/2025,20:45,Juventus,Lecce,2,1,H
13/04/2025,12:30,Atalanta,Bologna,2,0,H
13/04/2025,15:00,Fiorentina,Parma,0,0,D
13/04/2025,,Hellas Verona,Genoa,0,0,D
13/04/2025,18:00,Como,Torino,1,0,H
13/04/2025,20:45,Lazio,AS Roma,1,1,D
14/04/2025,20:45,Napoli,Empoli,3,0,H
19/04/2025,15:00,Lecce,Como,0,3,A
19/04/2025,18:00,Monza,Napoli,0,1,A
19/04/2025,20:45,AS Roma,Hellas Verona,1,0,H
20/04/2025,15:00,Empoli,Venezia,2,2,D
20/04/2025,18:00,Bologna,Inter,1,0,H
20/04/2025,20:45,AC Milan,Atalanta,0,1,A
23/04/2025,18:30,Cagliari,Fiorentina,1,2,A
23/04/2025,,Genoa,Lazio,0,2,A
23/04/2025,,Parma,Juventus,1,0,H
23/04/2025,,Torino,Udinese,2,0,H
27/04/2025,12:30,Como,Genoa,1,0,H
27/04/2025,,Venezia,AC Milan,0,2,A
27/04/2025,15:00,Fiorentina,Empoli,2,1,H
27/04/2025,,Inter,AS Roma,0,1,A
27/04/2025,18:00,Juventus,Monza,2,0,H
27/04/2025,20:45,Atalanta,Lecce,1,1,D
27/04/2025,,Napoli,Torino,2,0,H
28/04/2025,18:30,Udinese,Bologna,0,0,D
28/04/2025,20:45,Hellas Verona,Cagliari,0,2,A
28/04/2025,,Lazio,Parma,2,2,D
02/05/2025,20:45,Torino,Venezia,1,1,D
03/05/2025,15:00,Cagliari,Udinese,1,2,A
03/05/2025,,Parma,Como,0,1,A
03/05/2025,18:00,Lecce,Napoli,0,1,A
03/05/2025,20:45,Inter,Hellas Verona,1,0,H
04/05/2025,12:30,Empoli,Lazio,0,1,A
04/05/2025,15:00,Monza,Atalanta,0,4,A
04/05/2025,18:00,AS Roma,Fiorentina,1,0,H
04/05/2025,20:45,Bologna,Juventus,1,1,D
05/05/2025,20:45,Genoa,AC Milan,1,2,A
09/05/2025,20:45,AC Milan,Bologna,3,1,H
10/05/2025,15:00,Como,Cagliari,3,1,H
10/05/2025,18:00,Lazio,Juventus,1,1,D
10/05/2025,20:45,Empoli,Parma,2,1,H
11/05/2025,12:30,Udinese,Monza,1,2,A
11/05/2025,15:00,Hellas Verona,Lecce,1,1,D
11/05/2025,18:00,Torino,Inter,0,2,A
11/05/2025,20:45,Napoli,Genoa,2,2,D
12/05/2025,18:30,Venezia,Fiorentina,2,1,H
12/05/2025,20:45,Atalanta,AS Roma,2,1,H
17/05/2025,20:45,Genoa,Atalanta,2,3,A
18/05/2025,20:45,Cagliari,Venezia,3,0,H
18/05/2025,,Fiorentina,Bologna,3,2,H
18/05/2025,,Hellas Verona,Como,1,1,D
18/05/2025,,Inter,Lazio,2,2,D
18/05/2025,,Juventus,Udinese,2,0,H
18/05/2025,,Lecce,Torino,1,0,H
18/05/2025,,Monza,Empoli,1,3,A
18/05/2025,,Parma,Napoli,0,0,D
18/05/2025,,AS Roma,AC Milan,3,1,H
23/05/2025,20:45,Como,Inter,0,2,A
23/05/2025,,Napoli,Cagliari,2,0,H
24/05/2025,18:00,Bologna,Genoa,1,3,A
24/05/2025,20:45,AC Milan,Monza,2,0,H
25/05/2025,20:45,Atalanta,Parma,2,3,A
25/05/2025,,Empoli,Hellas Verona,1,2,A
25/05/2025,,Lazio,Lecce,0,1,A
25/05/2025,,Torino,AS Roma,0,2,A
25/05/2025,,Udinese,Fiorentina,2,3,A
25/05/2025,,Venezia,Juventus,2,3,A
23/08/2025,16:30,Sassuolo,Napoli,0,2,A
23/08/2025,18:30,Genoa,Lecce,0,0,D
23/08/2025,20:45,AS Roma,Bologna,1,0,H
23/08/2025,20:45,AC Milan,Cremonese,1,2,A
24/08/2025,18:30,Como,Lazio,2,0,H
24/08/2025,18:30,Cagliari,Fiorentina,1,1,D
24/08/2025,20:45,Juventus,Parma,2,0,H
24/08/2025,20:45,Atalanta,Pisa,1,1,D
25/08/2025,18:30,Udinese,Hellas Verona,1,1,D
25/08/2025,20:45,Inter,Torino,5,0,H
29/08/2025,18:30,Cremonese,Sassuolo,3,2,H
29/08/2025,20:45,Lecce,AC Milan,0,2,A
30/08/2025,18:30,Parma,Atalanta,1,1,D
30/08/2025,18:30,Bologna,Como,1,0,H
30/08/2025,20:45,Napoli,Cagliari,1,0,H
30/08/2025,20:45,Pisa,AS Roma,0,1,A
31/08/2025,18:30,Genoa,Juventus,0,1,A
31/08/2025,18:30,Torino,Fiorentina,0,0,D
31/08/2025,20:45,Lazio,Hellas Verona,4,0,H
31/08/2025,20:45,Inter,Udinese,1,2,A
13/09/2025,15:00,Cagliari,Parma,2,0,H
13/09/2025,18:00,Juventus,Inter,4,3,H
13/09/2025,20:45,Fiorentina,Napoli,1,3,A
14/09/2025,12:30,AS Roma,Torino,0,1,A
14/09/2025,15:00,Atalanta,Lecce,4,1,H
14/09/2025,15:00,Pisa,Udinese,0,1,A
14/09/2025,16:00,Sassuolo,Lazio,1,0,H
14/09/2025,20:45,AC Milan,Bologna,1,0,H
15/09/2025,18:30,Hellas Verona,Cremonese,0,0,D
15/09/2025,20:45,Como,Genoa,1,1,D
19/09/2025,20:45,Lecce,Cagliari,1,2,A
20/09/2025,15:00,Bologna,Genoa,2,1,H
20/09/2025,18:00,Hellas Verona,Juventus,1,1,D
20/09/2025,20:45,Udinese,AC Milan,0,3,A
21/09/2025,12:30,Lazio,AS Roma,0,1,A
21/09/2025,15:00,Cremonese,Parma,0,0,D
21/09/2025,15:00,Torino,Atalanta,0,3,A
21/09/2025,18:00,Fiorentina,Como,1,2,A
21/09/2025,20:45,Inter,Sassuolo,2,1,H
22/09/2025,20:45,Napoli,Pisa,3,2,H
27/09/2025,15:00,Como,Cremonese,1,1,D
27/09/2025,18:00,Juventus,Atalanta,1,1,D
27/09/2025,20:45,Cagliari,Inter,0,2,A
28/09/2025,10:30,Sassuolo,Udinese,3,1,H
28/09/2025,15:00,AS Roma,Hellas Verona,2,0,H
28/09/2025,15:00,Pisa,Fiorentina,0,0,D
28/09/2025,18:00,Lecce,Bologna,2,2,D
28/09/2025,20:45,AC Milan,Napoli,2,1,H
29/09/2025,18:30,Parma,Torino,2,1,H
29/09/2025,20:45,Genoa,Lazio,0,3,A
03/10/2025,20:45,Hellas Verona,Sassuolo,0,1,A
04/10/2025,15:00,Parma,Lecce,0,1,A
04/10/2025,15:00,Lazio,Torino,3,3,D
04/10/2025,18:00,Inter,Cremonese,4,1,H
04/10/2025,20:45,Atalanta,Como,1,1,D
05/10/2025,12:30,Udinese,Cagliari,1,1,D
05/10/2025,15:00,Bologna,Pisa,4,0,H
05/10/2025,15:00,Fiorentina,AS Roma,1,2,A
05/10/2025,18:00,Napoli,Genoa,2,1,H
05/10/2025,20:45,Juventus,AC Milan,0,0,D
18/10/2025,15:00,Lecce,Sassuolo,0,0,D
18/10/2025,15:00,Pisa,Hellas Verona,0,0,D
18/10/2025,18:00,Torino,Napoli,1,0,H
18/10/2025,20:45,AS Roma,Inter,0,1,A
19/10/2025,12:30,Como,Juventus,2,0,H
19/10/2025,15:00,Genoa,Parma,0,0,D
19/10/2025,15:00,Cagliari,Bologna,0,2,A
19/10/2025,18:00,Atalanta,Lazio,0,0,D
19/10/2025,20:45,AC Milan,Fiorentina,2,1,H
20/10/2025,20:45,Cremonese,Udinese,1,1,D
24/10/2025,20:45,AC Milan,Pisa,2,2,D
25/10/2025,15:00,Udinese,Lecce,3,2,H
25/10/2025,15:00,Parma,Como,0,0,D
25/10/2025,18:00,Napoli,Inter,3,1,H
25/10/2025,20:45,Cremonese,Atalanta,1,1,D
26/10/2025,12:30,Torino,Genoa,2,1,H
26/10/2025,14:00,Sassuolo,AS Roma,0,1,A
26/10/2025,15:00,Hellas Verona,Cagliari,2,2,D
26/10/2025,18:00,Fiorentina,Bologna,2,2,D
26/10/2025,20:45,Lazio,Juventus,1,0,H
28/10/2025,18:30,Lecce,Napoli,0,1,A
28/10/2025,20:45,Atalanta,AC Milan,1,1,D
29/10/2025,18:30,Como,Hellas Verona,3,1,H
29/10/2025,18:30,Juventus,Udinese,3,1,H
29/10/2025,18:30,AS Roma,Parma,2,1,H
29/10/2025,20:45,Inter,Fiorentina,3,0,H
29/10/2025,20:45,Genoa,Cremonese,0,2,A
29/10/2025,20:45,Bologna,Torino,0,0,D
30/10/2025,18:30,Cagliari,Sassuolo,1,2,A
30/10/2025,20:45,Pisa,Lazio,0,0,D
01/11/2025,15:00,Udinese,Atalanta,1,0,H
01/11/2025,18:00,Napoli,Como,0,0,D
01/11/2025,20:45,Cremonese,Juventus,1,2,A
02/11/2025,12:30,Hellas Verona,Inter,1,2,A
02/11/2025,15:00,Fiorentina,Lecce,0,1,A
02/11/2025,15:00,Torino,Pisa,2,2,D
02/11/2025,18:00,Parma,Bologna,1,3,A
02/11/2025,20:45,AC Milan,AS Roma,1,0,H
03/11/2025,17:30,Sassuolo,Genoa,1,2,A
03/11/2025,20:45,Lazio,Cagliari,2,0,H
07/11/2025,20:45,Pisa,Cremonese,1,0,H
08/11/2025,15:00,Como,Cagliari,0,0,D
08/11/2025,15:00,Lecce,Hellas Verona,0,0,D
08/11/2025,18:00,Juventus,Torino,0,0,D
08/11/2025,20:45,Parma,AC Milan,2,2,D
09/11/2025,12:30,Atalanta,Sassuolo,0,3,A
09/11/2025,15:00,Genoa,Fiorentina,2,2,D
09/11/2025,15:00,Bologna,Napoli,2,0,H
09/11/2025,18:00,AS Roma,Udinese,2,0,H
09/11/2025,20:45,Inter,Lazio,2,0,H
22/11/2025,15:00,Udinese,Bologna,0,3,A
22/11/2025,15:00,Cagliari,Genoa,3,3,D
22/11/2025,18:00,Fiorentina,Juventus,1,1,D
22/11/2025,20:45,Napoli,Atalanta,3,1,H
23/11/2025,12:30,Hellas Verona,Parma,1,2,A
23/11/2025,15:00,Cremonese,AS Roma,1,3,A
23/11/2025,18:00,Lazio,Lecce,2,0,H
23/11/2025,20:45,Inter,AC Milan,0,1,A
24/11/2025,18:30,Torino,Como,1,5,A
24/11/2025,19:45,Sassuolo,Pisa,2,2,D
28/11/2025,20:45,Como,Sassuolo,2,0,H
29/11/2025,15:00,Parma,Udinese,0,2,A
29/11/2025,15:00,Genoa,Hellas Verona,2,1,H
29/11/2025,18:00,Juventus,Cagliari,2,1,H
29/11/2025,20:45,AC Milan,Lazio,1,0,H
30/11/2025,12:30,Lecce,Torino,2,1,H
30/11/2025,15:00,Pisa,Inter,0,2,A
30/11/2025,18:00,Atalanta,Fiorentina,2,0,H
30/11/2025,20:45,AS Roma,Napoli,0,1,A
01/12/2025,20:45,Bologna,Cremonese,1,3,A
06/12/2025,14:00,Sassuolo,Fiorentina,3,1,H
06/12/2025,18:00,Inter,Como,4,0,H
06/12/2025,20:45,Hellas Verona,Atalanta,3,1,H
07/12/2025,12:30,Cremonese,Lecce,2,0,H
07/12/2025,15:00,Cagliari,AS Roma,1,0,H
07/12/2025,18:00,Lazio,Bologna,1,1,D
07/12/2025,20:45,Napoli,Juventus,2,1,H
08/12/2025,15:00,Pisa,Parma,0,1,A
08/12/2025,18:00,Udinese,Genoa,1,2,A
08/12/2025,20:45,Torino,AC Milan,2,3,A
12/12/2025,20:45,Lecce,Pisa,1,0,H
13/12/2025,15:00,Torino,Cremonese,1,0,H
13/12/2025,18:00,Parma,Lazio,0,1,A
13/12/2025,20:45,Atalanta,Cagliari,2,1,H
14/12/2025,12:30,AC Milan,Sassuolo,2,2,D
14/12/2025,15:00,Fiorentina,Hellas Verona,1,2,A
14/12/2025,15:00,Udinese,Napoli,1,0,H
14/12/2025,18:00,Genoa,Inter,1,2,A
14/12/2025,20:45,Bologna,Juventus,0,1,A
15/12/2025,20:45,AS Roma,Como,1,0,H
20/12/2025,18:00,Lazio,Cremonese,0,0,D
20/12/2025,20:45,Juventus,AS Roma,2,1,H
21/12/2025,12:30,Cagliari,Pisa,2,2,D
21/12/2025,14:00,Sassuolo,Torino,0,1,A
21/12/2025,18:00,Fiorentina,Udinese,5,1,H
21/12/2025,20:45,Genoa,Atalanta,0,1,A
27/12/2025,12:30,Parma,Fiorentina,1,0,H
27/12/2025,15:00,Lecce,Como,0,3,A
27/12/2025,15:00,Torino,Cagliari,1,2,A
27/12/2025,18:00,Udinese,Lazio,1,1,D
27/12/2025,20:45,Pisa,Juventus,0,2,A
28/12/2025,12:30,AC Milan,Hellas Verona,3,0,H
28/12/2025,15:00,Cremonese,Napoli,0,2,A
28/12/2025,18:00,Bologna,Sassuolo,1,1,D
28/12/2025,20:45,Atalanta,Inter,0,1,A
29/12/2025,20:45,AS Roma,Genoa,3,1,H
02/01/2026,20:45,Cagliari,AC Milan,0,1,A
03/01/2026,12:30,Como,Udinese,1,0,H
03/01/2026,14:00,Sassuolo,Parma,1,1,D
03/01/2026,15:00,Genoa,Pisa,1,1,D
03/01/2026,18:00,Juventus,Lecce,1,1,D
03/01/2026,20:45,Atalanta,AS Roma,1,0,H
04/01/2026,12:30,Lazio,Napoli,0,2,A
04/01/2026,15:00,Fiorentina,Cremonese,1,0,H
04/01/2026,18:00,Hellas Verona,Torino,0,3,A
04/01/2026,20:45,Inter,Bologna,3,1,H
06/01/2026,15:00,Pisa,Como,0,3,A
06/01/2026,18:00,Lecce,AS Roma,0,2,A
06/01/2026,19:45,Sassuolo,Juventus,0,3,A
07/01/2026,18:30,Bologna,Atalanta,0,2,A
07/01/2026,18:30,Napoli,Hellas Verona,2,2,D
07/01/2026,20:45,Torino,Udinese,1,2,A
07/01/2026,20:45,Parma,Inter,0,2,A
07/01/2026,20:45,Lazio,Fiorentina,2,2,D
08/01/2026,18:30,Cremonese,Cagliari,2,2,D
08/01/2026,20:45,AC Milan,Genoa,1,1,D
10/01/2026,15:00,Udinese,Pisa,2,2,D
10/01/2026,15:00,Como,Bologna,1,1,D
10/01/2026,18:00,AS Roma,Sassuolo,2,0,H
10/01/2026,20:45,Atalanta,Torino,2,0,H
11/01/2026,12:30,Lecce,Parma,1,2,A
11/01/2026,15:00,Fiorentina,AC Milan,1,1,D
11/01/2026,18:00,Hellas Verona,Lazio,0,1,A
11/01/2026,20:45,Inter,Napoli,2,2,D
12/01/2026,18:30,Genoa,Cagliari,3,0,H
12/01/2026,20:45,Juventus,Cremonese,5,0,H
14/01/2026,18:30,Napoli,Parma,0,0,D
14/01/2026,20:45,Inter,Lecce,1,0,H
15/01/2026,18:30,Hellas Verona,Bologna,2,3,A
15/01/2026,20:45,Como,AC Milan,1,3,A
16/01/2026,20:45,Pisa,Atalanta,1,1,D
17/01/2026,15:00,Udinese,Inter,0,1,A
17/01/2026,18:00,Napoli,Sassuolo,1,0,H
17/01/2026,20:45,Cagliari,Juventus,1,0,H
18/01/2026,12:30,Parma,Genoa,0,0,D
18/01/2026,15:00,Bologna,Fiorentina,1,2,A
18/01/2026,18:00,Torino,AS Roma,0,2,A
18/01/2026,20:45,AC Milan,Lecce,1,0,H
19/01/2026,18:30,Cremonese,Hellas Verona,0,0,D
19/01/2026,20:45,Lazio,Como,0,3,A
23/01/2026,20:45,Inter,Pisa,6,2,H
24/01/2026,15:00,Como,Torino,6,0,H
24/01/2026,18:00,Fiorentina,Cagliari,1,2,A
24/01/2026,20:45,Lecce,Lazio,0,0,D
25/01/2026,11:30,Sassuolo,Cremonese,1,0,H
25/01/2026,15:00,Genoa,Bologna,3,2,H
25/01/2026,15:00,Atalanta,Parma,4,0,H
25/01/2026,18:00,Juventus,Napoli,3,0,H
25/01/2026,20:45,AS Roma,AC Milan,1,1,D
26/01/2026,20:45,Hellas Verona,Udinese,1,3,A
30/01/2026,20:45,Lazio,Genoa,3,2,H
31/01/2026,15:00,Pisa,Sassuolo,1,3,A
31/01/2026,18:00,Napoli,Fiorentina,2,1,H
31/01/2026,20:45,Cagliari,Hellas Verona,4,0,H
01/02/2026,12:30,Torino,Lecce,1,0,H
01/02/2026,15:00,Como,Atalanta,0,0,D
01/02/2026,18:00,Cremonese,Inter,0,2,A
01/02/2026,20:45,Parma,Juventus,1,4,A
02/02/2026,20:45,Udinese,AS Roma,1,0,H
03/02/2026,20:45,Bologna,AC Milan,0,3,A
06/02/2026,20:45,Hellas Verona,Pisa,0,0,D
07/02/2026,18:00,Genoa,Napoli,2,3,A
07/02/2026,20:45,Fiorentina,Torino,2,2,D
08/02/2026,12:30,Bologna,Parma,0,1,A
08/02/2026,15:00,Lecce,Udinese,2,1,H
08/02/2026,17:00,Sassuolo,Inter,0,5,A
08/02/2026,20:45,Juventus,Lazio,2,2,D
09/02/2026,18:30,Atalanta,Cremonese,2,1,H
09/02/2026,20:45,AS Roma,Cagliari,2,0,H
13/02/2026,20:45,Pisa,AC Milan,1,2,A
14/02/2026,15:00,Como,Fiorentina,1,2,A
14/02/2026,18:00,Lazio,Atalanta,0,2,A
14/02/2026,20:45,Inter,Juventus,3,2,H
15/02/2026,12:30,Udinese,Sassuolo,1,2,A
15/02/2026,15:00,Parma,Hellas Verona,2,1,H
15/02/2026,15:00,Cremonese,Genoa,0,0,D
15/02/2026,18:00,Torino,Bologna,1,2,A
15/02/2026,20:45,Napoli,AS Roma,2,2,D
16/02/2026,20:45,Cagliari,Lecce,0,2,A
18/02/2026,20:45,AC Milan,Como,1,1,D
20/02/2026,19:45,Sassuolo,Hellas Verona,3,0,H
21/02/2026,15:00,Juventus,Como,0,2,A
21/02/2026,18:00,Lecce,Inter,0,2,A
21/02/2026,20:45,Cagliari,Lazio,0,0,D
22/02/2026,12:30,Genoa,Torino,3,0,H
22/02/2026,15:00,Atalanta,Napoli,2,1,H
22/02/2026,18:00,AC Milan,Parma,0,1,A
22/02/2026,20:45,AS Roma,Cremonese,3,0,H
23/02/2026,18:30,Fiorentina,Pisa,1,0,H
23/02/2026,20:45,Bologna,Udinese,1,0,H
27/02/2026,20:45,Parma,Cagliari,1,1,D
28/02/2026,15:00,Como,Lecce,3,1,H
28/02/2026,18:00,Hellas Verona,Napoli,1,2,A
28/02/2026,20:45,Inter,Genoa,2,0,H
01/03/2026,12:30,Cremonese,AC Milan,0,2,A
01/03/2026,14:00,Sassuolo,Atalanta,2,1,H
01/03/2026,18:00,Torino,Lazio,2,0,H
01/03/2026,20:45,AS Roma,Juventus,3,3,D
02/03/2026,18:30,Pisa,Bologna,0,1,A
02/03/2026,20:45,Udinese,Fiorentina,3,0,H
06/03/2026,20:45,Napoli,Torino,2,1,H
07/03/2026,15:00,Cagliari,Como,1,2,A
07/03/2026,18:00,Atalanta,Udinese,2,2,D
07/03/2026,20:45,Juventus,Pisa,4,0,H
08/03/2026,12:30,Lecce,Cremonese,2,1,H
08/03/2026,15:00,Bologna,Hellas Verona,1,2,A
08/03/2026,15:00,Fiorentina,Parma,0,0,D
08/03/2026,18:00,Genoa,AS Roma,2,1,H
08/03/2026,20:45,AC Milan,Inter,1,0,H
09/03/2026,20:45,Lazio,Sassuolo,2,1,H
13/03/2026,20:45,Torino,Parma,4,1,H
14/03/2026,15:00,Inter,Atalanta,1,1,D
14/03/2026,18:00,Napoli,Lecce,2,1,H
14/03/2026,20:45,Udinese,Juventus,0,1,A
15/03/2026,12:30,Hellas Verona,Genoa,0,2,A
15/03/2026,14:00,Sassuolo,Bologna,0,1,A
15/03/2026,15:00,Pisa,Cagliari,3,1,H
15/03/2026,18:00,Como,AS Roma,2,1,H
15/03/2026,20:45,Lazio,AC Milan,1,0,H
16/03/2026,20:45,Cremonese,Fiorentina,1,4,A
20/03/2026,18:30,Cagliari,Napoli,0,1,A
20/03/2026,20:45,Genoa,Udinese,0,2,A
21/03/2026,15:00,Parma,Cremonese,0,2,A
21/03/2026,18:00,AC Milan,Torino,3,2,H
21/03/2026,20:45,Juventus,Sassuolo,1,1,D
22/03/2026,12:30,Como,Pisa,5,0,H
22/03/2026,15:00,Atalanta,Hellas Verona,1,0,H
22/03/2026,15:00,Bologna,Lazio,0,2,A
22/03/2026,18:00,AS Roma,Lecce,1,0,H
22/03/2026,20:45,Fiorentina,Inter,1,1,D
04/04/2026,13:00,Sassuolo,Cagliari,2,1,H
04/04/2026,18:00,Hellas Verona,Fiorentina,0,1,A
04/04/2026,20:45,Lazio,Parma,1,1,D
05/04/2026,15:00,Cremonese,Bologna,1,2,A
05/04/2026,18:00,Pisa,Torino,0,1,A
05/04/2026,20:45,Inter,AS Roma,5,2,H
06/04/2026,12:30,Udinese,Como,0,0,D
06/04/2026,15:00,Lecce,Atalanta,0,3,A
06/04/2026,18:00,Juventus,Genoa,2,0,H
06/04/2026,20:45,Napoli,AC Milan,1,0,H
10/04/2026,20:45,AS Roma,Pisa,3,0,H
11/04/2026,15:00,Torino,Hellas Verona,2,1,H
11/04/2026,15:00,Cagliari,Cremonese,1,0,H
11/04/2026,18:00,AC Milan,Udinese,0,3,A
11/04/2026,20:45,Atalanta,Juventus,0,1,A
12/04/2026,12:30,Genoa,Sassuolo,2,1,H
12/04/2026,15:00,Parma,Napoli,1,1,D
12/04/2026,18:00,Bologna,Lecce,2,0,H
12/04/2026,20:45,Como,Inter,3,4,A
13/04/2026,20:45,Fiorentina,Lazio,1,0,H
17/04/2026,16:30,Sassuolo,Como,2,1,H
17/04/2026,20:45,Inter,Cagliari,3,0,H
18/04/2026,15:00,Udinese,Parma,0,1,A
18/04/2026,18:00,Napoli,Lazio,0,2,A
18/04/2026,20:45,AS Roma,Atalanta,1,1,D
19/04/2026,12:30,Cremonese,Torino,0,0,D
19/04/2026,15:00,Hellas Verona,AC Milan,0,1,A
19/04/2026,18:00,Pisa,Genoa,1,2,A
19/04/2026,20:45,Juventus,Bologna,2,0,H
20/04/2026,20:45,Lecce,Fiorentina,1,1,D
24/04/2026,20:45,Napoli,Cremonese,4,0,H
25/04/2026,15:00,Parma,Pisa,1,0,H
25/04/2026,18:00,Bologna,AS Roma,0,2,A
25/04/2026,20:45,Hellas Verona,Lecce,0,0,D
26/04/2026,12:30,Fiorentina,Sassuolo,0,0,D
26/04/2026,15:00,Genoa,Como,0,2,A
26/04/2026,18:00,Torino,Inter,2,2,D
26/04/2026,20:45,AC Milan,Juventus,0,0,D
27/04/2026,18:30,Cagliari,Atalanta,3,2,H
27/04/2026,20:45,Lazio,Udinese,3,3,D
01/05/2026,20:45,Pisa,Lecce,1,2,A
02/05/2026,15:00,Udinese,Torino,2,0,H
02/05/2026,18:00,Como,Napoli,0,0,D
02/05/2026,20:45,Atalanta,Genoa,0,0,D
03/05/2026,12:30,Bologna,Cagliari,0,0,D
03/05/2026,13:00,Sassuolo,AC Milan,2,0,H
03/05/2026,18:00,Juventus,Hellas Verona,1,1,D
03/05/2026,20:45,Inter,Parma,2,0,H
04/05/2026,18:30,Cremonese,Lazio,1,2,A
04/05/2026,20:45,AS Roma,Fiorentina,4,0,H
08/05/2026,20:45,Torino,Sassuolo,2,1,H
09/05/2026,15:00,Cagliari,Udinese,0,2,A
09/05/2026,18:00,Lazio,Inter,0,3,A
09/05/2026,20:45,Lecce,Juventus,0,1,A
10/05/2026,12:30,Hellas Verona,Como,0,1,A
10/05/2026,15:00,Fiorentina,Genoa,0,0,D
10/05/2026,15:00,Cremonese,Pisa,3,0,H
10/05/2026,18:00,Parma,AS Roma,2,3,A
10/05/2026,20:45,AC Milan,Atalanta,2,3,A
11/05/2026,20:45,Napoli,Bologna,2,3,A
17/05/2026,12:00,Genoa,AC Milan,1,2,A
17/05/2026,12:00,Como,Parma,1,0,H
17/05/2026,12:00,Pisa,Napoli,0,3,A
17/05/2026,12:00,Juventus,Fiorentina,0,2,A
17/05/2026,12:00,AS Roma,Lazio,2,0,H
17/05/2026,15:00,Inter,Hellas Verona,1,1,D
17/05/2026,18:00,Atalanta,Bologna,0,1,A
17/05/2026,20:45,Udinese,Cremonese,0,1,A
17/05/2026,20:45,Cagliari,Torino,2,1,H
17/05/2026,18:45,Sassuolo,Lecce,2,3,A
22/05/2026,20:45,Fiorentina,Atalanta,1,1,D
23/05/2026,18:00,Bologna,Inter,3,3,D
23/05/2026,20:45,Lazio,Pisa,2,1,H
24/05/2026,15:00,Parma,Sassuolo,1,0,H
24/05/2026,18:00,Napoli,Udinese,1,0,H
24/05/2026,20:45,AC Milan,Cagliari,1,2,A
24/05/2026,20:45,Cremonese,Como,1,4,A
24/05/2026,20:45,Lecce,Genoa,1,0,H
24/05/2026,20:45,Hellas Verona,AS Roma,0,2,A
24/05/2026,21:45,Torino,Juventus,2,2,D
22/08/2026,18:30,Udinese,Como,1,1,D
22/08/2026,,Inter,Monza,4,1,H
22/08/2026,20:45,Genoa,Napoli,0,2,A
22/08/2026,,Parma,Cagliari,0,1,A
23/08/2026,18:30,Frosinone,Juventus,0,1,A
23/08/2026,,Venezia,Lecce,0,2,A
23/08/2026,20:45,Atalanta,Sassuolo,2,1,H
23/08/2026,,Torino,AC Milan,1,2,A
24/08/2026,18:30,Bologna,Lazio,0,1,A
24/08/2026,20:45,AS Roma,Fiorentina,4,0,H
28/08/2026,20:45,AC Milan,Venezia,2,0,H
29/08/2026,18:30,Sassuolo,Torino,2,1,H
29/08/2026,,Monza,Udinese,2,3,A
29/08/2026,,Fiorentina,Frosinone,0,3,A
29/08/2026,20:45,Juventus,Parma,2,0,H
30/08/2026,18:30,Napoli,Como,1,2,A
30/08/2026,20:45,Lazio,Genoa,1,0,H
30/08/2026,,Cagliari,Inter,0,1,A
31/08/2026,18:30,Lecce,AS Roma,0,4,A
31/08/2026,20:45,Atalanta,Bologna,1,0,H
