Date,Time,HomeTeam,AwayTeam,FTHG,FTAG,FTR
06/08/2021,19:45,Bournemouth,West Brom,2,2,D
07/08/2021,15:00,Cardiff,Barnsley,1,1,D
07/08/2021,,Blackburn Rovers,Swansea,2,1,H
07/08/2021,,Stoke,Reading,3,2,H
07/08/2021,,QPR,Millwall,1,1,D
07/08/2021,,Luton Town,Peterborough United,3,0,H
07/08/2021,,Derby County,Huddersfield,1,1,D
07/08/2021,,Bristol City,Blackpool,1,1,D
07/08/2021,,Preston North End,Hull City,1,4,A
07/08/2021,20:00,Sheffield United,Birmingham City,0,1,A
08/08/2021,13:30,Fulham,Middlesbrough,1,1,D
08/08/2021,16:30,Coventry City,Nottingham Forest,2,1,H
14/08/2021,12:30,Peterborough United,Derby County,2,1,H
14/08/2021,15:00,Blackpool,Cardiff,0,2,A
14/08/2021,,West Brom,Luton Town,3,2,H
14/08/2021,,Reading,Preston North End,2,1,H
14/08/2021,,Nottingham Forest,Bournemouth,1,2,A
14/08/2021,,Millwall,Blackburn Rovers,1,1,D
14/08/2021,,Middlesbrough,Bristol City,2,1,H
14/08/2021,,Hull City,QPR,0,3,A
14/08/2021,,Huddersfield,Fulham,1,5,A
14/08/2021,,Birmingham City,Stoke,0,0,D
14/08/2021,,Barnsley,Coventry City,1,0,H
14/08/2021,20:00,Swansea,Sheffield United,0,0,D
17/08/2021,19:45,Swansea,Stoke,1,3,A
17/08/2021,,Peterborough United,Cardiff,2,2,D
17/08/2021,,Millwall,Fulham,1,2,A
17/08/2021,,Huddersfield,Preston North End,1,0,H
17/08/2021,,Blackpool,Coventry City,0,1,A
17/08/2021,,Barnsley,Luton Town,0,1,A
17/08/2021,20:00,Reading,Bristol City,2,3,A
18/08/2021,19:45,Nottingham Forest,Blackburn Rovers,1,2,A
18/08/2021,,Middlesbrough,QPR,2,3,A
18/08/2021,,Hull City,Derby County,0,1,A
18/08/2021,,Birmingham City,Bournemouth,0,2,A
18/08/2021,20:00,West Brom,Sheffield United,4,0,H
20/08/2021,19:45,Bristol City,Swansea,0,1,A
21/08/2021,12:30,QPR,Barnsley,2,2,D
21/08/2021,15:00,Fulham,Hull City,2,0,H
21/08/2021,,Derby County,Middlesbrough,0,0,D
21/08/2021,,Coventry City,Reading,2,1,H
21/08/2021,,Bournemouth,Blackpool,2,2,D
21/08/2021,,Blackburn Rovers,West Brom,1,2,A
21/08/2021,,Cardiff,Millwall,3,1,H
21/08/2021,,Stoke,Nottingham Forest,1,0,H
21/08/2021,,Sheffield United,Huddersfield,1,2,A
21/08/2021,,Preston North End,Peterborough United,1,0,H
21/08/2021,,Luton Town,Birmingham City,0,5,A
28/08/2021,12:30,Cardiff,Bristol City,1,2,A
28/08/2021,,Derby County,Nottingham Forest,1,1,D
28/08/2021,15:00,Preston North End,Swansea,3,1,H
28/08/2021,,QPR,Coventry City,2,0,H
28/08/2021,,Millwall,Blackpool,2,1,H
28/08/2021,,Middlesbrough,Blackburn Rovers,1,1,D
28/08/2021,,Luton Town,Sheffield United,0,0,D
28/08/2021,,Hull City,Bournemouth,0,0,D
28/08/2021,,Huddersfield,Reading,4,0,H
28/08/2021,,Fulham,Stoke,3,0,H
28/08/2021,,Barnsley,Birmingham City,1,1,D
28/08/2021,20:00,Peterborough United,West Brom,0,1,A
10/09/2021,20:00,Birmingham City,Derby County,2,0,H
11/09/2021,15:00,Swansea,Hull City,0,0,D
11/09/2021,,West Brom,Millwall,1,1,D
11/09/2021,,Stoke,Huddersfield,2,1,H
11/09/2021,,Sheffield United,Peterborough United,6,2,H
11/09/2021,,Reading,QPR,3,3,D
11/09/2021,,Coventry City,Middlesbrough,2,0,H
11/09/2021,,Bristol City,Preston North End,0,0,D
11/09/2021,,Bournemouth,Barnsley,3,0,H
11/09/2021,,Blackpool,Fulham,1,0,H
11/09/2021,,Blackburn Rovers,Luton Town,2,2,D
12/09/2021,14:30,Nottingham Forest,Cardiff,1,2,A
14/09/2021,19:45,Sheffield United,Preston North End,2,2,D
14/09/2021,,Bournemouth,QPR,2,1,H
14/09/2021,,Blackpool,Huddersfield,0,3,A
14/09/2021,,Blackburn Rovers,Hull City,2,0,H
14/09/2021,20:00,West Brom,Derby County,0,0,D
14/09/2021,,Reading,Peterborough United,3,1,H
15/09/2021,19:45,Stoke,Barnsley,1,1,D
15/09/2021,,Swansea,Millwall,0,0,D
15/09/2021,,Coventry City,Cardiff,1,0,H
15/09/2021,,Nottingham Forest,Middlesbrough,0,2,A
15/09/2021,,Bristol City,Luton Town,1,1,D
15/09/2021,,Birmingham City,Fulham,1,4,A
18/09/2021,12:30,Hull City,Sheffield United,1,3,A
18/09/2021,15:00,Luton Town,Swansea,3,3,D
18/09/2021,,Cardiff,Bournemouth,0,1,A
18/09/2021,,QPR,Bristol City,1,2,A
18/09/2021,,Preston North End,West Brom,1,1,D
18/09/2021,,Peterborough United,Birmingham City,3,0,H
18/09/2021,,Millwall,Coventry City,1,1,D
18/09/2021,,Middlesbrough,Blackpool,1,2,A
18/09/2021,,Huddersfield,Nottingham Forest,0,2,A
18/09/2021,,Fulham,Reading,1,2,A
18/09/2021,,Derby County,Stoke,2,1,H
18/09/2021,,Barnsley,Blackburn Rovers,0,0,D
24/09/2021,19:45,Coventry City,Peterborough United,3,0,H
24/09/2021,20:00,West Brom,QPR,2,1,H
25/09/2021,12:30,Reading,Middlesbrough,1,0,H
25/09/2021,15:00,Swansea,Huddersfield,1,0,H
25/09/2021,,Blackburn Rovers,Cardiff,5,1,H
25/09/2021,,Stoke,Hull City,2,0,H
25/09/2021,,Sheffield United,Derby County,1,0,H
25/09/2021,,Nottingham Forest,Millwall,1,1,D
25/09/2021,,Bristol City,Fulham,1,1,D
25/09/2021,,Bournemouth,Luton Town,2,1,H
25/09/2021,,Blackpool,Barnsley,1,0,H
25/09/2021,,Birmingham City,Preston North End,0,0,D
28/09/2021,19:45,Cardiff,West Brom,0,4,A
28/09/2021,,QPR,Birmingham City,2,0,H
28/09/2021,,Preston North End,Stoke,1,1,D
28/09/2021,,Middlesbrough,Sheffield United,2,0,H
28/09/2021,,Hull City,Blackpool,1,1,D
28/09/2021,,Huddersfield,Blackburn Rovers,3,2,H
29/09/2021,19:45,Fulham,Swansea,3,1,H
29/09/2021,,Peterborough United,Bournemouth,0,0,D
29/09/2021,,Millwall,Bristol City,1,0,H
29/09/2021,,Luton Town,Coventry City,5,0,H
29/09/2021,,Derby County,Reading,1,0,H
29/09/2021,,Barnsley,Nottingham Forest,1,3,A
01/10/2021,19:45,Stoke,West Brom,1,0,H
02/10/2021,12:30,Coventry City,Fulham,4,1,H
02/10/2021,15:00,Derby County,Swansea,0,0,D
02/10/2021,,Cardiff,Reading,0,1,A
02/10/2021,,QPR,Preston North End,3,2,H
02/10/2021,,Peterborough United,Bristol City,2,3,A
02/10/2021,,Luton Town,Huddersfield,0,0,D
02/10/2021,,Hull City,Middlesbrough,2,0,H
02/10/2021,,Bournemouth,Sheffield United,2,1,H
02/10/2021,,Blackpool,Blackburn Rovers,2,1,H
02/10/2021,,Birmingham City,Nottingham Forest,0,3,A
02/10/2021,,Barnsley,Millwall,0,1,A
15/10/2021,20:00,West Brom,Birmingham City,1,0,H
16/10/2021,12:30,Fulham,QPR,4,1,H
16/10/2021,15:00,Sheffield United,Stoke,2,1,H
16/10/2021,,Reading,Barnsley,1,0,H
16/10/2021,,Preston North End,Derby County,0,0,D
16/10/2021,,Nottingham Forest,Blackpool,2,1,H
16/10/2021,,Millwall,Luton Town,0,2,A
16/10/2021,,Middlesbrough,Peterborough United,2,0,H
16/10/2021,,Huddersfield,Hull City,2,0,H
16/10/2021,,Bristol City,Bournemouth,0,2,A
16/10/2021,,Blackburn Rovers,Coventry City,2,2,D
17/10/2021,12:00,Swansea,Cardiff,3,0,H
19/10/2021,19:45,Stoke,Bournemouth,0,1,A
19/10/2021,,Sheffield United,Millwall,1,2,A
19/10/2021,,QPR,Blackburn Rovers,1,0,H
19/10/2021,,Derby County,Luton Town,2,2,D
19/10/2021,,Bristol City,Nottingham Forest,1,2,A
20/10/2021,19:45,Swansea,West Brom,2,1,H
20/10/2021,,Preston North End,Coventry City,2,1,H
20/10/2021,,Middlesbrough,Barnsley,2,0,H
20/10/2021,,Hull City,Peterborough United,1,2,A
20/10/2021,,Huddersfield,Birmingham City,0,0,D
20/10/2021,,Fulham,Cardiff,2,0,H
20/10/2021,20:00,Reading,Blackpool,2,3,A
23/10/2021,12:30,Cardiff,Middlesbrough,0,2,A
23/10/2021,15:00,Birmingham City,Swansea,2,1,H
23/10/2021,,West Brom,Bristol City,3,0,H
23/10/2021,,Peterborough United,QPR,2,1,H
23/10/2021,,Millwall,Stoke,2,1,H
23/10/2021,,Luton Town,Hull City,1,0,H
23/10/2021,,Coventry City,Derby County,1,1,D
23/10/2021,,Bournemouth,Huddersfield,3,0,H
23/10/2021,,Blackpool,Preston North End,2,0,H
23/10/2021,,Blackburn Rovers,Reading,2,0,H
24/10/2021,12:30,Barnsley,Sheffield United,2,3,A
24/10/2021,15:00,Nottingham Forest,Fulham,0,4,A
29/10/2021,19:45,QPR,Nottingham Forest,1,1,D
30/10/2021,12:30,Fulham,West Brom,3,0,H
30/10/2021,15:00,Swansea,Peterborough United,3,0,H
30/10/2021,,Stoke,Cardiff,3,3,D
30/10/2021,,Sheffield United,Blackpool,0,1,A
30/10/2021,,Preston North End,Luton Town,2,0,H
30/10/2021,,Middlesbrough,Birmingham City,0,2,A
30/10/2021,,Hull City,Coventry City,0,1,A
30/10/2021,,Huddersfield,Millwall,1,0,H
30/10/2021,,Derby County,Blackburn Rovers,1,2,A
30/10/2021,,Bristol City,Barnsley,2,1,H
30/10/2021,20:00,Reading,Bournemouth,0,2,A
02/11/2021,19:45,Coventry City,Swansea,1,2,A
02/11/2021,,Peterborough United,Huddersfield,1,1,D
02/11/2021,,Nottingham Forest,Sheffield United,1,1,D
02/11/2021,,Millwall,Reading,1,0,H
02/11/2021,,Luton Town,Middlesbrough,3,1,H
02/11/2021,,Birmingham City,Bristol City,3,0,H
03/11/2021,19:45,Cardiff,QPR,0,1,A
03/11/2021,,Bournemouth,Preston North End,1,2,A
03/11/2021,,Blackpool,Stoke,0,1,A
03/11/2021,,Barnsley,Derby County,2,1,H
03/11/2021,,Blackburn Rovers,Fulham,0,7,A
03/11/2021,20:00,West Brom,Hull City,1,0,H
06/11/2021,15:00,Cardiff,Huddersfield,2,1,H
06/11/2021,,Bournemouth,Swansea,4,0,H
06/11/2021,,West Brom,Middlesbrough,1,1,D
06/11/2021,,Peterborough United,Fulham,0,1,A
06/11/2021,,Nottingham Forest,Preston North End,3,0,H
06/11/2021,,Millwall,Derby County,1,1,D
06/11/2021,,Luton Town,Stoke,0,1,A
06/11/2021,,Coventry City,Bristol City,3,2,H
06/11/2021,,Blackburn Rovers,Sheffield United,3,1,H
06/11/2021,,Barnsley,Hull City,0,2,A
06/11/2021,15:30,Birmingham City,Reading,1,2,A
06/11/2021,17:30,Blackpool,QPR,1,1,D
19/11/2021,19:45,QPR,Luton Town,2,0,H
20/11/2021,12:30,Sheffield United,Coventry City,0,0,D
20/11/2021,15:00,Swansea,Blackpool,1,1,D
20/11/2021,,Preston North End,Cardiff,1,2,A
20/11/2021,,Stoke,Peterborough United,2,0,H
20/11/2021,,Reading,Nottingham Forest,1,1,D
20/11/2021,,Middlesbrough,Millwall,1,1,D
20/11/2021,,Hull City,Birmingham City,2,0,H
20/11/2021,,Huddersfield,West Brom,1,0,H
20/11/2021,,Fulham,Barnsley,4,1,H
20/11/2021,,Bristol City,Blackburn Rovers,1,1,D
21/11/2021,12:00,Derby County,Bournemouth,3,2,H
23/11/2021,19:45,Nottingham Forest,Luton Town,0,0,D
23/11/2021,,Middlesbrough,Preston North End,1,2,A
23/11/2021,,Coventry City,Birmingham City,0,0,D
23/11/2021,,Blackpool,West Brom,0,0,D
23/11/2021,20:00,Reading,Sheffield United,0,1,A
24/11/2021,19:45,Cardiff,Hull City,0,1,A
24/11/2021,,Barnsley,Swansea,0,2,A
24/11/2021,,QPR,Huddersfield,1,0,H
24/11/2021,,Millwall,Bournemouth,1,1,D
24/11/2021,,Bristol City,Stoke,1,0,H
24/11/2021,,Blackburn Rovers,Peterborough United,4,0,H
24/11/2021,,Fulham,Derby County,0,0,D
26/11/2021,20:00,West Brom,Nottingham Forest,0,0,D
27/11/2021,12:30,Preston North End,Fulham,1,1,D
27/11/2021,15:00,Swansea,Reading,2,3,A
27/11/2021,,Luton Town,Cardiff,1,2,A
27/11/2021,,Stoke,Blackburn Rovers,0,1,A
27/11/2021,,Peterborough United,Barnsley,0,0,D
27/11/2021,,Hull City,Millwall,2,1,H
27/11/2021,,Huddersfield,Middlesbrough,1,2,A
27/11/2021,,Bournemouth,Coventry City,2,2,D
27/11/2021,,Birmingham City,Blackpool,1,0,H
28/11/2021,12:30,Sheffield United,Bristol City,2,0,H
29/11/2021,19:45,Derby County,QPR,1,2,A
03/12/2021,19:45,Fulham,Bournemouth,1,1,D
04/12/2021,12:30,Coventry City,West Brom,1,2,A
04/12/2021,15:00,Middlesbrough,Swansea,1,0,H
04/12/2021,,Cardiff,Sheffield United,2,3,A
04/12/2021,,Reading,Hull City,1,1,D
04/12/2021,,Nottingham Forest,Peterborough United,2,0,H
04/12/2021,,Millwall,Birmingham City,3,1,H
04/12/2021,,Bristol City,Derby County,1,0,H
04/12/2021,,Blackpool,Luton Town,0,3,A
04/12/2021,,Blackburn Rovers,Preston North End,1,0,H
04/12/2021,,Barnsley,Huddersfield,1,1,D
05/12/2021,14:30,QPR,Stoke,0,2,A
11/12/2021,12:30,Huddersfield,Coventry City,1,1,D
11/12/2021,15:00,Swansea,Nottingham Forest,1,4,A
11/12/2021,,Birmingham City,Cardiff,2,2,D
11/12/2021,,West Brom,Reading,1,0,H
11/12/2021,,Stoke,Middlesbrough,0,0,D
11/12/2021,,Preston North End,Barnsley,2,1,H
11/12/2021,,Peterborough United,Millwall,2,1,H
11/12/2021,,Luton Town,Fulham,1,1,D
11/12/2021,,Hull City,Bristol City,2,2,D
11/12/2021,,Derby County,Blackpool,1,0,H
11/12/2021,,Bournemouth,Blackburn Rovers,0,2,A
17/12/2021,19:45,Barnsley,West Brom,0,0,D
18/12/2021,12:30,Middlesbrough,Bournemouth,1,0,H
18/12/2021,15:00,Nottingham Forest,Hull City,2,1,H
18/12/2021,,Bristol City,Huddersfield,2,3,A
18/12/2021,,Blackpool,Peterborough United,3,1,H
18/12/2021,,Blackburn Rovers,Birmingham City,4,0,H
20/12/2021,19:45,Fulham,Sheffield United,0,1,A
26/12/2021,15:00,Middlesbrough,Nottingham Forest,2,0,H
26/12/2021,,Huddersfield,Blackpool,3,2,H
27/12/2021,15:00,Derby County,West Brom,1,0,H
27/12/2021,17:30,QPR,Bournemouth,0,1,A
29/12/2021,19:45,Coventry City,Millwall,0,1,A
29/12/2021,,Blackpool,Middlesbrough,1,2,A
29/12/2021,,Blackburn Rovers,Barnsley,2,1,H
30/12/2021,19:45,Bournemouth,Cardiff,3,0,H
30/12/2021,,Nottingham Forest,Huddersfield,0,1,A
30/12/2021,,Bristol City,QPR,1,2,A
30/12/2021,,Stoke,Derby County,1,2,A
01/01/2022,15:00,Blackpool,Hull City,1,0,H
02/01/2022,13:00,Bristol City,Millwall,3,2,H
02/01/2022,14:00,West Brom,Cardiff,1,1,D
02/01/2022,,Blackburn Rovers,Huddersfield,0,0,D
02/01/2022,,Birmingham City,QPR,1,2,A
03/01/2022,15:00,Stoke,Preston North End,1,2,A
03/01/2022,,Reading,Derby County,2,2,D
11/01/2022,20:00,Reading,Fulham,0,7,A
15/01/2022,12:30,Cardiff,Blackburn Rovers,0,1,A
15/01/2022,,Luton Town,Bournemouth,3,2,H
15/01/2022,15:00,Huddersfield,Swansea,1,1,D
15/01/2022,,QPR,West Brom,1,0,H
15/01/2022,,Preston North End,Birmingham City,1,1,D
15/01/2022,,Peterborough United,Coventry City,1,4,A
15/01/2022,,Millwall,Nottingham Forest,0,1,A
15/01/2022,,Middlesbrough,Reading,2,1,H
15/01/2022,,Fulham,Bristol City,6,2,H
15/01/2022,,Derby County,Sheffield United,2,0,H
16/01/2022,12:00,Hull City,Stoke,0,2,A
18/01/2022,19:45,Preston North End,Sheffield United,2,2,D
18/01/2022,,Fulham,Birmingham City,6,2,H
19/01/2022,19:45,Hull City,Blackburn Rovers,2,0,H
19/01/2022,20:00,Reading,Luton Town,0,2,A
22/01/2022,12:30,Bristol City,Cardiff,3,2,H
22/01/2022,,Nottingham Forest,Derby County,2,1,H
22/01/2022,15:00,Swansea,Preston North End,1,0,H
22/01/2022,,West Brom,Peterborough United,3,0,H
22/01/2022,,Stoke,Fulham,2,3,A
22/01/2022,,Sheffield United,Luton Town,2,0,H
22/01/2022,,Reading,Huddersfield,3,4,A
22/01/2022,,Coventry City,QPR,1,2,A
22/01/2022,,Bournemouth,Hull City,0,1,A
22/01/2022,,Blackpool,Millwall,1,0,H
22/01/2022,,Birmingham City,Barnsley,2,1,H
24/01/2022,19:45,Blackburn Rovers,Middlesbrough,1,0,H
25/01/2022,19:45,Birmingham City,Peterborough United,2,2,D
25/01/2022,19:45,Luton Town,Bristol City,2,1,H
25/01/2022,19:45,QPR,Swansea,0,0,D
25/01/2022,,Coventry City,Stoke,1,0,H
25/01/2022,19:45,Nottingham Forest,Barnsley,3,0,H
26/01/2022,20:00,West Brom,Preston North End,0,2,A
28/01/2022,19:45,Huddersfield,Stoke,1,1,D
29/01/2022,15:00,Hull City,Swansea,2,0,H
29/01/2022,,QPR,Reading,4,0,H
29/01/2022,,Preston North End,Bristol City,2,2,D
29/01/2022,,Millwall,West Brom,2,0,H
29/01/2022,,Middlesbrough,Coventry City,1,0,H
29/01/2022,,Luton Town,Blackburn Rovers,0,0,D
29/01/2022,,Fulham,Blackpool,1,1,D
29/01/2022,,Barnsley,Bournemouth,0,1,A
29/01/2022,17:30,Peterborough United,Sheffield United,0,2,A
30/01/2022,13:30,Derby County,Birmingham City,2,2,D
30/01/2022,16:00,Cardiff,Nottingham Forest,2,1,H
01/02/2022,19:45,Swansea,Luton Town,0,1,A
01/02/2022,19:45,Millwall,Preston North End,0,0,D
02/02/2022,19:45,Barnsley,Cardiff,0,1,A
02/02/2022,,Huddersfield,Derby County,2,0,H
04/02/2022,19:45,Birmingham City,Sheffield United,1,2,A
05/02/2022,15:00,Hull City,Preston North End,0,1,A
05/02/2022,,Blackpool,Bristol City,3,1,H
05/02/2022,17:30,Swansea,Blackburn Rovers,1,0,H
08/02/2022,19:45,Stoke,Swansea,3,0,H
08/02/2022,,Luton Town,Barnsley,2,1,H
08/02/2022,,Fulham,Millwall,3,0,H
08/02/2022,,Derby County,Hull City,3,1,H
08/02/2022,,Coventry City,Blackpool,1,1,D
09/02/2022,19:45,Sheffield United,West Brom,2,0,H
09/02/2022,,QPR,Middlesbrough,2,2,D
09/02/2022,,Preston North End,Huddersfield,0,0,D
09/02/2022,,Bristol City,Reading,2,1,H
09/02/2022,,Bournemouth,Birmingham City,3,1,H
09/02/2022,,Blackburn Rovers,Nottingham Forest,0,2,A
09/02/2022,,Cardiff,Peterborough United,4,0,H
12/02/2022,12:30,Huddersfield,Sheffield United,0,0,D
12/02/2022,15:00,Millwall,Cardiff,2,1,H
12/02/2022,,Reading,Coventry City,2,3,A
12/02/2022,,Peterborough United,Preston North End,0,1,A
12/02/2022,,Nottingham Forest,Stoke,2,2,D
12/02/2022,,Middlesbrough,Derby County,4,1,H
12/02/2022,,Hull City,Fulham,0,1,A
12/02/2022,,Blackpool,Bournemouth,1,2,A
12/02/2022,,Birmingham City,Luton Town,3,0,H
12/02/2022,,Barnsley,QPR,1,0,H
13/02/2022,13:00,Swansea,Bristol City,3,1,H
14/02/2022,20:00,West Brom,Blackburn Rovers,0,0,D
15/02/2022,19:45,Sheffield United,Hull City,0,0,D
15/02/2022,19:45,Cardiff,Coventry City,2,0,H
15/02/2022,19:45,Millwall,QPR,2,0,H
16/02/2022,19:45,Peterborough United,Reading,0,0,D
19/02/2022,12:30,Fulham,Huddersfield,1,2,A
19/02/2022,15:00,Sheffield United,Swansea,4,0,H
19/02/2022,,Cardiff,Blackpool,1,1,D
19/02/2022,,Stoke,Birmingham City,2,2,D
19/02/2022,,QPR,Hull City,1,1,D
19/02/2022,,Preston North End,Reading,2,3,A
19/02/2022,,Luton Town,West Brom,2,0,H
19/02/2022,,Derby County,Peterborough United,1,0,H
19/02/2022,,Coventry City,Barnsley,1,0,H
19/02/2022,,Bristol City,Middlesbrough,2,1,H
22/02/2022,19:45,Preston North End,Nottingham Forest,0,0,D
22/02/2022,,Middlesbrough,West Brom,2,1,H
22/02/2022,,Hull City,Barnsley,0,2,A
22/02/2022,,Bristol City,Coventry City,1,2,A
22/02/2022,20:00,Reading,Birmingham City,2,1,H
23/02/2022,19:45,Stoke,Luton Town,1,2,A
23/02/2022,,Huddersfield,Cardiff,2,1,H
23/02/2022,,Sheffield United,Blackburn Rovers,1,0,H
23/02/2022,,QPR,Blackpool,2,1,H
23/02/2022,,Fulham,Peterborough United,2,1,H
23/02/2022,,Derby County,Millwall,1,2,A
26/02/2022,12:30,Blackburn Rovers,QPR,1,0,H
26/02/2022,15:00,Cardiff,Fulham,0,1,A
26/02/2022,,Peterborough United,Hull City,0,3,A
26/02/2022,,Nottingham Forest,Bristol City,2,0,H
26/02/2022,,Millwall,Sheffield United,1,0,H
26/02/2022,,Luton Town,Derby County,1,0,H
26/02/2022,,Coventry City,Preston North End,1,1,D
26/02/2022,,Bournemouth,Stoke,2,1,H
26/02/2022,,Blackpool,Reading,4,1,H
26/02/2022,,Birmingham City,Huddersfield,0,2,A
26/02/2022,,Barnsley,Middlesbrough,3,2,H
28/02/2022,20:00,West Brom,Swansea,0,2,A
01/03/2022,19:45,Cardiff,Derby County,1,0,H
04/03/2022,19:45,Sheffield United,Nottingham Forest,1,1,D
04/03/2022,,Huddersfield,Peterborough United,3,0,H
05/03/2022,12:30,Fulham,Blackburn Rovers,2,0,H
05/03/2022,15:00,Swansea,Coventry City,3,1,H
05/03/2022,,QPR,Cardiff,1,2,A
05/03/2022,,Stoke,Blackpool,0,1,A
05/03/2022,,Reading,Millwall,0,1,A
05/03/2022,,Preston North End,Bournemouth,2,1,H
05/03/2022,,Middlesbrough,Luton Town,2,1,H
05/03/2022,,Hull City,West Brom,0,2,A
05/03/2022,,Derby County,Barnsley,2,0,H
05/03/2022,,Bristol City,Birmingham City,1,2,A
08/03/2022,19:45,Barnsley,Stoke,1,1,D
08/03/2022,19:45,Blackburn Rovers,Millwall,0,0,D
08/03/2022,19:45,Swansea,Fulham,1,5,A
08/03/2022,,Sheffield United,Middlesbrough,4,1,H
08/03/2022,,Coventry City,Luton Town,0,1,A
08/03/2022,,Bournemouth,Peterborough United,1,1,D
11/03/2022,20:00,West Brom,Huddersfield,2,2,D
12/03/2022,12:30,Barnsley,Fulham,1,1,D
12/03/2022,15:00,Cardiff,Preston North End,0,0,D
12/03/2022,,Blackpool,Swansea,1,0,H
12/03/2022,,Peterborough United,Stoke,2,2,D
12/03/2022,,Nottingham Forest,Reading,4,0,H
12/03/2022,,Millwall,Middlesbrough,0,0,D
12/03/2022,,Coventry City,Sheffield United,4,1,H
12/03/2022,,Bournemouth,Derby County,2,0,H
12/03/2022,,Blackburn Rovers,Bristol City,0,1,A
12/03/2022,,Birmingham City,Hull City,0,0,D
13/03/2022,12:00,Luton Town,QPR,1,2,A
15/03/2022,19:45,Bournemouth,Reading,1,1,D
15/03/2022,,Blackburn Rovers,Derby County,3,1,H
15/03/2022,,Birmingham City,Middlesbrough,0,2,A
15/03/2022,,Barnsley,Bristol City,2,0,H
15/03/2022,20:00,West Brom,Fulham,1,0,H
16/03/2022,19:45,Peterborough United,Swansea,2,3,A
16/03/2022,,Cardiff,Stoke,2,1,H
16/03/2022,,Millwall,Huddersfield,2,0,H
16/03/2022,,Luton Town,Preston North End,4,0,H
16/03/2022,,Coventry City,Hull City,0,2,A
16/03/2022,,Blackpool,Sheffield United,0,0,D
16/03/2022,,Nottingham Forest,QPR,3,1,H
19/03/2022,12:30,Sheffield United,Barnsley,2,0,H
19/03/2022,,Derby County,Coventry City,1,1,D
19/03/2022,15:00,Swansea,Birmingham City,0,0,D
19/03/2022,,Stoke,Millwall,2,0,H
19/03/2022,,Reading,Blackburn Rovers,1,0,H
19/03/2022,,Hull City,Luton Town,1,3,A
19/03/2022,,Huddersfield,Bournemouth,0,3,A
19/03/2022,,Bristol City,West Brom,2,2,D
20/03/2022,12:30,QPR,Peterborough United,1,3,A
01/04/2022,19:45,Hull City,Huddersfield,0,1,A
02/04/2022,12:30,Blackpool,Nottingham Forest,1,4,A
02/04/2022,15:00,Cardiff,Swansea,0,4,A
02/04/2022,,Stoke,Sheffield United,1,0,H
02/04/2022,,QPR,Fulham,0,2,A
02/04/2022,,Peterborough United,Middlesbrough,0,4,A
02/04/2022,,Luton Town,Millwall,2,2,D
02/04/2022,,Derby County,Preston North End,1,0,H
02/04/2022,,Coventry City,Blackburn Rovers,2,2,D
02/04/2022,,Bournemouth,Bristol City,3,2,H
02/04/2022,,Barnsley,Reading,1,1,D
03/04/2022,15:00,Birmingham City,West Brom,1,0,H
05/04/2022,19:45,Millwall,Swansea,0,1,A
05/04/2022,19:45,Sheffield United,QPR,1,0,H
05/04/2022,19:45,Preston North End,Blackpool,1,0,H
05/04/2022,19:45,Peterborough United,Luton Town,1,1,D
05/04/2022,20:00,Reading,Stoke,2,1,H
06/04/2022,19:45,Nottingham Forest,Coventry City,2,0,H
06/04/2022,,Middlesbrough,Fulham,0,1,A
06/04/2022,20:00,West Brom,Bournemouth,2,0,H
09/04/2022,12:45,Sheffield United,Bournemouth,0,0,D
09/04/2022,15:00,Swansea,Derby County,2,1,H
09/04/2022,,Reading,Cardiff,1,2,A
09/04/2022,,West Brom,Stoke,1,3,A
09/04/2022,,Preston North End,QPR,2,1,H
09/04/2022,,Nottingham Forest,Birmingham City,2,0,H
09/04/2022,,Millwall,Barnsley,4,1,H
09/04/2022,,Middlesbrough,Hull City,0,1,A
09/04/2022,,Bristol City,Peterborough United,1,1,D
09/04/2022,,Blackburn Rovers,Blackpool,1,1,D
10/04/2022,15:00,Fulham,Coventry City,1,3,A
11/04/2022,19:45,Huddersfield,Luton Town,2,0,H
15/04/2022,12:30,Luton Town,Nottingham Forest,1,0,H
15/04/2022,15:00,Swansea,Barnsley,1,1,D
15/04/2022,,Hull City,Cardiff,2,1,H
15/04/2022,,West Brom,Blackpool,2,1,H
15/04/2022,,Stoke,Bristol City,0,1,A
15/04/2022,,Sheffield United,Reading,1,2,A
15/04/2022,,Preston North End,Millwall,1,1,D
15/04/2022,,Peterborough United,Blackburn Rovers,2,1,H
15/04/2022,,Bournemouth,Middlesbrough,0,0,D
15/04/2022,,Birmingham City,Coventry City,2,4,A
15/04/2022,17:30,Huddersfield,QPR,2,2,D
15/04/2022,20:00,Derby County,Fulham,2,1,H
18/04/2022,12:30,Middlesbrough,Huddersfield,0,2,A
18/04/2022,15:00,Reading,Swansea,4,4,D
18/04/2022,,Cardiff,Luton Town,0,1,A
18/04/2022,,QPR,Derby County,1,0,H
18/04/2022,,Millwall,Hull City,2,1,H
18/04/2022,,Coventry City,Bournemouth,0,3,A
18/04/2022,,Blackpool,Birmingham City,6,1,H
18/04/2022,,Blackburn Rovers,Stoke,0,1,A
18/04/2022,,Barnsley,Peterborough United,0,2,A
18/04/2022,17:30,Bristol City,Sheffield United,1,1,D
18/04/2022,20:00,Nottingham Forest,West Brom,4,0,H
19/04/2022,19:45,Fulham,Preston North End,3,0,H
22/04/2022,19:45,Huddersfield,Barnsley,2,1,H
23/04/2022,12:30,Luton Town,Blackpool,1,1,D
23/04/2022,15:00,Swansea,Middlesbrough,1,1,D
23/04/2022,,Sheffield United,Cardiff,1,0,H
23/04/2022,,West Brom,Coventry City,0,0,D
23/04/2022,,Stoke,QPR,1,0,H
23/04/2022,,Peterborough United,Nottingham Forest,0,1,A
23/04/2022,,Hull City,Reading,3,0,H
23/04/2022,,Derby County,Bristol City,1,3,A
23/04/2022,,Bournemouth,Fulham,1,1,D
23/04/2022,,Birmingham City,Millwall,2,2,D
25/04/2022,19:30,Preston North End,Blackburn Rovers,1,4,A
26/04/2022,19:45,Fulham,Nottingham Forest,0,1,A
26/04/2022,19:45,Swansea,Bournemouth,3,3,D
26/04/2022,19:45,Barnsley,Blackpool,0,2,A
27/04/2022,19:45,Middlesbrough,Cardiff,2,0,H
29/04/2022,19:45,QPR,Sheffield United,1,3,A
30/04/2022,12:30,Barnsley,Preston North End,1,3,A
30/04/2022,15:00,Nottingham Forest,Swansea,5,1,H
30/04/2022,,Cardiff,Birmingham City,1,1,D
30/04/2022,,Reading,West Brom,0,1,A
30/04/2022,,Millwall,Peterborough United,3,0,H
30/04/2022,,Middlesbrough,Stoke,3,1,H
30/04/2022,,Coventry City,Huddersfield,1,2,A
30/04/2022,,Bristol City,Hull City,5,0,H
30/04/2022,,Blackpool,Derby County,0,2,A
30/04/2022,,Blackburn Rovers,Bournemouth,0,3,A
02/05/2022,17:15,Fulham,Luton Town,7,0,H
03/05/2022,19:00,Bournemouth,Nottingham Forest,1,0,H
07/05/2022,12:30,Swansea,QPR,0,1,A
07/05/2022,,Derby County,Cardiff,0,1,A
07/05/2022,,West Brom,Barnsley,4,0,H
07/05/2022,,Stoke,Coventry City,1,1,D
07/05/2022,,Sheffield United,Fulham,4,0,H
07/05/2022,,Preston North End,Middlesbrough,4,1,H
07/05/2022,,Peterborough United,Blackpool,5,0,H
07/05/2022,,Luton Town,Reading,1,0,H
07/05/2022,,Hull City,Nottingham Forest,1,1,D
07/05/2022,,Huddersfield,Bristol City,2,0,H
07/05/2022,,Bournemouth,Millwall,1,0,H
07/05/2022,,Birmingham City,Blackburn Rovers,1,2,A
13/05/2022,19:45,Luton Town,Huddersfield,1,1,D
14/05/2022,15:00,Sheffield United,Nottingham Forest,1,2,A
16/05/2022,19:45,Huddersfield,Luton Town,1,0,H
17/05/2022,19:45,Nottingham Forest,Sheffield United,1,2,A
29/05/2022,16:30,Huddersfield,Nottingham Forest,0,1,A
29/07/2022,20:00,Huddersfield,Burnley,0,1,A
30/07/2022,15:00,Rotherham United,Swansea,1,1,D
30/07/2022,,Blackburn Rovers,QPR,1,0,H
30/07/2022,,Blackpool,Reading,1,0,H
30/07/2022,,Hull City,Bristol City,2,1,H
30/07/2022,,Luton Town,Birmingham City,0,0,D
30/07/2022,,Millwall,Stoke,2,0,H
30/07/2022,,Wigan Athletic,Preston North End,0,0,D
30/07/2022,,Cardiff,Norwich,1,0,H
30/07/2022,17:30,Middlesbrough,West Brom,1,1,D
31/07/2022,12:00,Sunderland,Coventry City,1,1,D
01/08/2022,20:00,Watford,Sheffield United,1,0,H
05/08/2022,19:45,Birmingham City,Huddersfield,2,1,H
06/08/2022,12:30,Norwich,Wigan Athletic,1,1,D
06/08/2022,15:00,Preston North End,Hull City,0,0,D
06/08/2022,,QPR,Middlesbrough,3,2,H
06/08/2022,,Sheffield United,Millwall,2,0,H
06/08/2022,,Stoke,Blackpool,2,0,H
06/08/2022,,Reading,Cardiff,2,1,H
06/08/2022,,Swansea,Blackburn Rovers,0,3,A
06/08/2022,,Bristol City,Sunderland,2,3,A
06/08/2022,,Burnley,Luton Town,1,1,D
08/08/2022,20:00,West Brom,Watford,1,1,D
12/08/2022,20:00,Watford,Burnley,1,0,H
13/08/2022,12:30,Cardiff,Birmingham City,1,0,H
13/08/2022,15:00,Blackpool,Swansea,0,1,A
13/08/2022,,Huddersfield,Stoke,3,1,H
13/08/2022,,Hull City,Norwich,2,1,H
13/08/2022,,Luton Town,Preston North End,0,1,A
13/08/2022,,Millwall,Coventry City,3,2,H
13/08/2022,,Rotherham United,Reading,4,0,H
13/08/2022,,Sunderland,QPR,2,2,D
13/08/2022,,Wigan Athletic,Bristol City,1,1,D
14/08/2022,14:00,Middlesbrough,Sheffield United,2,2,D
14/08/2022,15:00,Blackburn Rovers,West Brom,2,1,H
16/08/2022,19:45,Swansea,Millwall,2,2,D
16/08/2022,,Preston North End,Rotherham United,0,0,D
16/08/2022,,Norwich,Huddersfield,2,1,H
16/08/2022,,Birmingham City,Watford,1,1,D
16/08/2022,,Bristol City,Luton Town,2,0,H
16/08/2022,,Burnley,Hull City,1,1,D
16/08/2022,20:00,QPR,Blackpool,0,1,A
17/08/2022,19:45,Stoke,Middlesbrough,2,2,D
17/08/2022,20:00,West Brom,Cardiff,0,0,D
17/08/2022,,Reading,Blackburn Rovers,3,0,H
17/08/2022,,Sheffield United,Sunderland,2,1,H
19/08/2022,20:00,Norwich,Millwall,2,0,H
20/08/2022,15:00,Swansea,Luton Town,0,2,A
20/08/2022,,West Brom,Hull City,5,2,H
20/08/2022,,Stoke,Sunderland,0,1,A
20/08/2022,,Sheffield United,Blackburn Rovers,3,0,H
20/08/2022,,Reading,Middlesbrough,1,0,H
20/08/2022,,Birmingham City,Wigan Athletic,0,1,A
20/08/2022,,Burnley,Blackpool,3,3,D
20/08/2022,,Preston North End,Watford,0,0,D
20/08/2022,,QPR,Rotherham United,1,1,D
21/08/2022,12:00,Bristol City,Cardiff,2,0,H
26/08/2022,20:00,Luton Town,Sheffield United,1,1,D
27/08/2022,12:30,Sunderland,Norwich,0,1,A
27/08/2022,15:00,Cardiff,Preston North End,0,0,D
27/08/2022,,Middlesbrough,Swansea,2,1,H
27/08/2022,,Wigan Athletic,Burnley,1,5,A
27/08/2022,,Watford,QPR,2,3,A
27/08/2022,,Rotherham United,Birmingham City,2,0,H
27/08/2022,,Millwall,Reading,0,1,A
27/08/2022,,Hull City,Coventry City,3,2,H
27/08/2022,,Huddersfield,West Brom,2,2,D
27/08/2022,,Blackpool,Bristol City,3,3,D
27/08/2022,,Blackburn Rovers,Stoke,0,1,A
30/08/2022,19:45,Sheffield United,Reading,4,0,H
30/08/2022,,Cardiff,Luton Town,1,2,A
30/08/2022,,Wigan Athletic,West Brom,1,1,D
30/08/2022,,QPR,Hull City,3,1,H
30/08/2022,,Burnley,Millwall,2,0,H
30/08/2022,,Birmingham City,Norwich,1,2,A
30/08/2022,20:00,Watford,Middlesbrough,2,1,H
31/08/2022,19:45,Stoke,Swansea,1,1,D
31/08/2022,,Coventry City,Preston North End,0,1,A
31/08/2022,,Bristol City,Huddersfield,2,0,H
31/08/2022,,Sunderland,Rotherham United,3,0,H
31/08/2022,20:00,Blackpool,Blackburn Rovers,0,1,A
02/09/2022,20:00,West Brom,Burnley,1,1,D
03/09/2022,15:00,Millwall,Cardiff,2,0,H
03/09/2022,,Swansea,QPR,1,0,H
03/09/2022,,Blackburn Rovers,Bristol City,2,3,A
03/09/2022,,Rotherham United,Watford,1,1,D
03/09/2022,,Preston North End,Birmingham City,0,1,A
03/09/2022,,Norwich,Coventry City,3,0,H
03/09/2022,,Luton Town,Wigan Athletic,1,2,A
04/09/2022,12:00,Reading,Stoke,2,1,H
04/09/2022,15:00,Hull City,Sheffield United,0,2,A
04/09/2022,,Huddersfield,Blackpool,0,1,A
05/09/2022,20:00,Middlesbrough,Sunderland,1,0,H
13/09/2022,19:45,Swansea,Sheffield United,0,1,A
13/09/2022,,Middlesbrough,Cardiff,2,3,A
13/09/2022,,Hull City,Stoke,0,3,A
13/09/2022,,Huddersfield,Wigan Athletic,1,2,A
13/09/2022,,Blackburn Rovers,Watford,2,0,H
13/09/2022,20:00,Preston North End,Burnley,1,1,D
14/09/2022,19:45,Millwall,QPR,0,2,A
14/09/2022,,Luton Town,Coventry City,2,2,D
14/09/2022,,Norwich,Bristol City,3,2,H
14/09/2022,,Rotherham United,Blackpool,3,0,H
14/09/2022,20:00,West Brom,Birmingham City,2,3,A
14/09/2022,,Reading,Sunderland,0,3,A
17/09/2022,12:30,Swansea,Hull City,3,0,H
17/09/2022,15:00,Huddersfield,Cardiff,1,0,H
17/09/2022,,Wigan Athletic,Reading,0,1,A
17/09/2022,,Watford,Sunderland,2,2,D
17/09/2022,,QPR,Stoke,0,0,D
17/09/2022,,Preston North End,Sheffield United,0,2,A
17/09/2022,,Norwich,West Brom,1,1,D
17/09/2022,,Millwall,Blackpool,2,1,H
17/09/2022,,Luton Town,Blackburn Rovers,2,0,H
17/09/2022,,Burnley,Bristol City,2,1,H
17/09/2022,,Birmingham City,Coventry City,0,0,D
17/09/2022,19:45,Middlesbrough,Rotherham United,0,0,D
30/09/2022,20:00,Hull City,Luton Town,0,2,A
01/10/2022,15:00,West Brom,Swansea,2,3,A
01/10/2022,,Cardiff,Burnley,1,1,D
01/10/2022,,Blackburn Rovers,Millwall,2,1,H
01/10/2022,,Blackpool,Norwich,0,1,A
01/10/2022,,Bristol City,QPR,1,2,A
01/10/2022,,Coventry City,Middlesbrough,1,0,H
01/10/2022,,Reading,Huddersfield,3,1,H
01/10/2022,,Rotherham United,Wigan Athletic,0,2,A
01/10/2022,,Sheffield United,Birmingham City,1,1,D
01/10/2022,,Sunderland,Preston North End,0,0,D
02/10/2022,12:00,Stoke,Watford,0,4,A
04/10/2022,19:45,Luton Town,Huddersfield,3,3,D
04/10/2022,,Sheffield United,QPR,0,1,A
04/10/2022,,Sunderland,Blackpool,0,0,D
04/10/2022,,Bristol City,Coventry City,0,0,D
04/10/2022,20:00,Reading,Norwich,1,1,D
04/10/2022,,Cardiff,Blackburn Rovers,1,0,H
05/10/2022,19:45,Watford,Swansea,1,2,A
05/10/2022,,Burnley,Stoke,1,1,D
05/10/2022,,Hull City,Wigan Athletic,2,1,H
05/10/2022,,Middlesbrough,Birmingham City,1,0,H
05/10/2022,,Rotherham United,Millwall,1,1,D
05/10/2022,20:00,Preston North End,West Brom,1,0,H
07/10/2022,20:00,QPR,Reading,2,1,H
08/10/2022,15:00,Wigan Athletic,Cardiff,1,3,A
08/10/2022,,Swansea,Sunderland,2,1,H
08/10/2022,,Coventry City,Burnley,0,1,A
08/10/2022,,Millwall,Middlesbrough,2,0,H
08/10/2022,,Norwich,Preston North End,2,3,A
08/10/2022,,Stoke,Sheffield United,3,1,H
08/10/2022,,West Brom,Luton Town,0,0,D
08/10/2022,,Blackpool,Watford,3,1,H
08/10/2022,,Blackburn Rovers,Rotherham United,3,0,H
08/10/2022,,Birmingham City,Bristol City,3,0,H
09/10/2022,12:00,Huddersfield,Hull City,2,0,H
11/10/2022,19:45,Wigan Athletic,Blackburn Rovers,1,0,H
12/10/2022,19:45,Bristol City,Preston North End,2,1,H
15/10/2022,12:30,Luton Town,QPR,3,1,H
15/10/2022,,Rotherham United,Huddersfield,2,1,H
15/10/2022,15:00,Burnley,Swansea,4,0,H
15/10/2022,,Cardiff,Coventry City,0,1,A
15/10/2022,,Bristol City,Millwall,1,2,A
15/10/2022,,Middlesbrough,Blackburn Rovers,1,2,A
15/10/2022,,Preston North End,Stoke,0,2,A
15/10/2022,,Reading,West Brom,0,2,A
15/10/2022,,Sheffield United,Blackpool,3,3,D
15/10/2022,,Sunderland,Wigan Athletic,2,1,H
15/10/2022,19:45,Watford,Norwich,2,1,H
16/10/2022,15:00,Hull City,Birmingham City,0,2,A
18/10/2022,19:45,Swansea,Reading,3,2,H
18/10/2022,,Norwich,Luton Town,0,1,A
18/10/2022,,Huddersfield,Preston North End,0,1,A
18/10/2022,20:00,West Brom,Bristol City,0,2,A
18/10/2022,,Stoke,Rotherham United,0,1,A
18/10/2022,,Blackburn Rovers,Sunderland,2,0,H
19/10/2022,19:45,QPR,Cardiff,3,0,H
19/10/2022,,Birmingham City,Burnley,1,1,D
19/10/2022,,Blackpool,Hull City,1,3,A
19/10/2022,,Coventry City,Sheffield United,1,0,H
19/10/2022,,Wigan Athletic,Middlesbrough,1,4,A
19/10/2022,20:00,Millwall,Watford,3,0,H
22/10/2022,12:30,Blackpool,Preston North End,4,2,H
22/10/2022,15:00,Sunderland,Burnley,2,4,A
22/10/2022,,Stoke,Coventry City,0,2,A
22/10/2022,,Sheffield United,Norwich,2,2,D
22/10/2022,,Rotherham United,Hull City,2,4,A
22/10/2022,,Reading,Bristol City,2,0,H
22/10/2022,,QPR,Wigan Athletic,2,1,H
22/10/2022,,Millwall,West Brom,2,1,H
22/10/2022,,Blackburn Rovers,Birmingham City,2,1,H
22/10/2022,,Middlesbrough,Huddersfield,0,0,D
23/10/2022,12:00,Swansea,Cardiff,2,0,H
23/10/2022,,Watford,Luton Town,4,0,H
25/10/2022,19:45,Coventry City,Rotherham United,2,2,D
25/10/2022,20:00,Burnley,Norwich,1,0,H
28/10/2022,20:00,Birmingham City,QPR,2,0,H
29/10/2022,12:00,Bristol City,Swansea,1,1,D
29/10/2022,12:30,West Brom,Sheffield United,0,2,A
29/10/2022,15:00,Cardiff,Rotherham United,1,0,H
29/10/2022,,Preston North End,Middlesbrough,2,1,H
29/10/2022,,Norwich,Stoke,3,1,H
29/10/2022,,Luton Town,Sunderland,1,1,D
29/10/2022,,Hull City,Blackburn Rovers,0,1,A
29/10/2022,,Huddersfield,Millwall,1,0,H
29/10/2022,,Coventry City,Blackpool,1,2,A
29/10/2022,,Burnley,Reading,2,1,H
29/10/2022,,Wigan Athletic,Watford,0,1,A
01/11/2022,19:45,Preston North End,Swansea,1,0,H
01/11/2022,,Luton Town,Reading,0,0,D
01/11/2022,,Hull City,Middlesbrough,1,3,A
01/11/2022,,Coventry City,Blackburn Rovers,1,0,H
01/11/2022,20:00,West Brom,Blackpool,1,0,H
01/11/2022,,Bristol City,Sheffield United,0,1,A
02/11/2022,19:45,Cardiff,Watford,1,2,A
02/11/2022,,Wigan Athletic,Stoke,0,1,A
02/11/2022,,Norwich,QPR,0,0,D
02/11/2022,,Huddersfield,Sunderland,0,2,A
02/11/2022,,Burnley,Rotherham United,3,2,H
02/11/2022,,Birmingham City,Millwall,0,0,D
04/11/2022,20:00,Reading,Preston North End,1,2,A
05/11/2022,12:30,Sheffield United,Burnley,5,2,H
05/11/2022,15:00,Swansea,Wigan Athletic,2,2,D
05/11/2022,,Sunderland,Cardiff,0,1,A
05/11/2022,,Watford,Coventry City,0,1,A
05/11/2022,,Stoke,Birmingham City,1,2,A
05/11/2022,,Rotherham United,Norwich,1,2,A
05/11/2022,,QPR,West Brom,0,1,A
05/11/2022,,Millwall,Hull City,0,0,D
05/11/2022,,Middlesbrough,Bristol City,1,1,D
05/11/2022,,Blackpool,Luton Town,0,1,A
05/11/2022,,Blackburn Rovers,Huddersfield,1,0,H
08/11/2022,19:45,Birmingham City,Swansea,2,2,D
08/11/2022,,Cardiff,Hull City,2,3,A
08/11/2022,,Stoke,Luton Town,2,0,H
08/11/2022,,Sheffield United,Rotherham United,0,1,A
08/11/2022,,QPR,Huddersfield,1,2,A
08/11/2022,,Blackpool,Middlesbrough,0,3,A
08/11/2022,19:45,Coventry City,Wigan Athletic,2,0,H
08/11/2022,20:00,Watford,Reading,2,0,H
11/11/2022,20:00,Birmingham City,Sunderland,1,2,A
12/11/2022,15:00,Cardiff,Sheffield United,0,1,A
12/11/2022,,Huddersfield,Swansea,0,0,D
12/11/2022,,Wigan Athletic,Blackpool,2,1,H
12/11/2022,,West Brom,Stoke,2,0,H
12/11/2022,,Preston North End,Millwall,2,4,A
12/11/2022,,Norwich,Middlesbrough,1,2,A
12/11/2022,,Luton Town,Rotherham United,1,1,D
12/11/2022,,Hull City,Reading,1,2,A
12/11/2022,,Coventry City,QPR,2,0,H
12/11/2022,,Bristol City,Watford,0,0,D
13/11/2022,12:30,Burnley,Blackburn Rovers,3,0,H
03/12/2022,12:30,Sunderland,Millwall,3,0,H
10/12/2022,12:00,Blackburn Rovers,Preston North End,1,4,A
10/12/2022,12:30,Rotherham United,Bristol City,1,3,A
10/12/2022,14:00,Reading,Coventry City,1,0,H
10/12/2022,15:00,Stoke,Cardiff,2,2,D
10/12/2022,,Swansea,Norwich,0,1,A
10/12/2022,,Blackpool,Birmingham City,0,0,D
10/12/2022,,Middlesbrough,Luton Town,2,1,H
10/12/2022,,Millwall,Wigan Athletic,1,1,D
10/12/2022,,Sheffield United,Huddersfield,1,0,H
11/12/2022,13:00,QPR,Burnley,0,3,A
11/12/2022,15:00,Watford,Hull City,0,0,D
12/12/2022,20:00,Sunderland,West Brom,1,2,A
16/12/2022,20:00,Birmingham City,Reading,3,2,H
17/12/2022,15:00,West Brom,Rotherham United,3,0,H
17/12/2022,,Preston North End,QPR,0,1,A
17/12/2022,,Hull City,Sunderland,1,1,D
17/12/2022,,Huddersfield,Watford,0,2,A
17/12/2022,,Burnley,Middlesbrough,3,1,H
17/12/2022,,Bristol City,Stoke,1,2,A
17/12/2022,,Cardiff,Blackpool,1,1,D
17/12/2022,,Coventry City,Swansea,3,3,D
17/12/2022,17:30,Norwich,Blackburn Rovers,0,2,A
19/12/2022,20:00,Wigan Athletic,Sheffield United,1,2,A
21/12/2022,19:45,Coventry City,West Brom,1,0,H
26/12/2022,12:00,Watford,Millwall,0,2,A
26/12/2022,12:30,Sunderland,Blackburn Rovers,2,1,H
26/12/2022,15:00,Sheffield United,Coventry City,3,1,H
26/12/2022,,Rotherham United,Stoke,2,2,D
26/12/2022,,Preston North End,Huddersfield,1,2,A
26/12/2022,,Hull City,Blackpool,1,1,D
26/12/2022,,Bristol City,West Brom,0,2,A
26/12/2022,,Middlesbrough,Wigan Athletic,4,1,H
26/12/2022,17:15,Cardiff,QPR,0,0,D
26/12/2022,19:45,Luton Town,Norwich,2,1,H
27/12/2022,17:15,Reading,Swansea,2,1,H
27/12/2022,20:00,Burnley,Birmingham City,3,0,H
29/12/2022,18:00,QPR,Luton Town,0,3,A
29/12/2022,19:45,Coventry City,Cardiff,0,0,D
29/12/2022,,Blackburn Rovers,Middlesbrough,1,2,A
29/12/2022,,Huddersfield,Rotherham United,2,0,H
29/12/2022,,Millwall,Bristol City,0,0,D
29/12/2022,,Wigan Athletic,Sunderland,1,4,A
29/12/2022,20:00,West Brom,Preston North End,2,0,H
29/12/2022,20:15,Blackpool,Sheffield United,1,2,A
30/12/2022,19:45,Stoke,Burnley,0,1,A
30/12/2022,,Swansea,Watford,4,0,H
30/12/2022,,Birmingham City,Hull City,0,1,A
30/12/2022,,Norwich,Reading,1,1,D
01/01/2023,12:00,Blackburn Rovers,Cardiff,1,0,H
01/01/2023,15:00,Blackpool,Sunderland,1,1,D
01/01/2023,,Coventry City,Bristol City,1,1,D
01/01/2023,,Huddersfield,Luton Town,1,2,A
01/01/2023,,Millwall,Rotherham United,3,0,H
02/01/2023,15:00,Swansea,Burnley,1,2,A
02/01/2023,,Norwich,Watford,0,1,A
02/01/2023,,West Brom,Reading,1,0,H
02/01/2023,,Wigan Athletic,Hull City,1,4,A
02/01/2023,,Birmingham City,Middlesbrough,1,3,A
02/01/2023,15:15,Stoke,Preston North End,0,1,A
02/01/2023,20:00,QPR,Sheffield United,1,1,D
14/01/2023,12:30,Rotherham United,Blackburn Rovers,4,0,H
14/01/2023,15:00,Cardiff,Wigan Athletic,1,1,D
14/01/2023,,Sunderland,Swansea,1,3,A
14/01/2023,,Bristol City,Birmingham City,4,2,H
14/01/2023,,Burnley,Coventry City,1,0,H
14/01/2023,,Hull City,Huddersfield,1,1,D
14/01/2023,,Luton Town,West Brom,2,3,A
14/01/2023,,Middlesbrough,Millwall,1,0,H
14/01/2023,,Preston North End,Norwich,0,4,A
14/01/2023,,Reading,QPR,2,2,D
14/01/2023,,Sheffield United,Stoke,3,1,H
14/01/2023,,Watford,Blackpool,2,0,H
20/01/2023,19:45,Sheffield United,Hull City,1,0,H
20/01/2023,20:00,Burnley,West Brom,2,1,H
21/01/2023,12:30,Coventry City,Norwich,2,4,A
21/01/2023,15:00,Cardiff,Millwall,0,1,A
21/01/2023,,QPR,Swansea,1,1,D
21/01/2023,,Stoke,Reading,4,0,H
21/01/2023,,Watford,Rotherham United,1,1,D
21/01/2023,,Wigan Athletic,Luton Town,0,2,A
21/01/2023,,Bristol City,Blackburn Rovers,1,1,D
21/01/2023,,Birmingham City,Preston North End,1,2,A
22/01/2023,12:00,Sunderland,Middlesbrough,2,0,H
28/01/2023,15:00,Hull City,QPR,3,0,H
28/01/2023,,Middlesbrough,Watford,2,0,H
28/01/2023,15:00,Coventry City,Huddersfield,2,0,H
31/01/2023,19:45,Luton Town,Cardiff,1,0,H
03/02/2023,20:00,West Brom,Coventry City,1,0,H
04/02/2023,12:30,Rotherham United,Sheffield United,0,0,D
04/02/2023,,Norwich,Burnley,0,3,A
04/02/2023,15:00,Swansea,Birmingham City,3,4,A
04/02/2023,,Hull City,Cardiff,1,0,H
04/02/2023,,Reading,Watford,2,2,D
04/02/2023,,Preston North End,Bristol City,1,2,A
04/02/2023,,Millwall,Sunderland,1,1,D
04/02/2023,,Middlesbrough,Blackpool,3,0,H
04/02/2023,,Luton Town,Stoke,1,0,H
04/02/2023,,Huddersfield,QPR,1,1,D
06/02/2023,20:00,Blackburn Rovers,Wigan Athletic,0,0,D
07/02/2023,19:45,Blackpool,Huddersfield,2,2,D
10/02/2023,20:00,Birmingham City,West Brom,2,0,H
11/02/2023,15:00,Sheffield United,Swansea,3,0,H
11/02/2023,,Cardiff,Middlesbrough,1,3,A
11/02/2023,,Bristol City,Norwich,1,0,H
11/02/2023,,Blackpool,Rotherham United,0,0,D
11/02/2023,,Burnley,Preston North End,3,0,H
11/02/2023,,Coventry City,Luton Town,1,1,D
11/02/2023,,Wigan Athletic,Huddersfield,1,0,H
11/02/2023,,Watford,Blackburn Rovers,1,1,D
11/02/2023,,Sunderland,Reading,1,0,H
11/02/2023,,Stoke,Hull City,0,0,D
11/02/2023,,QPR,Millwall,1,2,A
14/02/2023,19:45,Birmingham City,Cardiff,0,2,A
14/02/2023,,QPR,Sunderland,0,3,A
14/02/2023,,Norwich,Hull City,3,1,H
14/02/2023,,Coventry City,Millwall,1,0,H
14/02/2023,20:00,Reading,Rotherham United,2,1,H
14/02/2023,,Burnley,Watford,1,1,D
15/02/2023,19:45,Stoke,Huddersfield,3,0,H
15/02/2023,,Swansea,Blackpool,2,1,H
15/02/2023,,Preston North End,Luton Town,1,1,D
15/02/2023,,Bristol City,Wigan Athletic,1,1,D
15/02/2023,20:00,West Brom,Blackburn Rovers,1,1,D
15/02/2023,,Sheffield United,Middlesbrough,1,3,A
17/02/2023,20:00,Cardiff,Reading,1,0,H
18/02/2023,12:30,Millwall,Sheffield United,3,2,H
18/02/2023,15:00,Blackburn Rovers,Swansea,1,0,H
18/02/2023,,Wigan Athletic,Norwich,0,0,D
18/02/2023,,Sunderland,Bristol City,1,1,D
18/02/2023,,Rotherham United,Coventry City,0,2,A
18/02/2023,,Middlesbrough,QPR,3,1,H
18/02/2023,,Luton Town,Burnley,0,1,A
18/02/2023,,Hull City,Preston North End,0,0,D
18/02/2023,,Huddersfield,Birmingham City,2,1,H
18/02/2023,,Blackpool,Stoke,1,0,H
20/02/2023,20:00,Watford,West Brom,3,2,H
21/02/2023,19:45,Swansea,Stoke,1,3,A
21/02/2023,,Millwall,Burnley,1,1,D
21/02/2023,,Norwich,Birmingham City,3,1,H
21/02/2023,,Rotherham United,Sunderland,2,1,H
21/02/2023,,Blackburn Rovers,Blackpool,1,0,H
25/02/2023,12:30,Coventry City,Sunderland,2,1,H
25/02/2023,15:00,Norwich,Cardiff,2,0,H
25/02/2023,,Birmingham City,Luton Town,0,1,A
25/02/2023,,Bristol City,Hull City,1,0,H
25/02/2023,,Burnley,Huddersfield,4,0,H
25/02/2023,,West Brom,Middlesbrough,2,0,H
25/02/2023,,Stoke,Millwall,0,1,A
25/02/2023,,Preston North End,Wigan Athletic,2,1,H
25/02/2023,,QPR,Blackburn Rovers,1,3,A
25/02/2023,,Reading,Blackpool,3,1,H
25/02/2023,,Sheffield United,Watford,1,0,H
27/02/2023,20:00,Swansea,Rotherham United,1,1,D
28/02/2023,19:45,Preston North End,Coventry City,0,0,D
28/02/2023,20:00,Luton Town,Millwall,2,2,D
03/03/2023,20:00,Hull City,West Brom,2,0,H
04/03/2023,12:30,Cardiff,Bristol City,2,0,H
04/03/2023,,Blackburn Rovers,Sheffield United,1,0,H
04/03/2023,15:00,Luton Town,Swansea,1,0,H
04/03/2023,,Rotherham United,QPR,3,1,H
04/03/2023,,Sunderland,Stoke,1,5,A
04/03/2023,,Watford,Preston North End,0,0,D
04/03/2023,,Wigan Athletic,Birmingham City,1,1,D
04/03/2023,,Millwall,Norwich,2,3,A
04/03/2023,,Middlesbrough,Reading,5,0,H
04/03/2023,,Huddersfield,Coventry City,0,4,A
04/03/2023,,Blackpool,Burnley,0,0,D
07/03/2023,19:45,Huddersfield,Bristol City,0,0,D
07/03/2023,20:00,West Brom,Wigan Athletic,1,0,H
07/03/2023,,Reading,Sheffield United,0,1,A
10/03/2023,20:00,Stoke,Blackburn Rovers,3,2,H
11/03/2023,12:30,Bristol City,Blackpool,2,0,H
11/03/2023,15:00,Preston North End,Cardiff,2,0,H
11/03/2023,,Swansea,Middlesbrough,1,3,A
11/03/2023,,Reading,Millwall,0,1,A
11/03/2023,,Sheffield United,Luton Town,0,1,A
11/03/2023,,West Brom,Huddersfield,1,0,H
11/03/2023,,Birmingham City,Rotherham United,2,0,H
11/03/2023,,Burnley,Wigan Athletic,3,0,H
11/03/2023,,Coventry City,Hull City,1,1,D
11/03/2023,,QPR,Watford,1,0,H
12/03/2023,12:00,Norwich,Sunderland,0,1,A
14/03/2023,19:45,Millwall,Swansea,2,1,H
14/03/2023,,Blackpool,QPR,6,1,H
14/03/2023,,Rotherham United,Preston North End,1,2,A
14/03/2023,,Watford,Birmingham City,3,0,H
14/03/2023,,Wigan Athletic,Coventry City,1,1,D
14/03/2023,20:00,Middlesbrough,Stoke,1,1,D
15/03/2023,19:45,Cardiff,West Brom,1,1,D
15/03/2023,,Luton Town,Bristol City,1,0,H
15/03/2023,,Hull City,Burnley,1,3,A
15/03/2023,,Huddersfield,Norwich,1,1,D
15/03/2023,,Blackburn Rovers,Reading,2,1,H
15/03/2023,20:00,Sunderland,Sheffield United,1,2,A
18/03/2023,15:00,Blackpool,Coventry City,1,4,A
18/03/2023,,Middlesbrough,Preston North End,4,0,H
18/03/2023,,Millwall,Huddersfield,0,1,A
18/03/2023,,QPR,Birmingham City,0,1,A
18/03/2023,,Reading,Hull City,1,1,D
18/03/2023,,Stoke,Norwich,0,0,D
18/03/2023,,Sunderland,Luton Town,1,1,D
18/03/2023,,Watford,Wigan Athletic,1,1,D
19/03/2023,12:30,Swansea,Bristol City,2,0,H
31/03/2023,20:00,Burnley,Sunderland,0,0,D
01/04/2023,12:30,Preston North End,Blackpool,3,1,H
01/04/2023,,Luton Town,Watford,2,0,H
01/04/2023,15:00,Cardiff,Swansea,2,3,A
01/04/2023,,West Brom,Millwall,0,0,D
01/04/2023,,Wigan Athletic,QPR,1,0,H
01/04/2023,,Norwich,Sheffield United,0,1,A
01/04/2023,,Birmingham City,Blackburn Rovers,1,0,H
01/04/2023,,Bristol City,Reading,1,1,D
01/04/2023,,Coventry City,Stoke,0,4,A
01/04/2023,,Huddersfield,Middlesbrough,4,2,H
01/04/2023,,Hull City,Rotherham United,0,0,D
07/04/2023,12:30,Millwall,Luton Town,0,0,D
07/04/2023,13:00,Rotherham United,West Brom,3,1,H
07/04/2023,15:00,Swansea,Coventry City,0,0,D
07/04/2023,,Blackpool,Cardiff,1,3,A
07/04/2023,,Blackburn Rovers,Norwich,0,2,A
07/04/2023,,QPR,Preston North End,0,2,A
07/04/2023,,Reading,Birmingham City,1,1,D
07/04/2023,,Sheffield United,Wigan Athletic,1,0,H
07/04/2023,,Stoke,Bristol City,1,2,A
07/04/2023,,Watford,Huddersfield,2,3,A
07/04/2023,17:30,Sunderland,Hull City,4,4,D
07/04/2023,20:00,Middlesbrough,Burnley,1,2,A
10/04/2023,12:30,Huddersfield,Blackburn Rovers,2,2,D
10/04/2023,15:00,Wigan Athletic,Swansea,0,2,A
10/04/2023,,Cardiff,Sunderland,0,1,A
10/04/2023,,West Brom,QPR,2,2,D
10/04/2023,,Preston North End,Reading,2,1,H
10/04/2023,,Norwich,Rotherham United,0,0,D
10/04/2023,,Coventry City,Watford,2,2,D
10/04/2023,,Hull City,Millwall,1,0,H
10/04/2023,,Luton Town,Blackpool,3,1,H
10/04/2023,,Birmingham City,Stoke,0,0,D
10/04/2023,17:30,Bristol City,Middlesbrough,2,2,D
10/04/2023,20:00,Burnley,Sheffield United,2,0,H
14/04/2023,20:00,Middlesbrough,Norwich,5,1,H
15/04/2023,12:30,Sheffield United,Cardiff,4,1,H
15/04/2023,15:00,Swansea,Huddersfield,1,0,H
15/04/2023,,Blackpool,Wigan Athletic,1,0,H
15/04/2023,,Millwall,Preston North End,2,0,H
15/04/2023,,QPR,Coventry City,0,3,A
15/04/2023,,Reading,Burnley,0,0,D
15/04/2023,,Rotherham United,Luton Town,0,2,A
15/04/2023,,Stoke,West Brom,1,2,A
15/04/2023,,Sunderland,Birmingham City,2,1,H
15/04/2023,,Watford,Bristol City,2,0,H
15/04/2023,19:45,Blackburn Rovers,Hull City,0,0,D
18/04/2023,19:45,Stoke,Wigan Athletic,0,1,A
18/04/2023,,Sunderland,Huddersfield,1,1,D
18/04/2023,,Sheffield United,Bristol City,1,0,H
18/04/2023,,Rotherham United,Burnley,2,2,D
18/04/2023,,Blackpool,West Brom,0,2,A
18/04/2023,20:00,Millwall,Birmingham City,0,1,A
19/04/2023,19:45,Swansea,Preston North End,4,2,H
19/04/2023,,Watford,Cardiff,1,3,A
19/04/2023,,Blackburn Rovers,Coventry City,1,1,D
19/04/2023,,QPR,Norwich,1,1,D
19/04/2023,20:00,Reading,Luton Town,1,1,D
19/04/2023,,Middlesbrough,Hull City,3,1,H
22/04/2023,15:00,Hull City,Watford,1,0,H
22/04/2023,,Wigan Athletic,Millwall,2,1,H
22/04/2023,,Cardiff,Stoke,1,1,D
22/04/2023,,Norwich,Swansea,0,3,A
22/04/2023,,Birmingham City,Blackpool,0,1,A
22/04/2023,,Bristol City,Rotherham United,2,1,H
22/04/2023,,Burnley,QPR,1,2,A
22/04/2023,,Coventry City,Reading,2,1,H
22/04/2023,17:30,Preston North End,Blackburn Rovers,1,1,D
23/04/2023,12:00,West Brom,Sunderland,1,2,A
24/04/2023,20:00,Luton Town,Middlesbrough,2,1,H
25/04/2023,20:00,Blackburn Rovers,Burnley,0,1,A
26/04/2023,20:00,Sheffield United,West Brom,2,0,H
27/04/2023,20:00,Rotherham United,Cardiff,1,2,A
28/04/2023,20:00,Blackpool,Millwall,2,3,A
29/04/2023,15:00,Hull City,Swansea,1,1,D
29/04/2023,,Sheffield United,Preston North End,4,1,H
29/04/2023,,Stoke,QPR,0,1,A
29/04/2023,,Sunderland,Watford,2,2,D
29/04/2023,,Reading,Wigan Athletic,1,1,D
29/04/2023,,Coventry City,Birmingham City,2,0,H
29/04/2023,,Bristol City,Burnley,1,2,A
29/04/2023,17:30,West Brom,Norwich,2,1,H
30/04/2023,12:00,Cardiff,Huddersfield,1,2,A
01/05/2023,13:00,Rotherham United,Middlesbrough,1,0,H
01/05/2023,17:30,Blackburn Rovers,Luton Town,1,1,D
04/05/2023,19:45,Huddersfield,Sheffield United,1,0,H
08/05/2023,15:00,Swansea,West Brom,3,2,H
08/05/2023,,Burnley,Cardiff,3,0,H
08/05/2023,,Birmingham City,Sheffield United,1,2,A
08/05/2023,,Huddersfield,Reading,2,0,H
08/05/2023,,Luton Town,Hull City,0,0,D
08/05/2023,,Middlesbrough,Coventry City,1,1,D
08/05/2023,,Millwall,Blackburn Rovers,3,4,A
08/05/2023,,Norwich,Blackpool,0,1,A
08/05/2023,,Preston North End,Sunderland,0,3,A
08/05/2023,,QPR,Bristol City,0,2,A
08/05/2023,,Watford,Stoke,2,0,H
08/05/2023,,Wigan Athletic,Rotherham United,0,0,D
13/05/2023,17:30,Sunderland,Luton Town,2,1,H
14/05/2023,12:00,Coventry City,Middlesbrough,0,0,D
16/05/2023,20:00,Luton Town,Sunderland,2,0,H
17/05/2023,20:00,Middlesbrough,Coventry City,0,1,A
27/05/2023,16:45,Coventry City,Luton Town,1,1,D
04/08/2023,20:00,Sheffield Wednesday,Southampton,1,2,A
05/08/2023,15:00,Blackburn Rovers,West Brom,2,1,H
05/08/2023,,Bristol City,Preston North End,1,1,D
05/08/2023,,Middlesbrough,Millwall,0,1,A
05/08/2023,,Norwich,Hull City,2,1,H
05/08/2023,,Plymouth Argyle,Huddersfield,3,1,H
05/08/2023,,Watford,QPR,4,0,H
05/08/2023,,Stoke,Rotherham United,4,1,H
05/08/2023,,Swansea,Birmingham City,1,1,D
06/08/2023,12:00,Leicester,Coventry City,2,1,H
06/08/2023,14:30,Leeds,Cardiff,2,2,D
06/08/2023,17:00,Sunderland,Ipswich Town,1,2,A
12/08/2023,12:30,Coventry City,Middlesbrough,3,0,H
12/08/2023,15:00,Birmingham City,Leeds,1,0,H
12/08/2023,,Cardiff,QPR,1,2,A
12/08/2023,,Millwall,Bristol City,0,1,A
12/08/2023,,Southampton,Norwich,4,4,D
12/08/2023,,Watford,Plymouth Argyle,0,0,D
12/08/2023,,Huddersfield,Leicester,0,1,A
12/08/2023,,Hull City,Sheffield Wednesday,4,2,H
12/08/2023,,Ipswich Town,Stoke,2,0,H
12/08/2023,,Preston North End,Sunderland,2,1,H
12/08/2023,,Rotherham United,Blackburn Rovers,2,2,D
12/08/2023,,West Brom,Swansea,3,2,H
18/08/2023,20:00,Leeds,West Brom,1,1,D
19/08/2023,12:30,Plymouth Argyle,Southampton,1,2,A
19/08/2023,15:00,Sunderland,Rotherham United,2,1,H
19/08/2023,,Blackburn Rovers,Hull City,1,2,A
19/08/2023,,Bristol City,Birmingham City,0,2,A
19/08/2023,,Middlesbrough,Huddersfield,1,1,D
19/08/2023,,Leicester,Cardiff,2,1,H
19/08/2023,,QPR,Ipswich Town,0,1,A
19/08/2023,,Sheffield Wednesday,Preston North End,0,1,A
19/08/2023,,Stoke,Watford,1,0,H
19/08/2023,,Swansea,Coventry City,1,1,D
20/08/2023,12:00,Norwich,Millwall,3,1,H
25/08/2023,19:30,Hull City,Bristol City,1,1,D
26/08/2023,15:00,Birmingham City,Plymouth Argyle,2,1,H
26/08/2023,,Cardiff,Sheffield Wednesday,2,1,H
26/08/2023,,Coventry City,Sunderland,0,0,D
26/08/2023,,Millwall,Stoke,1,0,H
26/08/2023,,Southampton,QPR,2,1,H
26/08/2023,,Huddersfield,Norwich,0,4,A
26/08/2023,,Ipswich Town,Leeds,3,4,A
26/08/2023,,Preston North End,Swansea,2,1,H
26/08/2023,,Rotherham United,Leicester,1,2,A
26/08/2023,,West Brom,Middlesbrough,4,2,H
27/08/2023,12:00,Watford,Blackburn Rovers,0,1,A
02/09/2023,12:30,Sunderland,Southampton,5,0,H
02/09/2023,,Birmingham City,Millwall,1,1,D
02/09/2023,,Swansea,Bristol City,1,2,A
02/09/2023,15:00,Coventry City,Watford,3,3,D
02/09/2023,,Middlesbrough,QPR,0,2,A
02/09/2023,,Ipswich Town,Cardiff,3,2,H
02/09/2023,,Leeds,Sheffield Wednesday,0,0,D
02/09/2023,,Leicester,Hull City,0,1,A
02/09/2023,,Plymouth Argyle,Blackburn Rovers,3,0,H
02/09/2023,,Rotherham United,Norwich,2,1,H
02/09/2023,,Stoke,Preston North End,0,2,A
02/09/2023,,West Brom,Huddersfield,1,2,A
15/09/2023,19:45,Hull City,Coventry City,1,1,D
15/09/2023,20:00,Southampton,Leicester,1,4,A
16/09/2023,15:00,Bristol City,West Brom,0,0,D
16/09/2023,,Watford,Birmingham City,2,0,H
16/09/2023,,Huddersfield,Rotherham United,2,0,H
16/09/2023,,Norwich,Stoke,1,0,H
16/09/2023,,Preston North End,Plymouth Argyle,2,1,H
16/09/2023,,QPR,Sunderland,1,3,A
16/09/2023,,Sheffield Wednesday,Ipswich Town,0,1,A
16/09/2023,,Blackburn Rovers,Middlesbrough,2,1,H
16/09/2023,19:45,Cardiff,Swansea,2,0,H
17/09/2023,12:00,Millwall,Leeds,0,3,A
19/09/2023,19:45,Bristol City,Plymouth Argyle,4,1,H
19/09/2023,,Cardiff,Coventry City,3,2,H
19/09/2023,,Southampton,Ipswich Town,0,1,A
19/09/2023,,Preston North End,Birmingham City,2,1,H
19/09/2023,,QPR,Swansea,1,1,D
19/09/2023,20:00,Sheffield Wednesday,Middlesbrough,1,1,D
20/09/2023,19:45,Blackburn Rovers,Sunderland,1,3,A
20/09/2023,,Millwall,Rotherham United,3,0,H
20/09/2023,,Watford,West Brom,2,2,D
20/09/2023,,Huddersfield,Stoke,2,2,D
20/09/2023,,Hull City,Leeds,0,0,D
20/09/2023,20:00,Norwich,Leicester,0,2,A
22/09/2023,20:00,Birmingham City,QPR,0,0,D
23/09/2023,15:00,Middlesbrough,Southampton,2,1,H
23/09/2023,,Ipswich Town,Blackburn Rovers,4,3,H
23/09/2023,,Leeds,Watford,3,0,H
23/09/2023,,Leicester,Bristol City,1,0,H
23/09/2023,,Plymouth Argyle,Norwich,6,2,H
23/09/2023,,Rotherham United,Preston North End,1,1,D
23/09/2023,,Swansea,Sheffield Wednesday,3,0,H
23/09/2023,,West Brom,Millwall,0,0,D
24/09/2023,12:00,Stoke,Hull City,1,3,A
24/09/2023,15:00,Sunderland,Cardiff,0,1,A
25/09/2023,20:00,Coventry City,Huddersfield,1,1,D
29/09/2023,20:00,Sheffield Wednesday,Sunderland,0,3,A
30/09/2023,12:30,Southampton,Leeds,3,1,H
30/09/2023,15:00,Millwall,Swansea,0,3,A
30/09/2023,,Bristol City,Stoke,2,3,A
30/09/2023,,Cardiff,Rotherham United,2,0,H
30/09/2023,,Watford,Middlesbrough,2,3,A
30/09/2023,,Huddersfield,Ipswich Town,1,1,D
30/09/2023,,Hull City,Plymouth Argyle,1,1,D
30/09/2023,,Norwich,Birmingham City,2,0,H
30/09/2023,,Preston North End,West Brom,0,4,A
30/09/2023,,QPR,Coventry City,1,3,A
01/10/2023,12:00,Blackburn Rovers,Leicester,1,4,A
03/10/2023,19:45,Birmingham City,Huddersfield,4,1,H
03/10/2023,,Middlesbrough,Cardiff,2,0,H
03/10/2023,,Ipswich Town,Hull City,3,0,H
03/10/2023,,Plymouth Argyle,Millwall,0,2,A
03/10/2023,20:00,Stoke,Southampton,0,1,A
03/10/2023,,West Brom,Sheffield Wednesday,1,0,H
04/10/2023,19:45,Sunderland,Watford,2,0,H
04/10/2023,,Coventry City,Blackburn Rovers,1,0,H
04/10/2023,,Leeds,QPR,1,0,H
04/10/2023,,Leicester,Preston North End,3,0,H
04/10/2023,,Swansea,Norwich,2,1,H
04/10/2023,20:00,Rotherham United,Bristol City,1,2,A
06/10/2023,20:00,Birmingham City,West Brom,3,1,H
07/10/2023,12:30,Sunderland,Middlesbrough,0,4,A
07/10/2023,15:00,Cardiff,Watford,1,1,D
07/10/2023,,Coventry City,Norwich,1,1,D
07/10/2023,,Millwall,Hull City,2,2,D
07/10/2023,,Southampton,Rotherham United,1,1,D
07/10/2023,,Ipswich Town,Preston North End,4,2,H
07/10/2023,,Leeds,Bristol City,2,1,H
07/10/2023,,Leicester,Stoke,2,0,H
07/10/2023,,Plymouth Argyle,Swansea,1,3,A
07/10/2023,,QPR,Blackburn Rovers,0,4,A
07/10/2023,,Sheffield Wednesday,Huddersfield,0,0,D
21/10/2023,12:30,Preston North End,Millwall,1,1,D
21/10/2023,15:00,Blackburn Rovers,Cardiff,1,0,H
21/10/2023,,Bristol City,Coventry City,1,0,H
21/10/2023,,Middlesbrough,Birmingham City,1,0,H
21/10/2023,,Watford,Sheffield Wednesday,1,0,H
21/10/2023,,Huddersfield,QPR,2,1,H
21/10/2023,,Hull City,Southampton,1,2,A
21/10/2023,,Norwich,Leeds,2,3,A
21/10/2023,,Stoke,Sunderland,2,1,H
21/10/2023,,Swansea,Leicester,1,3,A
21/10/2023,,West Brom,Plymouth Argyle,0,0,D
24/10/2023,19:45,Millwall,Blackburn Rovers,1,2,A
24/10/2023,,Huddersfield,Cardiff,0,4,A
24/10/2023,,Norwich,Middlesbrough,1,2,A
24/10/2023,,Swansea,Watford,0,1,A
24/10/2023,20:00,Leicester,Sunderland,1,0,H
24/10/2023,,West Brom,QPR,2,0,H
25/10/2023,19:45,Birmingham City,Hull City,0,2,A
25/10/2023,,Bristol City,Ipswich Town,0,1,A
25/10/2023,,Plymouth Argyle,Sheffield Wednesday,3,0,H
25/10/2023,,Preston North End,Southampton,2,2,D
25/10/2023,,Rotherham United,Coventry City,2,0,H
25/10/2023,20:00,Stoke,Leeds,1,0,H
28/10/2023,12:30,Southampton,Birmingham City,3,1,H
28/10/2023,,Leeds,Huddersfield,4,1,H
28/10/2023,15:00,Sunderland,Norwich,3,1,H
28/10/2023,,Blackburn Rovers,Swansea,0,1,A
28/10/2023,,Cardiff,Bristol City,2,0,H
28/10/2023,,Middlesbrough,Stoke,0,2,A
28/10/2023,,Watford,Millwall,2,2,D
28/10/2023,,Hull City,Preston North End,1,0,H
28/10/2023,,Ipswich Town,Plymouth Argyle,3,2,H
28/10/2023,,QPR,Leicester,1,2,A
29/10/2023,13:00,Sheffield Wednesday,Rotherham United,2,0,H
30/10/2023,20:00,Coventry City,West Brom,0,2,A
03/11/2023,20:00,Leicester,Leeds,0,1,A
04/11/2023,15:00,Birmingham City,Ipswich Town,2,2,D
04/11/2023,,Bristol City,Sheffield Wednesday,1,0,H
04/11/2023,,Millwall,Southampton,0,1,A
04/11/2023,,Huddersfield,Watford,0,0,D
04/11/2023,,Plymouth Argyle,Middlesbrough,3,3,D
04/11/2023,,Preston North End,Coventry City,3,2,H
04/11/2023,,Rotherham United,QPR,1,1,D
04/11/2023,,Stoke,Cardiff,0,0,D
04/11/2023,,Swansea,Sunderland,0,0,D
04/11/2023,,West Brom,Hull City,3,1,H
05/11/2023,12:00,Norwich,Blackburn Rovers,1,3,A
07/11/2023,20:00,Rotherham United,Ipswich Town,2,2,D
10/11/2023,20:00,Blackburn Rovers,Preston North End,1,2,A
11/11/2023,12:30,Sunderland,Birmingham City,3,1,H
11/11/2023,15:00,Cardiff,Norwich,2,3,A
11/11/2023,,Coventry City,Stoke,0,0,D
11/11/2023,,Middlesbrough,Leicester,1,0,H
11/11/2023,,Southampton,West Brom,2,1,H
11/11/2023,,Watford,Rotherham United,5,0,H
11/11/2023,,Hull City,Huddersfield,1,0,H
11/11/2023,,Ipswich Town,Swansea,3,2,H
11/11/2023,,Leeds,Plymouth Argyle,2,1,H
11/11/2023,,QPR,Bristol City,0,0,D
11/11/2023,,Sheffield Wednesday,Millwall,0,4,A
24/11/2023,20:00,Rotherham United,Leeds,1,1,D
25/11/2023,15:00,Birmingham City,Sheffield Wednesday,2,1,H
25/11/2023,,Bristol City,Middlesbrough,3,2,H
25/11/2023,,Millwall,Coventry City,0,3,A
25/11/2023,,Huddersfield,Southampton,1,1,D
25/11/2023,,Leicester,Watford,2,0,H
25/11/2023,,Norwich,QPR,1,0,H
25/11/2023,,Plymouth Argyle,Sunderland,2,0,H
25/11/2023,,Preston North End,Cardiff,1,2,A
25/11/2023,,Stoke,Blackburn Rovers,0,3,A
25/11/2023,,Swansea,Hull City,2,2,D
25/11/2023,17:30,West Brom,Ipswich Town,2,0,H
28/11/2023,19:45,Cardiff,West Brom,0,1,A
28/11/2023,,Coventry City,Plymouth Argyle,1,0,H
28/11/2023,,Middlesbrough,Preston North End,4,0,H
28/11/2023,,Hull City,Rotherham United,4,1,H
28/11/2023,,QPR,Stoke,4,2,H
28/11/2023,20:00,Watford,Norwich,3,2,H
29/11/2023,19:45,Sunderland,Huddersfield,1,2,A
29/11/2023,,Blackburn Rovers,Birmingham City,4,2,H
29/11/2023,,Southampton,Bristol City,1,0,H
29/11/2023,,Leeds,Swansea,3,1,H
29/11/2023,,Sheffield Wednesday,Leicester,1,1,D
29/11/2023,20:00,Ipswich Town,Millwall,3,1,H
01/12/2023,20:00,Preston North End,QPR,0,2,A
02/12/2023,12:30,West Brom,Leicester,1,2,A
02/12/2023,15:00,Birmingham City,Rotherham United,0,0,D
02/12/2023,,Millwall,Sunderland,1,1,D
02/12/2023,,Southampton,Cardiff,2,0,H
02/12/2023,,Hull City,Watford,1,2,A
02/12/2023,,Ipswich Town,Coventry City,2,1,H
02/12/2023,,Leeds,Middlesbrough,3,2,H
02/12/2023,,Plymouth Argyle,Stoke,2,1,H
02/12/2023,,Sheffield Wednesday,Blackburn Rovers,3,1,H
02/12/2023,,Swansea,Huddersfield,1,1,D
03/12/2023,13:30,Bristol City,Norwich,1,2,A
08/12/2023,20:00,Coventry City,Birmingham City,2,0,H
09/12/2023,12:30,Sunderland,West Brom,2,1,H
09/12/2023,,Blackburn Rovers,Leeds,0,2,A
09/12/2023,15:00,Cardiff,Millwall,1,0,H
09/12/2023,,Middlesbrough,Ipswich Town,0,2,A
09/12/2023,,Watford,Southampton,1,1,D
09/12/2023,,Huddersfield,Bristol City,1,1,D
09/12/2023,,Leicester,Plymouth Argyle,4,0,H
09/12/2023,,Norwich,Preston North End,0,0,D
09/12/2023,,QPR,Hull City,2,0,H
09/12/2023,,Rotherham United,Swansea,1,2,A
09/12/2023,,Stoke,Sheffield Wednesday,0,1,A
12/12/2023,19:45,Blackburn Rovers,Bristol City,2,1,H
12/12/2023,,Watford,Ipswich Town,1,2,A
12/12/2023,,Huddersfield,Preston North End,1,3,A
12/12/2023,,Rotherham United,West Brom,0,2,A
12/12/2023,,Stoke,Swansea,1,1,D
12/12/2023,20:00,Sunderland,Leeds,1,0,H
13/12/2023,19:45,Cardiff,Birmingham City,0,1,A
13/12/2023,,Coventry City,Southampton,1,1,D
13/12/2023,,Leicester,Millwall,3,2,H
13/12/2023,,Norwich,Sheffield Wednesday,3,1,H
13/12/2023,,QPR,Plymouth Argyle,0,0,D
13/12/2023,20:00,Middlesbrough,Hull City,1,2,A
16/12/2023,12:30,Ipswich Town,Norwich,2,2,D
16/12/2023,15:00,Bristol City,Sunderland,1,0,H
16/12/2023,,Millwall,Huddersfield,1,1,D
16/12/2023,,Southampton,Blackburn Rovers,4,0,H
16/12/2023,,Hull City,Cardiff,3,0,H
16/12/2023,,Leeds,Coventry City,1,1,D
16/12/2023,,Plymouth Argyle,Rotherham United,3,2,H
16/12/2023,,Preston North End,Watford,1,5,A
16/12/2023,,Sheffield Wednesday,QPR,2,1,H
16/12/2023,,Swansea,Middlesbrough,1,2,A
17/12/2023,12:00,West Brom,Stoke,1,1,D
18/12/2023,20:00,Birmingham City,Leicester,2,3,A
22/12/2023,19:45,Bristol City,Hull City,3,2,H
22/12/2023,,Swansea,Preston North End,2,1,H
23/12/2023,12:30,Leeds,Ipswich Town,4,0,H
23/12/2023,15:00,Sunderland,Coventry City,0,3,A
23/12/2023,,Blackburn Rovers,Watford,1,2,A
23/12/2023,,Middlesbrough,West Brom,1,0,H
23/12/2023,,Leicester,Rotherham United,3,0,H
23/12/2023,,Norwich,Huddersfield,2,0,H
23/12/2023,,Plymouth Argyle,Birmingham City,3,3,D
23/12/2023,,QPR,Southampton,0,1,A
23/12/2023,,Sheffield Wednesday,Cardiff,1,2,A
23/12/2023,,Stoke,Millwall,0,0,D
26/12/2023,12:30,Preston North End,Leeds,2,1,H
26/12/2023,13:00,Millwall,QPR,2,0,H
26/12/2023,15:00,Cardiff,Plymouth Argyle,2,2,D
26/12/2023,,Coventry City,Sheffield Wednesday,2,0,H
26/12/2023,,Southampton,Swansea,5,0,H
26/12/2023,,Watford,Bristol City,1,4,A
26/12/2023,,Huddersfield,Blackburn Rovers,3,0,H
26/12/2023,,Hull City,Sunderland,0,1,A
26/12/2023,,Rotherham United,Middlesbrough,1,0,H
26/12/2023,,West Brom,Norwich,1,0,H
26/12/2023,17:15,Birmingham City,Stoke,1,3,A
26/12/2023,19:45,Ipswich Town,Leicester,1,1,D
29/12/2023,18:00,Southampton,Plymouth Argyle,2,1,H
29/12/2023,19:45,Birmingham City,Bristol City,0,0,D
29/12/2023,,Cardiff,Leicester,0,2,A
29/12/2023,,Coventry City,Swansea,2,2,D
29/12/2023,,Millwall,Norwich,1,0,H
29/12/2023,,Watford,Stoke,1,1,D
29/12/2023,,Huddersfield,Middlesbrough,1,2,A
29/12/2023,,Hull City,Blackburn Rovers,3,2,H
29/12/2023,,Ipswich Town,QPR,0,0,D
29/12/2023,,Preston North End,Sheffield Wednesday,0,1,A
29/12/2023,,Rotherham United,Sunderland,1,1,D
29/12/2023,20:15,West Brom,Leeds,1,0,H
01/01/2024,12:30,Sunderland,Preston North End,2,0,H
01/01/2024,15:00,Blackburn Rovers,Rotherham United,2,2,D
01/01/2024,,Bristol City,Millwall,0,1,A
01/01/2024,,Middlesbrough,Coventry City,1,3,A
01/01/2024,,Leeds,Birmingham City,3,0,H
01/01/2024,,Leicester,Huddersfield,4,1,H
01/01/2024,,Norwich,Southampton,1,1,D
01/01/2024,,Plymouth Argyle,Watford,3,3,D
01/01/2024,,QPR,Cardiff,1,2,A
01/01/2024,,Stoke,Ipswich Town,0,0,D
01/01/2024,,Swansea,West Brom,1,0,H
01/01/2024,17:15,Sheffield Wednesday,Hull City,3,1,H
12/01/2024,20:00,Hull City,Norwich,1,2,A
13/01/2024,12:30,Coventry City,Leicester,3,1,H
13/01/2024,15:00,Huddersfield,Plymouth Argyle,1,1,D
13/01/2024,,Preston North End,Bristol City,2,0,H
13/01/2024,,Rotherham United,Stoke,0,1,A
13/01/2024,,West Brom,Blackburn Rovers,4,1,H
13/01/2024,,Birmingham City,Swansea,2,2,D
13/01/2024,,Cardiff,Leeds,0,3,A
13/01/2024,,Millwall,Middlesbrough,1,3,A
13/01/2024,,Southampton,Sheffield Wednesday,4,0,H
13/01/2024,17:30,Ipswich Town,Sunderland,2,1,H
14/01/2024,12:00,QPR,Watford,1,2,A
19/01/2024,20:00,Sunderland,Hull City,0,1,A
20/01/2024,12:30,Swansea,Southampton,1,3,A
20/01/2024,15:00,Blackburn Rovers,Huddersfield,1,1,D
20/01/2024,,Bristol City,Watford,1,1,D
20/01/2024,,Middlesbrough,Rotherham United,1,1,D
20/01/2024,,Norwich,West Brom,2,0,H
20/01/2024,,Plymouth Argyle,Cardiff,3,1,H
20/01/2024,,QPR,Millwall,2,0,H
20/01/2024,,Sheffield Wednesday,Coventry City,1,2,A
20/01/2024,,Stoke,Birmingham City,1,2,A
21/01/2024,12:00,Leeds,Preston North End,2,1,H
22/01/2024,20:00,Leicester,Ipswich Town,1,1,D
24/01/2024,19:45,Leeds,Norwich,1,0,H
27/01/2024,15:00,Sunderland,Stoke,3,1,H
27/01/2024,,Millwall,Preston North End,1,1,D
28/01/2024,13:30,QPR,Huddersfield,1,1,D
30/01/2024,19:45,Coventry City,Bristol City,2,2,D
30/01/2024,,Leicester,Swansea,3,1,H
31/01/2024,19:45,Sheffield Wednesday,Watford,0,0,D
02/02/2024,20:00,Bristol City,Leeds,0,1,A
03/02/2024,15:00,Blackburn Rovers,QPR,1,2,A
03/02/2024,,Watford,Cardiff,0,1,A
03/02/2024,,Huddersfield,Sheffield Wednesday,4,0,H
03/02/2024,,Hull City,Millwall,1,0,H
03/02/2024,,Norwich,Coventry City,2,1,H
03/02/2024,,Preston North End,Ipswich Town,3,2,H
03/02/2024,,Rotherham United,Southampton,0,2,A
03/02/2024,,Stoke,Leicester,0,5,A
03/02/2024,,Swansea,Plymouth Argyle,0,1,A
03/02/2024,,West Brom,Birmingham City,1,0,H
04/02/2024,12:00,Middlesbrough,Sunderland,1,1,D
09/02/2024,20:00,Sheffield Wednesday,Birmingham City,2,0,H
10/02/2024,12:30,Ipswich Town,West Brom,2,2,D
10/02/2024,15:00,Sunderland,Plymouth Argyle,3,1,H
10/02/2024,,Blackburn Rovers,Stoke,3,1,H
10/02/2024,,Cardiff,Preston North End,0,2,A
10/02/2024,,Middlesbrough,Bristol City,1,2,A
10/02/2024,,Southampton,Huddersfield,5,3,H
10/02/2024,,Watford,Leicester,1,2,A
10/02/2024,,Hull City,Swansea,0,1,A
10/02/2024,,Leeds,Rotherham United,3,0,H
10/02/2024,,QPR,Norwich,2,2,D
11/02/2024,12:00,Coventry City,Millwall,2,1,H
13/02/2024,19:45,Birmingham City,Blackburn Rovers,1,0,H
13/02/2024,,Leicester,Sheffield Wednesday,2,0,H
13/02/2024,,Norwich,Watford,4,2,H
13/02/2024,,Rotherham United,Hull City,1,2,A
13/02/2024,,Swansea,Leeds,0,4,A
13/02/2024,20:00,Bristol City,Southampton,3,1,H
13/02/2024,,West Brom,Cardiff,2,0,H
14/02/2024,19:45,Huddersfield,Sunderland,1,0,H
14/02/2024,,Plymouth Argyle,Coventry City,2,2,D
14/02/2024,,Preston North End,Middlesbrough,2,1,H
14/02/2024,,Stoke,QPR,1,0,H
14/02/2024,20:00,Millwall,Ipswich Town,0,4,A
16/02/2024,20:00,West Brom,Southampton,0,2,A
17/02/2024,12:30,Plymouth Argyle,Leeds,0,2,A
17/02/2024,15:00,Birmingham City,Sunderland,2,1,H
17/02/2024,,Bristol City,QPR,0,1,A
17/02/2024,,Millwall,Sheffield Wednesday,0,2,A
17/02/2024,,Huddersfield,Hull City,1,2,A
17/02/2024,,Leicester,Middlesbrough,1,2,A
17/02/2024,,Norwich,Cardiff,4,1,H
17/02/2024,,Preston North End,Blackburn Rovers,2,2,D
17/02/2024,,Rotherham United,Watford,0,1,A
17/02/2024,,Stoke,Coventry City,0,1,A
17/02/2024,,Swansea,Ipswich Town,1,2,A
20/02/2024,19:45,Cardiff,Blackburn Rovers,0,0,D
20/02/2024,,Southampton,Hull City,1,2,A
20/02/2024,,Ipswich Town,Rotherham United,4,3,H
20/02/2024,,Plymouth Argyle,West Brom,0,3,A
23/02/2024,19:45,Coventry City,Preston North End,0,3,A
23/02/2024,20:00,Leeds,Leicester,3,1,H
24/02/2024,12:30,Hull City,West Brom,1,1,D
24/02/2024,15:00,Sunderland,Swansea,1,2,A
24/02/2024,,Blackburn Rovers,Norwich,1,1,D
24/02/2024,,Cardiff,Stoke,2,1,H
24/02/2024,,Middlesbrough,Plymouth Argyle,0,2,A
24/02/2024,,Southampton,Millwall,1,2,A
24/02/2024,,Watford,Huddersfield,1,2,A
24/02/2024,,Ipswich Town,Birmingham City,3,1,H
24/02/2024,,QPR,Rotherham United,2,1,H
24/02/2024,,Sheffield Wednesday,Bristol City,2,1,H
01/03/2024,20:00,West Brom,Coventry City,2,1,H
02/03/2024,12:30,Bristol City,Cardiff,0,1,A
02/03/2024,,Huddersfield,Leeds,1,1,D
02/03/2024,15:00,Birmingham City,Southampton,3,4,A
02/03/2024,,Millwall,Watford,1,0,H
02/03/2024,,Leicester,QPR,1,2,A
02/03/2024,,Norwich,Sunderland,1,0,H
02/03/2024,,Plymouth Argyle,Ipswich Town,0,2,A
02/03/2024,,Preston North End,Hull City,0,0,D
02/03/2024,,Rotherham United,Sheffield Wednesday,0,1,A
02/03/2024,,Stoke,Middlesbrough,2,0,H
02/03/2024,,Swansea,Blackburn Rovers,2,1,H
05/03/2024,19:45,Sunderland,Leicester,0,1,A
05/03/2024,,Blackburn Rovers,Millwall,1,1,D
05/03/2024,,Coventry City,Rotherham United,5,0,H
05/03/2024,,Hull City,Birmingham City,1,1,D
05/03/2024,,Leeds,Stoke,1,0,H
05/03/2024,,Sheffield Wednesday,Plymouth Argyle,1,0,H
05/03/2024,20:00,Ipswich Town,Bristol City,3,2,H
06/03/2024,19:45,Cardiff,Huddersfield,1,0,H
06/03/2024,,Middlesbrough,Norwich,3,1,H
06/03/2024,,Watford,Swansea,1,1,D
06/03/2024,20:00,QPR,West Brom,2,2,D
08/03/2024,20:00,Sheffield Wednesday,Leeds,0,2,A
09/03/2024,12:30,Cardiff,Ipswich Town,2,1,H
09/03/2024,15:00,Blackburn Rovers,Plymouth Argyle,1,1,D
09/03/2024,,Millwall,Birmingham City,1,0,H
09/03/2024,,Southampton,Sunderland,4,2,H
09/03/2024,,Watford,Coventry City,1,2,A
09/03/2024,,Hull City,Leicester,2,2,D
09/03/2024,,Norwich,Rotherham United,5,0,H
09/03/2024,,Preston North End,Stoke,1,2,A
09/03/2024,,QPR,Middlesbrough,0,2,A
10/03/2024,12:00,Huddersfield,West Brom,1,4,A
10/03/2024,12:30,Bristol City,Swansea,1,0,H
12/03/2024,19:45,Birmingham City,Middlesbrough,0,1,A
16/03/2024,12:30,Swansea,Cardiff,2,0,H
16/03/2024,15:00,Sunderland,QPR,0,0,D
16/03/2024,,Birmingham City,Watford,0,1,A
16/03/2024,,Middlesbrough,Blackburn Rovers,0,0,D
16/03/2024,,Ipswich Town,Sheffield Wednesday,6,0,H
16/03/2024,,Plymouth Argyle,Preston North End,0,1,A
16/03/2024,,Rotherham United,Huddersfield,0,0,D
16/03/2024,,Stoke,Norwich,0,3,A
16/03/2024,,West Brom,Bristol City,2,0,H
17/03/2024,15:00,Leeds,Millwall,2,0,H
29/03/2024,12:30,Bristol City,Leicester,1,0,H
29/03/2024,13:00,Millwall,West Brom,1,1,D
29/03/2024,15:00,Cardiff,Sunderland,0,2,A
29/03/2024,,Southampton,Middlesbrough,1,1,D
29/03/2024,,Huddersfield,Coventry City,1,3,A
29/03/2024,,Hull City,Stoke,0,2,A
29/03/2024,,Norwich,Plymouth Argyle,2,1,H
29/03/2024,,Preston North End,Rotherham United,3,0,H
29/03/2024,,QPR,Birmingham City,2,1,H
29/03/2024,,Sheffield Wednesday,Swansea,1,1,D
29/03/2024,17:30,Blackburn Rovers,Ipswich Town,0,1,A
29/03/2024,20:00,Watford,Leeds,2,2,D
01/04/2024,12:30,Leicester,Norwich,3,1,H
01/04/2024,15:00,Sunderland,Blackburn Rovers,1,5,A
01/04/2024,,Birmingham City,Preston North End,1,0,H
01/04/2024,,Coventry City,Cardiff,1,2,A
01/04/2024,,Middlesbrough,Sheffield Wednesday,2,0,H
01/04/2024,,Plymouth Argyle,Bristol City,0,1,A
01/04/2024,,Rotherham United,Millwall,2,1,H
01/04/2024,,Stoke,Huddersfield,1,1,D
01/04/2024,,Swansea,QPR,0,1,A
01/04/2024,,West Brom,Watford,2,2,D
01/04/2024,17:30,Ipswich Town,Southampton,3,2,H
01/04/2024,20:00,Leeds,Hull City,3,1,H
05/04/2024,20:00,Rotherham United,Plymouth Argyle,0,1,A
06/04/2024,12:30,Norwich,Ipswich Town,1,0,H
06/04/2024,15:00,Sunderland,Bristol City,0,0,D
06/04/2024,,Blackburn Rovers,Southampton,0,0,D
06/04/2024,,Cardiff,Hull City,1,3,A
06/04/2024,,Coventry City,Leeds,2,1,H
06/04/2024,,Middlesbrough,Swansea,2,0,H
06/04/2024,,Watford,Preston North End,0,0,D
06/04/2024,,Huddersfield,Millwall,1,0,H
06/04/2024,,Leicester,Birmingham City,2,1,H
06/04/2024,,QPR,Sheffield Wednesday,0,2,A
06/04/2024,,Stoke,West Brom,2,2,D
09/04/2024,19:45,Millwall,Leicester,1,0,H
09/04/2024,,Southampton,Coventry City,2,1,H
09/04/2024,,Plymouth Argyle,QPR,1,1,D
09/04/2024,,Preston North End,Huddersfield,4,1,H
09/04/2024,,Sheffield Wednesday,Norwich,2,2,D
09/04/2024,20:00,Leeds,Sunderland,0,0,D
10/04/2024,19:45,Birmingham City,Cardiff,0,1,A
10/04/2024,,Bristol City,Blackburn Rovers,5,0,H
10/04/2024,,Hull City,Middlesbrough,2,2,D
10/04/2024,,Ipswich Town,Watford,0,0,D
10/04/2024,20:00,Swansea,Stoke,3,0,H
10/04/2024,,West Brom,Rotherham United,2,0,H
12/04/2024,20:00,Plymouth Argyle,Leicester,1,0,H
13/04/2024,12:30,Leeds,Blackburn Rovers,0,1,A
13/04/2024,15:00,Birmingham City,Coventry City,3,0,H
13/04/2024,,Bristol City,Huddersfield,1,1,D
13/04/2024,,Millwall,Cardiff,3,1,H
13/04/2024,,Southampton,Watford,3,2,H
13/04/2024,,Hull City,QPR,3,0,H
13/04/2024,,Ipswich Town,Middlesbrough,1,1,D
13/04/2024,,Preston North End,Norwich,0,1,A
13/04/2024,,Sheffield Wednesday,Stoke,1,1,D
13/04/2024,,Swansea,Rotherham United,1,0,H
13/04/2024,,West Brom,Sunderland,0,1,A
16/04/2024,20:00,Southampton,Preston North End,3,0,H
20/04/2024,12:30,Leicester,West Brom,2,1,H
20/04/2024,15:00,Sunderland,Millwall,0,1,A
20/04/2024,,Cardiff,Southampton,2,1,H
20/04/2024,,Watford,Hull City,0,0,D
20/04/2024,,Huddersfield,Swansea,0,4,A
20/04/2024,,Norwich,Bristol City,1,1,D
20/04/2024,,Rotherham United,Birmingham City,0,0,D
20/04/2024,,Stoke,Plymouth Argyle,3,0,H
20/04/2024,17:15,QPR,Preston North End,1,0,H
21/04/2024,12:30,Blackburn Rovers,Sheffield Wednesday,1,3,A
22/04/2024,20:00,Middlesbrough,Leeds,3,4,A
23/04/2024,20:00,Leicester,Southampton,5,0,H
24/04/2024,19:45,Coventry City,Hull City,2,3,A
26/04/2024,20:00,QPR,Leeds,4,0,H
27/04/2024,15:00,Blackburn Rovers,Coventry City,0,0,D
27/04/2024,,Bristol City,Rotherham United,2,0,H
27/04/2024,,Cardiff,Middlesbrough,1,4,A
27/04/2024,,Millwall,Plymouth Argyle,1,0,H
27/04/2024,,Southampton,Stoke,0,1,A
27/04/2024,,Watford,Sunderland,1,0,H
27/04/2024,,Huddersfield,Birmingham City,1,1,D
27/04/2024,,Norwich,Swansea,2,2,D
27/04/2024,,Sheffield Wednesday,West Brom,3,0,H
27/04/2024,20:00,Hull City,Ipswich Town,3,3,D
29/04/2024,20:00,Preston North End,Leicester,0,3,A
30/04/2024,20:00,Coventry City,Ipswich Town,1,2,A
04/05/2024,12:30,Swansea,Millwall,0,1,A
04/05/2024,,Sunderland,Sheffield Wednesday,0,2,A
04/05/2024,,Birmingham City,Norwich,1,0,H
04/05/2024,,Coventry City,QPR,1,2,A
04/05/2024,,Middlesbrough,Watford,3,1,H
04/05/2024,,Ipswich Town,Huddersfield,2,0,H
04/05/2024,,Leeds,Southampton,1,2,A
04/05/2024,,Leicester,Blackburn Rovers,0,2,A
04/05/2024,,Plymouth Argyle,Hull City,1,0,H
04/05/2024,,Rotherham United,Cardiff,5,2,H
04/05/2024,,Stoke,Bristol City,4,0,H
04/05/2024,,West Brom,Preston North End,3,0,H
12/05/2024,12:00,Norwich,Leeds,0,0,D
12/05/2024,14:15,West Brom,Southampton,0,0,D
16/05/2024,20:00,Leeds,Norwich,4,0,H
17/05/2024,20:00,Southampton,West Brom,3,1,H
26/05/2024,15:00,Leeds,Southampton,0,1,A
09/08/2024,20:00,Blackburn Rovers,Derby County,4,2,H
09/08/2024,,Preston North End,Sheffield United,0,2,A
10/08/2024,12:30,Cardiff,Sunderland,0,2,A
10/08/2024,,Hull City,Bristol City,1,1,D
10/08/2024,,Leeds,Portsmouth,3,3,D
10/08/2024,,Middlesbrough,Swansea,1,0,H
10/08/2024,,Millwall,Watford,2,3,A
10/08/2024,,Oxford United,Norwich,2,0,H
10/08/2024,,QPR,West Brom,1,3,A
10/08/2024,,Stoke,Coventry City,1,0,H
11/08/2024,16:00,Sheffield Wednesday,Plymouth Argyle,4,0,H
12/08/2024,20:00,Luton Town,Burnley,1,4,A
16/08/2024,20:00,Coventry City,Oxford United,3,2,H
17/08/2024,12:30,Derby County,Middlesbrough,1,0,H
17/08/2024,,Portsmouth,Luton Town,0,0,D
17/08/2024,,West Brom,Leeds,0,0,D
17/08/2024,15:00,Bristol City,Millwall,4,3,H
17/08/2024,,Burnley,Cardiff,5,0,H
17/08/2024,,Norwich,Blackburn Rovers,2,2,D
17/08/2024,,Plymouth Argyle,Hull City,1,1,D
17/08/2024,,Sheffield United,QPR,2,2,D
17/08/2024,,Swansea,Preston North End,3,0,H
17/08/2024,,Watford,Stoke,3,0,H
18/08/2024,12:00,Sunderland,Sheffield Wednesday,4,0,H
23/08/2024,20:00,Sheffield Wednesday,Leeds,0,2,A
24/08/2024,12:30,Bristol City,Coventry City,1,1,D
24/08/2024,,Hull City,Millwall,0,0,D
24/08/2024,,QPR,Plymouth Argyle,1,1,D
24/08/2024,15:00,Watford,Derby County,2,1,H
24/08/2024,,Blackburn Rovers,Oxford United,2,1,H
24/08/2024,,Middlesbrough,Portsmouth,2,2,D
24/08/2024,,Norwich,Sheffield United,1,1,D
24/08/2024,,Preston North End,Luton Town,1,0,H
24/08/2024,,Stoke,West Brom,1,2,A
24/08/2024,,Sunderland,Burnley,1,0,H
25/08/2024,15:00,Swansea,Cardiff,1,1,D
30/08/2024,20:00,Luton Town,QPR,1,2,A
31/08/2024,12:30,Burnley,Blackburn Rovers,1,1,D
31/08/2024,,Cardiff,Middlesbrough,0,2,A
31/08/2024,,Coventry City,Norwich,0,1,A
31/08/2024,15:00,Derby County,Bristol City,3,0,H
31/08/2024,,Leeds,Hull City,2,0,H
31/08/2024,,Millwall,Sheffield Wednesday,3,0,H
31/08/2024,,Oxford United,Preston North End,3,1,H
31/08/2024,,Plymouth Argyle,Stoke,0,1,A
31/08/2024,,Portsmouth,Sunderland,1,3,A
31/08/2024,,West Brom,Swansea,1,0,H
01/09/2024,15:00,Sheffield United,Watford,1,0,H
13/09/2024,20:00,Hull City,Sheffield United,0,2,A
14/09/2024,12:30,Leeds,Burnley,0,1,A
14/09/2024,,Millwall,Luton Town,0,1,A
14/09/2024,,Oxford United,Stoke,1,0,H
14/09/2024,15:00,Blackburn Rovers,Bristol City,3,0,H
14/09/2024,,Derby County,Cardiff,1,0,H
14/09/2024,,Middlesbrough,Preston North End,1,1,D
14/09/2024,,Plymouth Argyle,Sunderland,3,2,H
14/09/2024,,Sheffield Wednesday,QPR,1,1,D
14/09/2024,,Swansea,Norwich,1,0,H
14/09/2024,,Watford,Coventry City,1,1,D
15/09/2024,15:00,Portsmouth,West Brom,0,3,A
20/09/2024,20:00,Stoke,Hull City,1,3,A
21/09/2024,12:30,Norwich,Watford,4,1,H
21/09/2024,,QPR,Millwall,1,1,D
21/09/2024,,Sunderland,Middlesbrough,1,0,H
21/09/2024,15:00,Bristol City,Oxford United,2,1,H
21/09/2024,,Burnley,Portsmouth,2,1,H
21/09/2024,,Cardiff,Leeds,0,2,A
21/09/2024,,Coventry City,Swansea,1,2,A
21/09/2024,,Luton Town,Sheffield Wednesday,2,1,H
21/09/2024,,Sheffield United,Derby County,1,0,H
21/09/2024,,West Brom,Plymouth Argyle,1,0,H
22/09/2024,12:00,Preston North End,Blackburn Rovers,0,0,D
27/09/2024,20:00,Plymouth Argyle,Luton Town,3,1,H
28/09/2024,12:30,Blackburn Rovers,QPR,2,0,H
28/09/2024,,Derby County,Norwich,2,3,A
28/09/2024,,Sheffield Wednesday,West Brom,3,2,H
28/09/2024,15:00,Hull City,Cardiff,4,1,H
28/09/2024,,Leeds,Coventry City,3,0,H
28/09/2024,,Middlesbrough,Stoke,2,0,H
28/09/2024,,Millwall,Preston North End,3,1,H
28/09/2024,,Oxford United,Burnley,0,0,D
28/09/2024,,Portsmouth,Sheffield United,0,0,D
28/09/2024,,Watford,Sunderland,2,1,H
29/09/2024,15:00,Swansea,Bristol City,1,1,D
01/10/2024,19:45,Burnley,Plymouth Argyle,1,0,H
01/10/2024,,Cardiff,Millwall,1,0,H
01/10/2024,,Coventry City,Blackburn Rovers,3,0,H
01/10/2024,,Luton Town,Oxford United,2,2,D
01/10/2024,,QPR,Hull City,1,3,A
01/10/2024,,Sunderland,Derby County,2,0,H
01/10/2024,,Norwich,Leeds,1,1,D
01/10/2024,20:00,West Brom,Middlesbrough,0,1,A
02/10/2024,19:45,Sheffield United,Swansea,1,0,H
02/10/2024,,Preston North End,Watford,3,0,H
02/10/2024,,Stoke,Portsmouth,6,1,H
02/10/2024,20:00,Bristol City,Sheffield Wednesday,0,0,D
04/10/2024,20:00,Sunderland,Leeds,2,2,D
05/10/2024,12:30,Burnley,Preston North End,0,0,D
05/10/2024,,Norwich,Hull City,4,0,H
05/10/2024,,Portsmouth,Oxford United,1,1,D
05/10/2024,15:00,Coventry City,Sheffield Wednesday,1,2,A
05/10/2024,,Derby County,QPR,2,0,H
05/10/2024,,Plymouth Argyle,Blackburn Rovers,2,1,H
05/10/2024,,Sheffield United,Luton Town,2,0,H
05/10/2024,,Swansea,Stoke,0,0,D
05/10/2024,,Watford,Middlesbrough,2,1,H
05/10/2024,,West Brom,Millwall,0,0,D
06/10/2024,15:00,Bristol City,Cardiff,1,1,D
18/10/2024,20:00,Leeds,Sheffield United,2,0,H
19/10/2024,12:30,Cardiff,Plymouth Argyle,5,0,H
19/10/2024,,Luton Town,Watford,3,0,H
19/10/2024,,Oxford United,West Brom,1,1,D
19/10/2024,,Preston North End,Coventry City,1,0,H
19/10/2024,15:00,Blackburn Rovers,Swansea,1,0,H
19/10/2024,,Middlesbrough,Bristol City,0,2,A
19/10/2024,,Millwall,Derby County,1,1,D
19/10/2024,,QPR,Portsmouth,1,2,A
19/10/2024,,Sheffield Wednesday,Burnley,0,2,A
19/10/2024,,Stoke,Norwich,1,1,D
20/10/2024,15:00,Hull City,Sunderland,0,1,A
22/10/2024,19:45,Cardiff,Portsmouth,2,0,H
22/10/2024,,Leeds,Watford,2,1,H
22/10/2024,,Oxford United,Derby County,1,1,D
22/10/2024,,Preston North End,Norwich,2,2,D
22/10/2024,,Sheffield Wednesday,Swansea,0,0,D
22/10/2024,,Stoke,Bristol City,2,2,D
22/10/2024,20:00,QPR,Coventry City,1,1,D
23/10/2024,19:45,Hull City,Burnley,1,1,D
23/10/2024,,Blackburn Rovers,West Brom,0,0,D
23/10/2024,,Luton Town,Sunderland,1,2,A
23/10/2024,,Millwall,Plymouth Argyle,1,0,H
23/10/2024,20:00,Middlesbrough,Sheffield United,1,0,H
25/10/2024,20:00,Portsmouth,Sheffield Wednesday,1,2,A
26/10/2024,12:30,Bristol City,Leeds,0,0,D
26/10/2024,,Coventry City,Luton Town,3,2,H
26/10/2024,,Watford,Blackburn Rovers,1,0,H
26/10/2024,15:00,Burnley,QPR,0,0,D
26/10/2024,,Derby County,Hull City,1,1,D
26/10/2024,,Plymouth Argyle,Preston North End,3,3,D
26/10/2024,,Sheffield United,Stoke,2,0,H
26/10/2024,,Sunderland,Oxford United,2,0,H
26/10/2024,,Swansea,Millwall,0,1,A
26/10/2024,,West Brom,Cardiff,0,0,D
27/10/2024,15:00,Norwich,Middlesbrough,3,3,D
01/11/2024,20:00,Luton Town,West Brom,1,1,D
02/11/2024,12:30,Blackburn Rovers,Sheffield United,0,2,A
02/11/2024,,Oxford United,Swansea,1,2,A
02/11/2024,,Stoke,Derby County,2,1,H
02/11/2024,15:00,Cardiff,Norwich,2,1,H
02/11/2024,,Hull City,Portsmouth,1,1,D
02/11/2024,,Leeds,Plymouth Argyle,3,0,H
02/11/2024,,Middlesbrough,Coventry City,0,3,A
02/11/2024,,Preston North End,Bristol City,1,3,A
02/11/2024,,QPR,Sunderland,0,0,D
02/11/2024,,Sheffield Wednesday,Watford,2,6,A
03/11/2024,15:00,Millwall,Burnley,1,0,H
05/11/2024,19:45,Bristol City,Sheffield United,1,2,A
05/11/2024,,Oxford United,Hull City,1,0,H
05/11/2024,,QPR,Middlesbrough,1,4,A
05/11/2024,,Sheffield Wednesday,Norwich,2,0,H
05/11/2024,20:00,Plymouth Argyle,Portsmouth,1,0,H
05/11/2024,,Swansea,Watford,1,0,H
06/11/2024,19:45,Millwall,Leeds,1,0,H
06/11/2024,,Blackburn Rovers,Stoke,0,2,A
06/11/2024,,Coventry City,Derby County,1,2,A
06/11/2024,20:00,Luton Town,Cardiff,1,0,H
06/11/2024,,Preston North End,Sunderland,0,0,D
07/11/2024,20:00,West Brom,Burnley,0,0,D
08/11/2024,20:00,Watford,Oxford United,1,0,H
09/11/2024,12:30,Cardiff,Blackburn Rovers,1,3,A
09/11/2024,,Middlesbrough,Luton Town,5,1,H
09/11/2024,,Stoke,Millwall,1,1,D
09/11/2024,15:00,Derby County,Plymouth Argyle,1,1,D
09/11/2024,,Leeds,QPR,2,0,H
09/11/2024,,Norwich,Bristol City,0,2,A
09/11/2024,,Portsmouth,Preston North End,3,1,H
09/11/2024,,Sunderland,Coventry City,2,2,D
10/11/2024,12:30,Sheffield United,Sheffield Wednesday,1,0,H
10/11/2024,13:00,Hull City,West Brom,1,2,A
10/11/2024,15:00,Burnley,Swansea,1,0,H
22/11/2024,20:00,Plymouth Argyle,Watford,2,2,D
23/11/2024,12:30,Bristol City,Burnley,0,1,A
23/11/2024,,Coventry City,Sheffield United,2,2,D
23/11/2024,,Sheffield Wednesday,Cardiff,1,1,D
23/11/2024,15:00,Luton Town,Hull City,1,0,H
23/11/2024,,Millwall,Sunderland,1,1,D
23/11/2024,,Oxford United,Middlesbrough,2,6,A
23/11/2024,,Preston North End,Derby County,1,1,D
23/11/2024,,QPR,Stoke,1,1,D
23/11/2024,,West Brom,Norwich,2,2,D
24/11/2024,15:00,Swansea,Leeds,3,4,A
26/11/2024,19:45,Burnley,Coventry City,2,0,H
26/11/2024,,Hull City,Sheffield Wednesday,0,2,A
26/11/2024,,Norwich,Plymouth Argyle,6,1,H
26/11/2024,,Sheffield United,Oxford United,3,0,H
26/11/2024,,Stoke,Preston North End,0,0,D
26/11/2024,,Watford,Bristol City,1,0,H
26/11/2024,20:00,Sunderland,West Brom,0,0,D
27/11/2024,19:45,Leeds,Luton Town,3,0,H
27/11/2024,,Cardiff,QPR,0,2,A
27/11/2024,,Middlesbrough,Blackburn Rovers,0,1,A
27/11/2024,20:00,Derby County,Swansea,1,2,A
29/11/2024,20:00,Sheffield United,Sunderland,1,0,H
30/11/2024,12:30,Middlesbrough,Hull City,3,1,H
30/11/2024,,Oxford United,Millwall,1,1,D
30/11/2024,,Watford,QPR,0,0,D
30/11/2024,13:30,Blackburn Rovers,Leeds,1,0,H
30/11/2024,15:00,Bristol City,Plymouth Argyle,4,0,H
30/11/2024,,Coventry City,Cardiff,2,2,D
30/11/2024,,Norwich,Luton Town,4,2,H
30/11/2024,,Preston North End,West Brom,1,1,D
30/11/2024,,Stoke,Burnley,0,2,A
30/11/2024,,Swansea,Portsmouth,2,2,D
01/12/2024,15:00,Derby County,Sheffield Wednesday,1,2,A
06/12/2024,20:00,Burnley,Middlesbrough,1,1,D
07/12/2024,12:30,Leeds,Derby County,2,0,H
07/12/2024,,Sheffield Wednesday,Preston North End,1,1,D
07/12/2024,,Sunderland,Stoke,2,1,H
07/12/2024,15:00,Hull City,Blackburn Rovers,0,1,A
07/12/2024,,Luton Town,Swansea,1,1,D
07/12/2024,,Millwall,Coventry City,0,1,A
07/12/2024,,Portsmouth,Bristol City,3,0,H
07/12/2024,,QPR,Norwich,3,0,H
08/12/2024,15:00,West Brom,Sheffield United,2,2,D
10/12/2024,19:45,Burnley,Derby County,0,0,D
10/12/2024,,Luton Town,Stoke,2,1,H
10/12/2024,,Plymouth Argyle,Swansea,1,2,A
10/12/2024,,Portsmouth,Norwich,0,0,D
10/12/2024,,Sheffield Wednesday,Blackburn Rovers,0,1,A
10/12/2024,,Sunderland,Bristol City,1,1,D
10/12/2024,20:00,Leeds,Middlesbrough,3,1,H
11/12/2024,19:45,Millwall,Sheffield United,0,1,A
11/12/2024,,Cardiff,Preston North End,0,2,A
11/12/2024,,Hull City,Watford,1,1,D
11/12/2024,,QPR,Oxford United,2,0,H
11/12/2024,20:00,West Brom,Coventry City,2,0,H
13/12/2024,20:00,Derby County,Portsmouth,4,0,H
14/12/2024,12:30,Bristol City,QPR,1,1,D
14/12/2024,,Coventry City,Hull City,2,1,H
14/12/2024,,Preston North End,Leeds,1,1,D
14/12/2024,15:00,Blackburn Rovers,Luton Town,2,0,H
14/12/2024,,Middlesbrough,Millwall,1,0,H
14/12/2024,,Oxford United,Sheffield Wednesday,1,3,A
14/12/2024,,Sheffield United,Plymouth Argyle,2,0,H
14/12/2024,,Stoke,Cardiff,2,2,D
14/12/2024,,Swansea,Sunderland,2,3,A
15/12/2024,14:00,Watford,West Brom,2,1,H
15/12/2024,15:00,Norwich,Burnley,1,2,A
20/12/2024,20:00,Luton Town,Derby County,2,1,H
21/12/2024,12:30,Hull City,Swansea,2,1,H
21/12/2024,,Portsmouth,Coventry City,4,1,H
21/12/2024,,Sheffield Wednesday,Stoke,2,0,H
21/12/2024,15:00,Burnley,Watford,2,1,H
21/12/2024,,Cardiff,Sheffield United,0,2,A
21/12/2024,,Leeds,Oxford United,4,0,H
21/12/2024,,Millwall,Blackburn Rovers,1,0,H
21/12/2024,,Plymouth Argyle,Middlesbrough,3,3,D
21/12/2024,,QPR,Preston North End,2,1,H
21/12/2024,,Sunderland,Norwich,2,1,H
22/12/2024,15:00,West Brom,Bristol City,2,0,H
26/12/2024,15:00,Blackburn Rovers,Sunderland,2,2,D
26/12/2024,,Bristol City,Luton Town,1,0,H
26/12/2024,,Coventry City,Plymouth Argyle,4,0,H
26/12/2024,,Middlesbrough,Sheffield Wednesday,3,3,D
26/12/2024,,Norwich,Millwall,2,1,H
26/12/2024,,Oxford United,Cardiff,3,2,H
26/12/2024,,Preston North End,Hull City,1,0,H
26/12/2024,,Sheffield United,Burnley,0,2,A
26/12/2024,,Swansea,QPR,3,0,H
26/12/2024,,Watford,Portsmouth,2,1,H
26/12/2024,17:30,Derby County,West Brom,2,1,H
26/12/2024,20:00,Stoke,Leeds,0,2,A
29/12/2024,12:30,Norwich,QPR,1,1,D
29/12/2024,,Preston North End,Sheffield Wednesday,3,1,H
29/12/2024,,Sheffield United,West Brom,1,1,D
29/12/2024,15:00,Blackburn Rovers,Hull City,0,1,A
29/12/2024,,Bristol City,Portsmouth,3,0,H
29/12/2024,,Coventry City,Millwall,0,0,D
29/12/2024,,Oxford United,Plymouth Argyle,2,0,H
29/12/2024,,Stoke,Sunderland,1,0,H
29/12/2024,,Swansea,Luton Town,2,1,H
29/12/2024,,Watford,Cardiff,1,2,A
29/12/2024,17:45,Derby County,Leeds,0,1,A
29/12/2024,20:00,Middlesbrough,Burnley,0,0,D
01/01/2025,12:30,Plymouth Argyle,Bristol City,2,2,D
01/01/2025,,QPR,Watford,3,1,H
01/01/2025,13:00,Millwall,Oxford United,0,1,A
01/01/2025,15:00,Leeds,Blackburn Rovers,1,1,D
01/01/2025,,Luton Town,Norwich,0,1,A
01/01/2025,,Portsmouth,Swansea,4,0,H
01/01/2025,,Sheffield Wednesday,Derby County,4,2,H
01/01/2025,,West Brom,Preston North End,3,1,H
01/01/2025,,Burnley,Stoke,0,0,D
01/01/2025,,Cardiff,Coventry City,1,1,D
01/01/2025,17:30,Hull City,Middlesbrough,0,1,A
01/01/2025,20:00,Sunderland,Sheffield United,2,1,H
04/01/2025,12:30,Blackburn Rovers,Burnley,0,1,A
04/01/2025,,Stoke,Plymouth Argyle,0,0,D
04/01/2025,,Swansea,West Brom,1,1,D
04/01/2025,15:00,Bristol City,Derby County,1,0,H
04/01/2025,,Hull City,Leeds,3,3,D
04/01/2025,,Middlesbrough,Cardiff,1,1,D
04/01/2025,,Norwich,Coventry City,2,1,H
04/01/2025,,Preston North End,Oxford United,1,1,D
04/01/2025,,Sheffield Wednesday,Millwall,2,2,D
04/01/2025,,Watford,Sheffield United,1,2,A
05/01/2025,15:00,Sunderland,Portsmouth,1,0,H
06/01/2025,20:00,QPR,Luton Town,2,1,H
14/01/2025,19:45,Cardiff,Watford,1,1,D
14/01/2025,,Plymouth Argyle,Oxford United,1,1,D
15/01/2025,19:45,Blackburn Rovers,Portsmouth,3,0,H
17/01/2025,20:00,Burnley,Sunderland,0,0,D
18/01/2025,12:30,Cardiff,Swansea,3,0,H
18/01/2025,,Millwall,Hull City,0,1,A
18/01/2025,,Plymouth Argyle,QPR,0,1,A
18/01/2025,15:00,Coventry City,Bristol City,1,0,H
18/01/2025,,Derby County,Watford,0,2,A
18/01/2025,,Luton Town,Preston North End,0,0,D
18/01/2025,,Oxford United,Blackburn Rovers,1,0,H
18/01/2025,,Portsmouth,Middlesbrough,2,1,H
18/01/2025,,Sheffield United,Norwich,2,0,H
18/01/2025,,West Brom,Stoke,1,1,D
19/01/2025,12:00,Leeds,Sheffield Wednesday,3,0,H
21/01/2025,19:45,Blackburn Rovers,Coventry City,0,2,A
21/01/2025,,Derby County,Sunderland,0,1,A
21/01/2025,,Hull City,QPR,1,2,A
21/01/2025,,Middlesbrough,West Brom,2,0,H
21/01/2025,,Oxford United,Luton Town,3,2,H
21/01/2025,,Swansea,Sheffield United,1,2,A
21/01/2025,,Watford,Preston North End,1,2,A
21/01/2025,20:00,Millwall,Cardiff,2,2,D
22/01/2025,19:45,Leeds,Norwich,2,0,H
22/01/2025,,Portsmouth,Stoke,3,1,H
22/01/2025,,Sheffield Wednesday,Bristol City,2,2,D
22/01/2025,20:00,Plymouth Argyle,Burnley,0,5,A
24/01/2025,20:00,Sheffield United,Hull City,0,3,A
25/01/2025,12:30,Luton Town,Millwall,0,1,A
25/01/2025,,Norwich,Swansea,5,1,H
25/01/2025,,Stoke,Oxford United,0,0,D
25/01/2025,15:00,Bristol City,Blackburn Rovers,2,1,H
25/01/2025,,Cardiff,Derby County,2,1,H
25/01/2025,,Coventry City,Watford,2,1,H
25/01/2025,,Preston North End,Middlesbrough,2,1,H
25/01/2025,,QPR,Sheffield Wednesday,0,2,A
25/01/2025,,Sunderland,Plymouth Argyle,2,2,D
25/01/2025,,West Brom,Portsmouth,5,1,H
27/01/2025,20:00,Burnley,Leeds,0,0,D
28/01/2025,19:45,Portsmouth,Millwall,0,1,A
31/01/2025,20:00,Blackburn Rovers,Preston North End,2,1,H
01/02/2025,12:30,Oxford United,Bristol City,1,1,D
01/02/2025,,Plymouth Argyle,West Brom,2,1,H
01/02/2025,,Watford,Norwich,0,1,A
01/02/2025,15:00,Derby County,Sheffield United,0,1,A
01/02/2025,,Hull City,Stoke,1,2,A
01/02/2025,,Leeds,Cardiff,7,0,H
01/02/2025,,Millwall,QPR,2,1,H
01/02/2025,,Portsmouth,Burnley,0,0,D
01/02/2025,,Sheffield Wednesday,Luton Town,1,1,D
01/02/2025,,Swansea,Coventry City,0,2,A
03/02/2025,20:00,Middlesbrough,Sunderland,2,3,A
04/02/2025,19:45,Burnley,Oxford United,1,0,H
04/02/2025,,QPR,Blackburn Rovers,2,1,H
05/02/2025,19:45,Coventry City,Leeds,0,2,A
08/02/2025,12:30,Sunderland,Watford,2,2,D
08/02/2025,,West Brom,Sheffield Wednesday,2,1,H
08/02/2025,15:00,Norwich,Derby County,1,1,D
08/02/2025,,Sheffield United,Portsmouth,2,1,H
09/02/2025,12:00,Bristol City,Swansea,0,1,A
11/02/2025,19:45,Coventry City,QPR,1,0,H
11/02/2025,,Derby County,Oxford United,0,0,D
11/02/2025,,Portsmouth,Cardiff,2,1,H
11/02/2025,,Watford,Leeds,0,4,A
11/02/2025,20:00,Norwich,Preston North End,0,1,A
12/02/2025,19:45,Bristol City,Stoke,2,0,H
12/02/2025,,Plymouth Argyle,Millwall,5,1,H
12/02/2025,,Swansea,Sheffield Wednesday,0,1,A
12/02/2025,,Burnley,Hull City,2,0,H
12/02/2025,,Sunderland,Luton Town,2,0,H
12/02/2025,20:00,Sheffield United,Middlesbrough,3,1,H
12/02/2025,,West Brom,Blackburn Rovers,0,2,A
14/02/2025,20:00,QPR,Derby County,4,0,H
15/02/2025,12:30,Cardiff,Bristol City,1,1,D
15/02/2025,,Oxford United,Portsmouth,0,2,A
15/02/2025,,Preston North End,Burnley,0,0,D
15/02/2025,15:00,Blackburn Rovers,Plymouth Argyle,2,0,H
15/02/2025,,Hull City,Norwich,1,1,D
15/02/2025,,Luton Town,Sheffield United,0,1,A
15/02/2025,,Middlesbrough,Watford,0,1,A
15/02/2025,,Millwall,West Brom,1,1,D
15/02/2025,,Sheffield Wednesday,Coventry City,1,2,A
15/02/2025,,Stoke,Swansea,3,1,H
17/02/2025,20:00,Leeds,Sunderland,2,1,H
18/02/2025,19:45,Preston North End,Millwall,1,1,D
19/02/2025,19:45,Luton Town,Plymouth Argyle,1,1,D
21/02/2025,19:45,Bristol City,Middlesbrough,2,1,H
21/02/2025,20:00,Burnley,Sheffield Wednesday,4,0,H
22/02/2025,12:30,Derby County,Millwall,0,1,A
22/02/2025,,Plymouth Argyle,Cardiff,1,1,D
22/02/2025,,Sunderland,Hull City,0,1,A
22/02/2025,15:00,Coventry City,Preston North End,2,1,H
22/02/2025,,Norwich,Stoke,4,2,H
22/02/2025,,Portsmouth,QPR,2,1,H
22/02/2025,,Swansea,Blackburn Rovers,3,0,H
22/02/2025,,West Brom,Oxford United,2,0,H
23/02/2025,12:00,Watford,Luton Town,2,0,H
24/02/2025,20:00,Sheffield United,Leeds,1,3,A
25/02/2025,19:45,Cardiff,Hull City,1,0,H
25/02/2025,,Stoke,Middlesbrough,1,3,A
28/02/2025,20:00,Sheffield Wednesday,Sunderland,1,2,A
01/03/2025,12:30,Blackburn Rovers,Norwich,1,1,D
01/03/2025,,Leeds,West Brom,1,1,D
01/03/2025,,Oxford United,Coventry City,2,3,A
01/03/2025,15:00,Luton Town,Portsmouth,1,0,H
01/03/2025,,Middlesbrough,Derby County,1,0,H
01/03/2025,,QPR,Sheffield United,1,2,A
01/03/2025,,Stoke,Watford,0,0,D
04/03/2025,19:45,Cardiff,Burnley,1,2,A
04/03/2025,,Hull City,Plymouth Argyle,2,0,H
04/03/2025,,Millwall,Bristol City,0,2,A
04/03/2025,,Preston North End,Swansea,0,0,D
07/03/2025,20:00,Norwich,Oxford United,1,1,D
08/03/2025,12:30,Coventry City,Stoke,3,2,H
08/03/2025,,Watford,Millwall,1,2,A
08/03/2025,15:00,Bristol City,Hull City,1,1,D
08/03/2025,,Burnley,Luton Town,4,0,H
08/03/2025,,Derby County,Blackburn Rovers,2,1,H
08/03/2025,,Plymouth Argyle,Sheffield Wednesday,0,3,A
08/03/2025,,Sheffield United,Preston North End,1,0,H
08/03/2025,,Sunderland,Cardiff,2,1,H
08/03/2025,,Swansea,Middlesbrough,1,0,H
08/03/2025,,West Brom,QPR,1,0,H
09/03/2025,12:00,Portsmouth,Leeds,1,0,H
11/03/2025,19:45,Burnley,West Brom,1,1,D
11/03/2025,,Cardiff,Luton Town,1,2,A
11/03/2025,,Derby County,Coventry City,2,0,H
11/03/2025,,Middlesbrough,QPR,2,1,H
11/03/2025,,Sunderland,Preston North End,1,1,D
11/03/2025,,Norwich,Sheffield Wednesday,2,3,A
11/03/2025,20:00,Sheffield United,Bristol City,1,1,D
12/03/2025,19:45,Portsmouth,Plymouth Argyle,1,2,A
12/03/2025,,Hull City,Oxford United,2,1,H
12/03/2025,,Leeds,Millwall,2,0,H
12/03/2025,,Watford,Swansea,1,0,H
12/03/2025,20:00,Stoke,Blackburn Rovers,1,0,H
14/03/2025,20:00,Bristol City,Norwich,2,1,H
15/03/2025,12:30,Millwall,Stoke,1,0,H
15/03/2025,,QPR,Leeds,2,2,D
15/03/2025,15:00,Blackburn Rovers,Cardiff,1,2,A
15/03/2025,,Coventry City,Sunderland,3,0,H
15/03/2025,,Luton Town,Middlesbrough,0,0,D
15/03/2025,,Oxford United,Watford,1,0,H
15/03/2025,,Plymouth Argyle,Derby County,2,3,A
15/03/2025,,Preston North End,Portsmouth,2,1,H
15/03/2025,,Swansea,Burnley,0,2,A
15/03/2025,,West Brom,Hull City,1,1,D
16/03/2025,12:30,Sheffield Wednesday,Sheffield United,0,1,A
28/03/2025,20:00,Sheffield United,Coventry City,3,1,H
29/03/2025,12:30,Watford,Plymouth Argyle,0,0,D
29/03/2025,,Hull City,Luton Town,0,1,A
29/03/2025,15:00,Sunderland,Millwall,1,0,H
29/03/2025,,Cardiff,Sheffield Wednesday,1,1,D
29/03/2025,,Burnley,Bristol City,1,0,H
29/03/2025,,Middlesbrough,Oxford United,2,1,H
29/03/2025,,Leeds,Swansea,2,2,D
29/03/2025,,Norwich,West Brom,1,0,H
29/03/2025,,Portsmouth,Blackburn Rovers,1,0,H
29/03/2025,,Stoke,QPR,3,1,H
02/04/2025,19:45,Derby County,Preston North End,2,0,H
04/04/2025,20:00,Blackburn Rovers,Middlesbrough,0,2,A
05/04/2025,12:30,Coventry City,Burnley,1,2,A
05/04/2025,,Luton Town,Leeds,1,1,D
05/04/2025,,West Brom,Sunderland,0,1,A
05/04/2025,15:00,Bristol City,Watford,2,1,H
05/04/2025,,Millwall,Portsmouth,2,1,H
05/04/2025,,Oxford United,Sheffield United,1,0,H
05/04/2025,,Plymouth Argyle,Norwich,2,1,H
05/04/2025,,Preston North End,Stoke,1,1,D
05/04/2025,,QPR,Cardiff,0,0,D
05/04/2025,,Sheffield Wednesday,Hull City,0,1,A
05/04/2025,,Swansea,Derby County,1,0,H
08/04/2025,19:45,Blackburn Rovers,Sheffield Wednesday,2,2,D
08/04/2025,,Bristol City,West Brom,2,1,H
08/04/2025,,Norwich,Sunderland,0,0,D
08/04/2025,,Preston North End,Cardiff,2,2,D
08/04/2025,,Sheffield United,Millwall,0,1,A
08/04/2025,,Stoke,Luton Town,1,1,D
08/04/2025,,Watford,Hull City,1,0,H
08/04/2025,,Derby County,Burnley,0,0,D
08/04/2025,20:00,Middlesbrough,Leeds,0,1,A
09/04/2025,19:45,Oxford United,QPR,1,3,A
09/04/2025,,Swansea,Plymouth Argyle,3,0,H
09/04/2025,20:00,Coventry City,Portsmouth,1,0,H
11/04/2025,20:00,Burnley,Norwich,2,1,H
12/04/2025,12:30,Leeds,Preston North End,2,1,H
12/04/2025,,Plymouth Argyle,Sheffield United,2,1,H
12/04/2025,15:00,Cardiff,Stoke,0,1,A
12/04/2025,,Luton Town,Blackburn Rovers,0,1,A
12/04/2025,,Millwall,Middlesbrough,1,0,H
12/04/2025,,Portsmouth,Derby County,2,2,D
12/04/2025,,QPR,Bristol City,1,1,D
12/04/2025,,Sheffield Wednesday,Oxford United,0,1,A
12/04/2025,,Sunderland,Swansea,0,1,A
12/04/2025,,West Brom,Watford,2,1,H
14/04/2025,20:00,Hull City,Coventry City,1,1,D
18/04/2025,12:30,Derby County,Luton Town,0,1,A
18/04/2025,15:00,Blackburn Rovers,Millwall,4,1,H
18/04/2025,,Bristol City,Sunderland,2,1,H
18/04/2025,,Coventry City,West Brom,2,0,H
18/04/2025,,Middlesbrough,Plymouth Argyle,2,1,H
18/04/2025,,Watford,Burnley,1,2,A
18/04/2025,,Norwich,Portsmouth,3,5,A
18/04/2025,,Preston North End,QPR,1,2,A
18/04/2025,,Stoke,Sheffield Wednesday,2,0,H
18/04/2025,,Swansea,Hull City,1,0,H
18/04/2025,17:30,Sheffield United,Cardiff,2,0,H
18/04/2025,20:00,Oxford United,Leeds,0,1,A
21/04/2025,15:00,Cardiff,Oxford United,1,1,D
21/04/2025,,Hull City,Preston North End,2,1,H
21/04/2025,,Leeds,Stoke,6,0,H
21/04/2025,,Luton Town,Bristol City,3,1,H
21/04/2025,,Millwall,Norwich,3,1,H
21/04/2025,,Plymouth Argyle,Coventry City,3,1,H
21/04/2025,,Portsmouth,Watford,1,0,H
21/04/2025,,QPR,Swansea,1,2,A
21/04/2025,,Sheffield Wednesday,Middlesbrough,2,1,H
21/04/2025,,Sunderland,Blackburn Rovers,0,1,A
21/04/2025,,West Brom,Derby County,1,3,A
21/04/2025,17:30,Burnley,Sheffield United,2,1,H
25/04/2025,20:00,Stoke,Sheffield United,0,2,A
26/04/2025,12:30,Luton Town,Coventry City,1,0,H
26/04/2025,,QPR,Burnley,0,5,A
26/04/2025,15:00,Blackburn Rovers,Watford,2,1,H
26/04/2025,,Cardiff,West Brom,0,0,D
26/04/2025,,Hull City,Derby County,0,1,A
26/04/2025,,Middlesbrough,Norwich,0,0,D
26/04/2025,,Millwall,Swansea,1,0,H
26/04/2025,,Oxford United,Sunderland,2,0,H
26/04/2025,,Preston North End,Plymouth Argyle,1,2,A
26/04/2025,,Sheffield Wednesday,Portsmouth,1,1,D
28/04/2025,20:00,Leeds,Bristol City,4,0,H
03/05/2025,12:30,Bristol City,Preston North End,2,2,D
03/05/2025,,Burnley,Millwall,3,1,H
03/05/2025,,Coventry City,Middlesbrough,2,0,H
03/05/2025,,Derby County,Stoke,0,0,D
03/05/2025,,Norwich,Cardiff,4,2,H
03/05/2025,,Plymouth Argyle,Leeds,1,2,A
03/05/2025,,Portsmouth,Hull City,1,1,D
03/05/2025,,Sheffield United,Blackburn Rovers,1,1,D
03/05/2025,,Sunderland,QPR,0,1,A
03/05/2025,,Swansea,Oxford United,3,3,D
03/05/2025,,Watford,Sheffield Wednesday,1,1,D
03/05/2025,,West Brom,Luton Town,5,3,H
08/05/2025,20:00,Bristol City,Sheffield United,0,3,A
09/05/2025,20:00,Coventry City,Sunderland,1,2,A
12/05/2025,20:00,Sheffield United,Bristol City,3,0,H
13/05/2025,20:00,Sunderland,Coventry City,1,1,D
24/05/2025,15:01,Sheffield United,Sunderland,1,2,A
08/08/2025,20:00,Birmingham City,Ipswich Town,1,1,D
09/08/2025,12:30,Charlton Athletic,Watford,1,0,H
09/08/2025,,Coventry City,Hull City,0,0,D
09/08/2025,,Southampton,Wrexham,2,1,H
09/08/2025,15:00,Middlesbrough,Swansea,1,0,H
09/08/2025,,Norwich,Millwall,1,2,A
09/08/2025,,Oxford United,Portsmouth,0,1,A
09/08/2025,,QPR,Preston North End,1,1,D
09/08/2025,,Stoke,Derby County,3,1,H
09/08/2025,,West Brom,Blackburn Rovers,1,0,H
09/08/2025,17:30,Sheffield United,Bristol City,1,4,A
10/08/2025,16:30,Leicester,Sheffield Wednesday,2,1,H
16/08/2025,12:30,Derby County,Coventry City,3,5,A
16/08/2025,,Portsmouth,Norwich,1,2,A
16/08/2025,,Wrexham,West Brom,2,3,A
16/08/2025,15:00,Blackburn Rovers,Birmingham City,1,2,A
16/08/2025,,Bristol City,Charlton Athletic,0,0,D
16/08/2025,,Millwall,Middlesbrough,0,3,A
16/08/2025,,Preston North End,Leicester,2,1,H
16/08/2025,,Sheffield Wednesday,Stoke,0,3,A
16/08/2025,,Swansea,Sheffield United,1,0,H
16/08/2025,,Watford,QPR,2,1,H
17/08/2025,12:00,Ipswich Town,Southampton,1,1,D
17/08/2025,15:00,Hull City,Oxford United,3,2,H
22/08/2025,20:00,Derby County,Bristol City,1,1,D
23/08/2025,12:30,Charlton Athletic,Leicester,0,1,A
23/08/2025,,Hull City,Blackburn Rovers,0,3,A
23/08/2025,,Swansea,Watford,1,1,D
23/08/2025,15:00,Birmingham City,Oxford United,1,0,H
23/08/2025,,Coventry City,QPR,7,1,H
23/08/2025,,Norwich,Middlesbrough,1,2,A
23/08/2025,,Preston North End,Ipswich Town,1,0,H
23/08/2025,,Sheffield United,Millwall,0,1,A
23/08/2025,,Southampton,Stoke,1,2,A
23/08/2025,,West Brom,Portsmouth,1,1,D
23/08/2025,,Wrexham,Sheffield Wednesday,2,2,D
29/08/2025,20:00,Leicester,Birmingham City,2,0,H
30/08/2025,12:30,Middlesbrough,Sheffield United,1,0,H
30/08/2025,,QPR,Charlton Athletic,3,1,H
30/08/2025,,Stoke,West Brom,0,1,A
30/08/2025,15:00,Blackburn Rovers,Norwich,0,2,A
30/08/2025,,Bristol City,Hull City,4,2,H
30/08/2025,,Ipswich Town,Derby County,2,2,D
30/08/2025,,Millwall,Wrexham,0,2,A
30/08/2025,,Oxford United,Coventry City,2,2,D
30/08/2025,,Portsmouth,Preston North End,1,0,H
30/08/2025,,Sheffield Wednesday,Swansea,0,2,A
30/08/2025,,Watford,Southampton,2,2,D
12/09/2025,20:00,Ipswich Town,Sheffield United,5,0,H
13/09/2025,12:30,Charlton Athletic,Millwall,1,1,D
13/09/2025,,Oxford United,Leicester,2,2,D
13/09/2025,,Preston North End,Middlesbrough,2,2,D
13/09/2025,15:00,Coventry City,Norwich,1,1,D
13/09/2025,,Sheffield Wednesday,Bristol City,0,3,A
13/09/2025,,Stoke,Birmingham City,1,0,H
13/09/2025,,Swansea,Hull City,2,2,D
13/09/2025,,Watford,Blackburn Rovers,0,1,A
13/09/2025,,West Brom,Derby County,0,1,A
13/09/2025,,Wrexham,QPR,1,3,A
14/09/2025,12:00,Southampton,Portsmouth,0,0,D
19/09/2025,20:00,Middlesbrough,West Brom,2,1,H
20/09/2025,12:30,Birmingham City,Swansea,1,0,H
20/09/2025,,Leicester,Coventry City,0,0,D
20/09/2025,,QPR,Stoke,1,0,H
20/09/2025,15:00,Derby County,Preston North End,0,1,A
20/09/2025,,Hull City,Southampton,3,1,H
20/09/2025,,Norwich,Wrexham,2,3,A
20/09/2025,,Portsmouth,Sheffield Wednesday,0,2,A
20/09/2025,,Sheffield United,Charlton Athletic,0,1,A
21/09/2025,15:00,Bristol City,Oxford United,1,3,A
22/09/2025,20:00,Millwall,Watford,1,0,H
26/09/2025,20:00,West Brom,Leicester,1,1,D
27/09/2025,12:30,Coventry City,Birmingham City,3,0,H
27/09/2025,,Swansea,Millwall,1,1,D
27/09/2025,,Wrexham,Derby County,1,1,D
27/09/2025,15:00,Charlton Athletic,Blackburn Rovers,3,0,H
27/09/2025,,Ipswich Town,Portsmouth,2,1,H
27/09/2025,,Oxford United,Sheffield United,0,1,A
27/09/2025,,Preston North End,Bristol City,0,0,D
27/09/2025,,Sheffield Wednesday,QPR,1,1,D
27/09/2025,,Southampton,Middlesbrough,1,1,D
27/09/2025,,Stoke,Norwich,1,1,D
27/09/2025,,Watford,Hull City,2,1,H
30/09/2025,19:45,Birmingham City,Sheffield Wednesday,2,2,D
30/09/2025,,Blackburn Rovers,Swansea,1,2,A
30/09/2025,,Bristol City,Ipswich Town,1,1,D
30/09/2025,,Hull City,Preston North End,2,2,D
30/09/2025,,Leicester,Wrexham,1,1,D
30/09/2025,,Middlesbrough,Stoke,0,0,D
30/09/2025,,Sheffield United,Southampton,1,2,A
30/09/2025,20:00,Derby County,Charlton Athletic,1,1,D
01/10/2025,19:45,Millwall,Coventry City,0,4,A
01/10/2025,,Norwich,West Brom,0,1,A
01/10/2025,,Portsmouth,Watford,2,2,D
01/10/2025,20:00,QPR,Oxford United,0,0,D
03/10/2025,20:00,Wrexham,Birmingham City,1,1,D
04/10/2025,12:30,Blackburn Rovers,Stoke,1,1,D
04/10/2025,,Hull City,Sheffield United,1,0,H
04/10/2025,,Sheffield Wednesday,Coventry City,0,5,A
04/10/2025,15:00,Bristol City,QPR,1,2,A
04/10/2025,,Derby County,Southampton,1,1,D
04/10/2025,,Millwall,West Brom,3,0,H
04/10/2025,,Portsmouth,Middlesbrough,1,0,H
04/10/2025,,Preston North End,Charlton Athletic,2,0,H
04/10/2025,,Swansea,Leicester,1,3,A
04/10/2025,,Watford,Oxford United,2,1,H
05/10/2025,12:00,Ipswich Town,Norwich,3,1,H
17/10/2025,20:00,Middlesbrough,Ipswich Town,2,1,H
18/10/2025,12:30,Oxford United,Derby County,1,0,H
18/10/2025,,QPR,Millwall,1,2,A
18/10/2025,,Southampton,Swansea,0,0,D
18/10/2025,15:00,Birmingham City,Hull City,2,3,A
18/10/2025,,Charlton Athletic,Sheffield Wednesday,2,1,H
18/10/2025,,Coventry City,Blackburn Rovers,2,0,H
18/10/2025,,Norwich,Bristol City,0,1,A
18/10/2025,,Sheffield United,Watford,1,0,H
18/10/2025,,Stoke,Wrexham,1,0,H
18/10/2025,,West Brom,Preston North End,2,1,H
18/10/2025,19:45,Leicester,Portsmouth,1,1,D
21/10/2025,19:45,Blackburn Rovers,Sheffield United,1,3,A
21/10/2025,,Derby County,Norwich,1,0,H
21/10/2025,,Hull City,Leicester,2,1,H
21/10/2025,,Ipswich Town,Charlton Athletic,0,3,A
21/10/2025,,Millwall,Stoke,2,0,H
21/10/2025,,Portsmouth,Coventry City,1,2,A
21/10/2025,,Preston North End,Birmingham City,0,1,A
21/10/2025,20:00,Bristol City,Southampton,3,1,H
22/10/2025,19:45,Swansea,QPR,0,1,A
22/10/2025,,Watford,West Brom,2,1,H
22/10/2025,,Wrexham,Oxford United,1,0,H
22/10/2025,20:00,Sheffield Wednesday,Middlesbrough,0,1,A
24/10/2025,20:00,Preston North End,Sheffield United,3,2,H
25/10/2025,12:30,Coventry City,Watford,3,1,H
25/10/2025,,Ipswich Town,West Brom,1,0,H
25/10/2025,,Portsmouth,Stoke,0,1,A
25/10/2025,15:00,Blackburn Rovers,Southampton,2,1,H
25/10/2025,,Bristol City,Birmingham City,1,0,H
25/10/2025,,Derby County,QPR,1,0,H
25/10/2025,,Hull City,Charlton Athletic,1,1,D
25/10/2025,,Middlesbrough,Wrexham,1,1,D
25/10/2025,,Millwall,Leicester,1,0,H
25/10/2025,,Sheffield Wednesday,Oxford United,1,2,A
25/10/2025,,Swansea,Norwich,2,1,H
31/10/2025,20:00,Wrexham,Coventry City,3,2,H
01/11/2025,12:30,Leicester,Blackburn Rovers,0,2,A
01/11/2025,,Norwich,Hull City,0,2,A
01/11/2025,,West Brom,Sheffield Wednesday,0,0,D
01/11/2025,15:00,Birmingham City,Portsmouth,4,0,H
01/11/2025,,Charlton Athletic,Swansea,1,1,D
01/11/2025,,Oxford United,Millwall,2,2,D
01/11/2025,,QPR,Ipswich Town,1,4,A
01/11/2025,,Sheffield United,Derby County,1,3,A
01/11/2025,,Southampton,Preston North End,0,2,A
01/11/2025,,Stoke,Bristol City,5,1,H
01/11/2025,,Watford,Middlesbrough,3,0,H
04/11/2025,19:45,Birmingham City,Millwall,4,0,H
04/11/2025,,Bristol City,Blackburn Rovers,0,1,A
04/11/2025,,Charlton Athletic,West Brom,1,0,H
04/11/2025,,Derby County,Hull City,2,1,H
04/11/2025,,Ipswich Town,Watford,1,1,D
04/11/2025,,Leicester,Middlesbrough,1,1,D
04/11/2025,,Oxford United,Stoke,0,3,A
04/11/2025,20:00,Coventry City,Sheffield United,3,1,H
05/11/2025,19:45,Preston North End,Swansea,2,1,H
05/11/2025,,QPR,Southampton,1,2,A
05/11/2025,,Sheffield Wednesday,Norwich,1,1,D
05/11/2025,20:00,Portsmouth,Wrexham,0,0,D
07/11/2025,20:00,Watford,Bristol City,1,1,D
08/11/2025,12:30,Blackburn Rovers,Derby County,1,2,A
08/11/2025,,Hull City,Portsmouth,3,2,H
08/11/2025,,Millwall,Preston North End,1,1,D
08/11/2025,15:00,Middlesbrough,Birmingham City,2,1,H
08/11/2025,,Norwich,Leicester,1,2,A
08/11/2025,,Sheffield United,QPR,0,0,D
08/11/2025,,Southampton,Sheffield Wednesday,3,1,H
08/11/2025,,Stoke,Coventry City,0,1,A
08/11/2025,,Swansea,Ipswich Town,1,4,A
08/11/2025,,West Brom,Oxford United,2,1,H
08/11/2025,,Wrexham,Charlton Athletic,1,0,H
21/11/2025,20:00,Preston North End,Blackburn Rovers,1,2,A
22/11/2025,12:30,Bristol City,Swansea,3,0,H
22/11/2025,,Charlton Athletic,Southampton,1,5,A
22/11/2025,,Coventry City,West Brom,3,2,H
22/11/2025,15:00,Birmingham City,Norwich,4,1,H
22/11/2025,,Derby County,Watford,2,3,A
22/11/2025,,Ipswich Town,Wrexham,0,0,D
22/11/2025,,Leicester,Stoke,2,1,H
22/11/2025,,Oxford United,Middlesbrough,1,1,D
22/11/2025,,Portsmouth,Millwall,3,1,H
22/11/2025,,QPR,Hull City,3,2,H
23/11/2025,12:00,Sheffield Wednesday,Sheffield United,0,3,A
25/11/2025,19:45,Hull City,Ipswich Town,0,2,A
25/11/2025,,Middlesbrough,Coventry City,2,4,A
25/11/2025,,Stoke,Charlton Athletic,3,0,H
25/11/2025,,Swansea,Derby County,1,2,A
25/11/2025,,Watford,Preston North End,1,1,D
25/11/2025,,Norwich,Oxford United,1,1,D
25/11/2025,20:00,Southampton,Leicester,3,0,H
26/11/2025,19:45,Millwall,Sheffield Wednesday,1,0,H
26/11/2025,,Sheffield United,Portsmouth,3,0,H
26/11/2025,,Blackburn Rovers,QPR,0,1,A
26/11/2025,,Wrexham,Bristol City,2,0,H
26/11/2025,20:00,West Brom,Birmingham City,1,1,D
28/11/2025,20:00,Oxford United,Ipswich Town,2,1,H
29/11/2025,12:30,Leicester,Sheffield United,2,3,A
29/11/2025,,Portsmouth,Bristol City,0,1,A
29/11/2025,,Stoke,Hull City,1,2,A
29/11/2025,15:00,Coventry City,Charlton Athletic,3,1,H
29/11/2025,,Middlesbrough,Derby County,2,1,H
29/11/2025,,Millwall,Southampton,3,2,H
29/11/2025,,Norwich,QPR,3,1,H
29/11/2025,,Sheffield Wednesday,Preston North End,2,3,A
29/11/2025,,West Brom,Swansea,3,2,H
29/11/2025,,Wrexham,Blackburn Rovers,1,1,D
01/12/2025,20:00,Birmingham City,Watford,2,1,H
02/12/2025,19:45,Blackburn Rovers,Ipswich Town,1,1,D
05/12/2025,20:15,Hull City,Middlesbrough,1,4,A
06/12/2025,12:30,Derby County,Leicester,1,3,A
06/12/2025,,Watford,Norwich,3,2,H
06/12/2025,15:00,Bristol City,Millwall,0,1,A
06/12/2025,,Ipswich Town,Coventry City,3,0,H
06/12/2025,,Preston North End,Wrexham,1,1,D
06/12/2025,,QPR,West Brom,3,1,H
06/12/2025,,Sheffield United,Stoke,4,0,H
06/12/2025,,Southampton,Birmingham City,3,1,H
06/12/2025,,Swansea,Oxford United,2,0,H
09/12/2025,19:45,Blackburn Rovers,Oxford United,1,1,D
09/12/2025,,Charlton Athletic,Middlesbrough,1,2,A
09/12/2025,,Preston North End,Coventry City,1,1,D
09/12/2025,,Sheffield United,Norwich,1,1,D
09/12/2025,,Southampton,West Brom,3,2,H
09/12/2025,,Swansea,Portsmouth,1,0,H
09/12/2025,,Watford,Sheffield Wednesday,1,1,D
09/12/2025,20:00,QPR,Birmingham City,2,1,H
10/12/2025,19:45,Bristol City,Leicester,2,2,D
10/12/2025,,Derby County,Millwall,1,1,D
10/12/2025,,Ipswich Town,Stoke,1,0,H
10/12/2025,20:00,Hull City,Wrexham,2,0,H
12/12/2025,20:00,West Brom,Sheffield United,2,0,H
13/12/2025,12:30,Norwich,Southampton,2,1,H
13/12/2025,,Oxford United,Preston North End,1,2,A
13/12/2025,,Stoke,Swansea,2,1,H
13/12/2025,15:00,Birmingham City,Charlton Athletic,1,1,D
13/12/2025,,Coventry City,Bristol City,1,0,H
13/12/2025,,Leicester,Ipswich Town,3,1,H
13/12/2025,,Middlesbrough,QPR,3,1,H
13/12/2025,,Millwall,Hull City,1,3,A
13/12/2025,,Portsmouth,Blackburn Rovers,2,1,H
13/12/2025,,Wrexham,Watford,2,2,D
15/12/2025,20:00,Sheffield Wednesday,Derby County,0,3,A
19/12/2025,20:00,Swansea,Wrexham,2,1,H
20/12/2025,12:30,Blackburn Rovers,Millwall,2,0,H
20/12/2025,,Preston North End,Norwich,1,1,D
20/12/2025,,Southampton,Coventry City,1,1,D
20/12/2025,15:00,Bristol City,Middlesbrough,2,0,H
20/12/2025,,Charlton Athletic,Oxford United,1,0,H
20/12/2025,,Derby County,Portsmouth,1,1,D
20/12/2025,,Hull City,West Brom,1,0,H
20/12/2025,,Ipswich Town,Sheffield Wednesday,3,1,H
20/12/2025,,QPR,Leicester,4,1,H
20/12/2025,,Sheffield United,Birmingham City,3,0,H
20/12/2025,,Watford,Stoke,1,0,H
26/12/2025,12:30,Birmingham City,Derby County,1,1,D
26/12/2025,13:00,Millwall,Ipswich Town,0,0,D
26/12/2025,15:00,Coventry City,Swansea,1,0,H
26/12/2025,,Leicester,Watford,1,2,A
26/12/2025,,Middlesbrough,Blackburn Rovers,0,0,D
26/12/2025,,Norwich,Charlton Athletic,1,0,H
26/12/2025,,Oxford United,Southampton,2,1,H
26/12/2025,,Portsmouth,QPR,1,1,D
26/12/2025,,Sheffield Wednesday,Hull City,2,2,D
26/12/2025,,Stoke,Preston North End,0,0,D
26/12/2025,,West Brom,Bristol City,1,2,A
26/12/2025,17:30,Wrexham,Sheffield United,5,3,H
29/12/2025,18:00,Coventry City,Ipswich Town,0,2,A
29/12/2025,19:45,Leicester,Derby County,2,1,H
29/12/2025,,Middlesbrough,Hull City,0,1,A
29/12/2025,,Millwall,Bristol City,2,1,H
29/12/2025,,Norwich,Watford,0,1,A
29/12/2025,,Oxford United,Swansea,0,1,A
29/12/2025,,Portsmouth,Charlton Athletic,2,1,H
29/12/2025,,Sheffield Wednesday,Blackburn Rovers,0,0,D
29/12/2025,,Stoke,Sheffield United,1,2,A
29/12/2025,,West Brom,QPR,2,1,H
29/12/2025,,Wrexham,Preston North End,2,1,H
29/12/2025,20:15,Birmingham City,Southampton,1,1,D
01/01/2026,12:30,Blackburn Rovers,Wrexham,0,2,A
01/01/2026,15:00,Bristol City,Portsmouth,5,0,H
01/01/2026,,Charlton Athletic,Coventry City,1,1,D
01/01/2026,,Derby County,Middlesbrough,1,0,H
01/01/2026,,Hull City,Stoke,0,1,A
01/01/2026,,Ipswich Town,Oxford United,2,1,H
01/01/2026,,Preston North End,Sheffield Wednesday,3,0,H
01/01/2026,,QPR,Norwich,1,2,A
01/01/2026,,Southampton,Millwall,0,0,D
01/01/2026,,Swansea,West Brom,1,0,H
01/01/2026,,Watford,Birmingham City,3,0,H
01/01/2026,17:30,Sheffield United,Leicester,3,1,H
04/01/2026,12:00,Birmingham City,Coventry City,3,2,H
04/01/2026,,QPR,Sheffield Wednesday,3,0,H
04/01/2026,15:00,Blackburn Rovers,Charlton Athletic,2,2,D
04/01/2026,,Bristol City,Preston North End,0,2,A
04/01/2026,,Derby County,Wrexham,1,2,A
04/01/2026,,Middlesbrough,Southampton,4,0,H
04/01/2026,,Millwall,Swansea,2,1,H
04/01/2026,,Norwich,Stoke,0,2,A
05/01/2026,20:00,Leicester,West Brom,2,1,H
16/01/2026,20:00,West Brom,Middlesbrough,2,3,A
17/01/2026,12:30,Coventry City,Leicester,2,1,H
17/01/2026,,Ipswich Town,Blackburn Rovers,3,0,H
17/01/2026,,Watford,Millwall,0,2,A
17/01/2026,15:00,Charlton Athletic,Sheffield United,1,0,H
17/01/2026,,Oxford United,Bristol City,0,0,D
17/01/2026,,Preston North End,Derby County,0,1,A
17/01/2026,,Sheffield Wednesday,Portsmouth,0,1,A
17/01/2026,,Southampton,Hull City,1,2,A
17/01/2026,,Stoke,QPR,0,0,D
17/01/2026,,Wrexham,Norwich,1,2,A
17/01/2026,17:30,Swansea,Birmingham City,1,1,D
20/01/2026,19:45,Coventry City,Millwall,2,1,H
20/01/2026,,Ipswich Town,Bristol City,2,0,H
20/01/2026,,Oxford United,QPR,0,0,D
20/01/2026,,Preston North End,Hull City,0,3,A
20/01/2026,,Sheffield Wednesday,Birmingham City,0,2,A
20/01/2026,,Swansea,Blackburn Rovers,3,1,H
20/01/2026,,West Brom,Norwich,0,5,A
20/01/2026,,Charlton Athletic,Derby County,1,2,A
20/01/2026,20:00,Wrexham,Leicester,1,1,D
21/01/2026,19:45,Southampton,Sheffield United,1,0,H
21/01/2026,,Watford,Portsmouth,1,1,D
21/01/2026,20:00,Stoke,Middlesbrough,1,2,A
23/01/2026,20:00,Derby County,West Brom,1,1,D
24/01/2026,12:30,Middlesbrough,Preston North End,4,0,H
24/01/2026,,Millwall,Charlton Athletic,4,0,H
24/01/2026,15:00,Birmingham City,Stoke,1,1,D
24/01/2026,,Blackburn Rovers,Watford,1,1,D
24/01/2026,,Bristol City,Sheffield Wednesday,2,0,H
24/01/2026,,Hull City,Swansea,2,1,H
24/01/2026,,Leicester,Oxford United,1,2,A
24/01/2026,,QPR,Wrexham,2,3,A
24/01/2026,,Sheffield United,Ipswich Town,3,1,H
25/01/2026,12:00,Portsmouth,Southampton,1,1,D
26/01/2026,20:00,Norwich,Coventry City,2,1,H
30/01/2026,20:00,Bristol City,Derby County,0,5,A
31/01/2026,12:30,Leicester,Charlton Athletic,0,2,A
31/01/2026,,Sheffield Wednesday,Wrexham,0,1,A
31/01/2026,,Stoke,Southampton,0,2,A
31/01/2026,15:00,Blackburn Rovers,Hull City,0,1,A
31/01/2026,,Ipswich Town,Preston North End,1,1,D
31/01/2026,,Middlesbrough,Norwich,1,0,H
31/01/2026,,Millwall,Sheffield United,1,1,D
31/01/2026,,Oxford United,Birmingham City,0,2,A
31/01/2026,,Portsmouth,West Brom,3,0,H
31/01/2026,,QPR,Coventry City,2,1,H
31/01/2026,,Watford,Swansea,0,2,A
03/02/2026,19:45,Blackburn Rovers,Sheffield Wednesday,1,0,H
03/02/2026,19:45,Hull City,Watford,0,0,D
03/02/2026,,Sheffield United,Oxford United,3,1,H
06/02/2026,20:01,Charlton Athletic,QPR,0,0,D
07/02/2026,12:31,Derby County,Ipswich Town,1,2,A
07/02/2026,,Norwich,Blackburn Rovers,2,0,H
07/02/2026,,Southampton,Watford,1,0,H
07/02/2026,15:01,Birmingham City,Leicester,2,1,H
07/02/2026,,Coventry City,Oxford United,0,0,D
07/02/2026,,Hull City,Bristol City,2,3,A
07/02/2026,,Preston North End,Portsmouth,1,0,H
07/02/2026,,West Brom,Stoke,0,0,D
07/02/2026,,Wrexham,Millwall,0,2,A
08/02/2026,12:01,Swansea,Sheffield Wednesday,4,0,H
09/02/2026,20:01,Sheffield United,Middlesbrough,1,2,A
10/02/2026,19:45,Leicester,Southampton,3,4,A
10/02/2026,,Oxford United,Norwich,0,3,A
10/02/2026,20:00,Birmingham City,West Brom,0,0,D
11/02/2026,19:45,Charlton Athletic,Stoke,1,0,H
14/02/2026,15:00,Derby County,Swansea,2,0,H
14/02/2026,,Portsmouth,Sheffield United,0,1,A
14/02/2026,,Preston North End,Watford,2,2,D
14/02/2026,,QPR,Blackburn Rovers,1,3,A
14/02/2026,,Sheffield Wednesday,Millwall,1,2,A
16/02/2026,20:00,Coventry City,Middlesbrough,3,1,H
17/02/2026,19:45,Charlton Athletic,Portsmouth,1,3,A
17/02/2026,19:45,Bristol City,Wrexham,2,2,D
20/02/2026,20:00,Blackburn Rovers,Preston North End,1,0,H
21/02/2026,12:30,Hull City,QPR,1,3,A
21/02/2026,,Stoke,Leicester,2,2,D
21/02/2026,,Swansea,Bristol City,1,0,H
21/02/2026,,West Brom,Coventry City,0,2,A
21/02/2026,15:00,Middlesbrough,Oxford United,0,0,D
21/02/2026,,Millwall,Portsmouth,1,3,A
21/02/2026,,Norwich,Birmingham City,1,2,A
21/02/2026,,Southampton,Charlton Athletic,1,1,D
21/02/2026,,Watford,Derby County,2,0,H
21/02/2026,,Wrexham,Ipswich Town,5,3,H
22/02/2026,12:00,Sheffield United,Sheffield Wednesday,2,1,H
24/02/2026,19:45,Hull City,Derby County,4,2,H
24/02/2026,,Middlesbrough,Leicester,1,1,D
24/02/2026,,Swansea,Preston North End,1,1,D
24/02/2026,,Watford,Ipswich Town,0,2,A
24/02/2026,,West Brom,Charlton Athletic,1,1,D
24/02/2026,,Wrexham,Portsmouth,2,1,H
24/02/2026,,Blackburn Rovers,Bristol City,1,2,A
24/02/2026,20:00,Southampton,QPR,5,0,H
25/02/2026,19:45,Millwall,Birmingham City,3,0,H
25/02/2026,,Norwich,Sheffield Wednesday,2,0,H
25/02/2026,,Sheffield United,Coventry City,1,2,A
25/02/2026,20:00,Stoke,Oxford United,2,1,H
27/02/2026,20:00,Bristol City,Watford,1,2,A
28/02/2026,12:30,Derby County,Blackburn Rovers,3,1,H
28/02/2026,,Leicester,Norwich,0,2,A
28/02/2026,,Portsmouth,Hull City,0,1,A
28/02/2026,15:00,Charlton Athletic,Wrexham,0,1,A
28/02/2026,,Coventry City,Stoke,2,1,H
28/02/2026,,Ipswich Town,Swansea,3,0,H
28/02/2026,,Oxford United,West Brom,2,1,H
28/02/2026,,Preston North End,Millwall,0,2,A
28/02/2026,,QPR,Sheffield United,0,2,A
28/02/2026,,Sheffield Wednesday,Southampton,1,3,A
02/03/2026,20:00,Birmingham City,Middlesbrough,1,3,A
03/03/2026,19:45,Ipswich Town,Hull City,1,0,H
06/03/2026,20:00,Preston North End,Oxford United,1,3,A
07/03/2026,12:30,Blackburn Rovers,Portsmouth,1,1,D
07/03/2026,,Hull City,Millwall,1,3,A
07/03/2026,15:00,Bristol City,Coventry City,0,2,A
07/03/2026,,Charlton Athletic,Birmingham City,1,0,H
07/03/2026,,Derby County,Sheffield Wednesday,2,1,H
07/03/2026,,Ipswich Town,Leicester,1,1,D
07/03/2026,,Sheffield United,West Brom,1,1,D
07/03/2026,,Swansea,Stoke,2,0,H
08/03/2026,16:30,QPR,Middlesbrough,0,4,A
10/03/2026,19:45,Leicester,Bristol City,2,0,H
10/03/2026,,Millwall,Derby County,1,0,H
10/03/2026,,Portsmouth,Swansea,1,2,A
10/03/2026,,Sheffield Wednesday,Watford,1,1,D
10/03/2026,,Wrexham,Hull City,1,2,A
10/03/2026,20:00,Stoke,Ipswich Town,3,3,D
11/03/2026,19:45,Birmingham City,QPR,1,0,H
11/03/2026,,Norwich,Sheffield United,2,1,H
11/03/2026,,Middlesbrough,Charlton Athletic,0,1,A
11/03/2026,,Oxford United,Blackburn Rovers,1,0,H
11/03/2026,,West Brom,Southampton,1,1,D
11/03/2026,20:00,Coventry City,Preston North End,3,0,H
13/03/2026,20:00,Wrexham,Swansea,2,0,H
14/03/2026,12:30,Coventry City,Southampton,1,2,A
14/03/2026,,Middlesbrough,Bristol City,1,1,D
14/03/2026,,Oxford United,Charlton Athletic,1,1,D
14/03/2026,15:00,Birmingham City,Sheffield United,1,1,D
14/03/2026,,Leicester,QPR,1,3,A
14/03/2026,,Millwall,Blackburn Rovers,1,2,A
14/03/2026,,Norwich,Preston North End,2,0,H
14/03/2026,,Sheffield Wednesday,Ipswich Town,0,2,A
14/03/2026,,Stoke,Watford,3,1,H
14/03/2026,,West Brom,Hull City,3,0,H
16/03/2026,20:00,Portsmouth,Derby County,0,1,A
17/03/2026,19:45,Watford,Wrexham,3,1,H
18/03/2026,19:45,Southampton,Norwich,1,0,H
20/03/2026,20:00,Preston North End,Stoke,3,1,H
21/03/2026,12:30,Blackburn Rovers,Middlesbrough,0,0,D
21/03/2026,,Derby County,Birmingham City,1,0,H
21/03/2026,,Ipswich Town,Millwall,1,1,D
21/03/2026,15:00,Bristol City,West Brom,0,1,A
21/03/2026,,Charlton Athletic,Norwich,0,1,A
21/03/2026,,Hull City,Sheffield Wednesday,3,1,H
21/03/2026,,QPR,Portsmouth,6,1,H
21/03/2026,,Sheffield United,Wrexham,1,2,A
21/03/2026,,Southampton,Oxford United,2,0,H
21/03/2026,,Watford,Leicester,0,0,D
21/03/2026,17:15,Swansea,Coventry City,0,3,A
03/04/2026,12:30,Middlesbrough,Millwall,1,2,A
03/04/2026,15:00,Norwich,Portsmouth,1,1,D
03/04/2026,,Oxford United,Hull City,1,1,D
03/04/2026,,QPR,Watford,2,1,H
03/04/2026,,Sheffield United,Swansea,3,3,D
03/04/2026,,Stoke,Sheffield Wednesday,2,0,H
03/04/2026,,West Brom,Wrexham,2,2,D
03/04/2026,,Birmingham City,Blackburn Rovers,0,1,A
03/04/2026,,Charlton Athletic,Bristol City,1,2,A
03/04/2026,,Leicester,Preston North End,2,2,D
03/04/2026,20:00,Coventry City,Derby County,3,2,H
06/04/2026,12:30,Portsmouth,Oxford United,2,2,D
06/04/2026,13:00,Millwall,Norwich,1,2,A
06/04/2026,15:00,Blackburn Rovers,West Brom,0,0,D
06/04/2026,,Bristol City,Sheffield United,1,0,H
06/04/2026,,Derby County,Stoke,2,0,H
06/04/2026,,Ipswich Town,Birmingham City,2,1,H
06/04/2026,,Preston North End,QPR,1,1,D
06/04/2026,,Sheffield Wednesday,Leicester,1,1,D
06/04/2026,,Watford,Charlton Athletic,1,1,D
06/04/2026,17:30,Swansea,Middlesbrough,2,2,D
06/04/2026,20:00,Hull City,Coventry City,0,0,D
07/04/2026,20:00,Wrexham,Southampton,1,5,A
10/04/2026,20:00,West Brom,Millwall,0,0,D
11/04/2026,12:30,Coventry City,Sheffield Wednesday,0,0,D
11/04/2026,,Norwich,Ipswich Town,0,2,A
11/04/2026,,QPR,Bristol City,0,0,D
11/04/2026,15:00,Charlton Athletic,Preston North End,1,2,A
11/04/2026,,Leicester,Swansea,0,1,A
11/04/2026,,Middlesbrough,Portsmouth,0,1,A
11/04/2026,,Oxford United,Watford,2,0,H
11/04/2026,,Sheffield United,Hull City,2,1,H
11/04/2026,,Southampton,Derby County,2,1,H
11/04/2026,,Stoke,Blackburn Rovers,1,1,D
12/04/2026,12:00,Birmingham City,Wrexham,2,0,H
14/04/2026,20:00,Southampton,Blackburn Rovers,3,0,H
14/04/2026,20:00,Portsmouth,Ipswich Town,2,0,H
17/04/2026,20:00,Blackburn Rovers,Coventry City,1,1,D
18/04/2026,12:30,Derby County,Oxford United,1,0,H
18/04/2026,,Millwall,QPR,2,0,H
18/04/2026,,Portsmouth,Leicester,1,0,H
18/04/2026,15:00,Bristol City,Norwich,2,4,A
18/04/2026,,Hull City,Birmingham City,1,1,D
18/04/2026,,Preston North End,West Brom,0,2,A
18/04/2026,,Sheffield Wednesday,Charlton Athletic,1,1,D
18/04/2026,,Swansea,Southampton,1,2,A
18/04/2026,,Watford,Sheffield United,0,2,A
18/04/2026,,Wrexham,Stoke,2,0,H
19/04/2026,12:00,Ipswich Town,Middlesbrough,2,2,D
21/04/2026,19:45,Coventry City,Portsmouth,5,1,H
21/04/2026,,Norwich,Derby County,2,1,H
21/04/2026,,Oxford United,Wrexham,0,1,A
21/04/2026,,QPR,Swansea,1,2,A
21/04/2026,,Southampton,Bristol City,2,2,D
21/04/2026,,Stoke,Millwall,1,3,A
21/04/2026,,West Brom,Watford,3,0,H
21/04/2026,,Leicester,Hull City,2,2,D
22/04/2026,19:45,Middlesbrough,Sheffield Wednesday,1,0,H
22/04/2026,,Birmingham City,Preston North End,2,1,H
22/04/2026,,Charlton Athletic,Ipswich Town,1,2,A
22/04/2026,,Sheffield United,Blackburn Rovers,1,3,A
24/04/2026,20:00,Leicester,Millwall,1,1,D
25/04/2026,12:30,Charlton Athletic,Hull City,2,1,H
25/04/2026,,Middlesbrough,Watford,5,1,H
25/04/2026,,West Brom,Ipswich Town,0,0,D
25/04/2026,15:00,Birmingham City,Bristol City,2,1,H
25/04/2026,,Norwich,Swansea,1,1,D
25/04/2026,,Oxford United,Sheffield Wednesday,4,1,H
25/04/2026,,QPR,Derby County,2,3,A
25/04/2026,,Sheffield United,Preston North End,2,3,A
25/04/2026,,Stoke,Portsmouth,1,3,A
26/04/2026,12:00,Coventry City,Wrexham,3,1,H
28/04/2026,19:45,Southampton,Ipswich Town,2,2,D
02/05/2026,12:30,Blackburn Rovers,Leicester,0,1,A
02/05/2026,,Bristol City,Stoke,2,0,H
02/05/2026,,Derby County,Sheffield United,1,2,A
02/05/2026,,Hull City,Norwich,2,1,H
02/05/2026,,Ipswich Town,QPR,3,0,H
02/05/2026,,Millwall,Oxford United,2,0,H
02/05/2026,,Portsmouth,Birmingham City,1,1,D
02/05/2026,,Preston North End,Southampton,1,3,A
02/05/2026,,Sheffield Wednesday,West Brom,2,1,H
02/05/2026,,Swansea,Charlton Athletic,3,1,H
02/05/2026,,Watford,Coventry City,0,4,A
02/05/2026,,Wrexham,Middlesbrough,2,2,D
08/05/2026,20:00,Hull City,Millwall,0,0,D
09/05/2026,12:30,Middlesbrough,Southampton,0,0,D
11/05/2026,20:00,Millwall,Hull City,0,2,A
12/05/2026,20:00,Southampton,Middlesbrough,1,0,H
23/05/2026,17:30,Hull City,Middlesbrough,1,0,H
14/08/2026,20:00,Wolves,Blackburn Rovers,2,2,D
15/08/2026,12:30,Bolton Wanderers,Preston North End,2,1,H
15/08/2026,15:00,Norwich,West Brom,1,2,A
15/08/2026,,Bristol City,Millwall,0,2,A
15/08/2026,,Middlesbrough,Lincoln City,2,1,H
15/08/2026,,Stoke,Swansea,1,2,A
15/08/2026,,Charlton Athletic,Derby County,2,1,H
15/08/2026,,Portsmouth,QPR,1,3,A
15/08/2026,17:30,Sheffield United,Birmingham City,0,0,D
16/08/2026,13:30,Watford,Southampton,2,1,H
16/08/2026,16:00,Burnley,West Ham,2,2,D
17/08/2026,20:00,Cardiff,Wrexham,1,1,D
22/08/2026,12:30,Birmingham City,Bristol City,2,2,D
22/08/2026,,Lincoln City,Portsmouth,1,3,A
22/08/2026,,Millwall,Norwich,3,0,H
22/08/2026,15:00,Swansea,Sheffield United,0,0,D
22/08/2026,,West Ham,Charlton Athletic,1,2,A
22/08/2026,,Derby County,Cardiff,2,2,D
22/08/2026,,Preston North End,Wolves,1,3,A
22/08/2026,,Wrexham,Watford,1,1,D
22/08/2026,,Blackburn Rovers,Middlesbrough,2,1,H
22/08/2026,,Southampton,Stoke,3,1,H
22/08/2026,,QPR,Bolton Wanderers,0,0,D
23/08/2026,12:00,West Brom,Burnley,3,1,H
28/08/2026,20:00,Wrexham,Birmingham City,1,2,A
29/08/2026,12:30,Wolves,Stoke,4,1,H
29/08/2026,,Derby County,Swansea,0,3,A
29/08/2026,,Middlesbrough,West Brom,3,1,H
29/08/2026,15:00,Norwich,Burnley,4,1,H
29/08/2026,,Bolton Wanderers,Lincoln City,0,1,A
29/08/2026,,Bristol City,Portsmouth,2,1,H
29/08/2026,,Southampton,Millwall,5,1,H
29/08/2026,,Charlton Athletic,Preston North End,1,0,H
29/08/2026,,Blackburn Rovers,QPR,1,2,A
29/08/2026,,Cardiff,Sheffield United,2,2,D
29/08/2026,,Watford,West Ham,1,1,D
