Date,Time,HomeTeam,AwayTeam,FTHG,FTAG,FTR
07/08/2015,20:30,Lille,PSG,0,1,A
08/08/2015,21:00,Nantes,Guingamp,1,0,H
08/08/2015,,Troyes,Gazelec Ajaccio,0,0,D
08/08/2015,,Montpellier,Angers,0,2,A
08/08/2015,,Nice,Monaco,1,2,A
08/08/2015,,Marseille,Caen,0,1,A
08/08/2015,,Bastia,Rennes,2,1,H
09/08/2015,17:00,Bordeaux,Reims,1,2,A
09/08/2015,,Toulouse,Saint-Etienne,2,1,H
09/08/2015,21:00,Lyon,Lorient,0,0,D
14/08/2015,20:30,Monaco,Lille,0,0,D
15/08/2015,17:00,Saint-Etienne,Bordeaux,1,1,D
15/08/2015,20:00,Angers,Nantes,0,0,D
15/08/2015,,Guingamp,Lyon,0,1,A
15/08/2015,,Troyes,Nice,3,3,D
15/08/2015,,Caen,Toulouse,1,0,H
15/08/2015,,Rennes,Montpellier,1,0,H
16/08/2015,14:00,Reims,Marseille,1,0,H
16/08/2015,17:00,Lorient,Bastia,1,1,D
16/08/2015,21:00,PSG,Gazelec Ajaccio,2,0,H
21/08/2015,20:30,Montpellier,PSG,0,1,A
22/08/2015,17:00,Lyon,Rennes,1,2,A
22/08/2015,20:00,Nantes,Reims,1,0,H
22/08/2015,,Gazelec Ajaccio,Angers,0,2,A
22/08/2015,,Nice,Caen,2,1,H
22/08/2015,,Bastia,Guingamp,3,0,H
22/08/2015,,Toulouse,Monaco,1,1,D
23/08/2015,14:00,Lille,Bordeaux,0,0,D
23/08/2015,17:00,Lorient,Saint-Etienne,0,1,A
23/08/2015,21:00,Marseille,Troyes,6,0,H
28/08/2015,20:30,Guingamp,Marseille,2,0,H
29/08/2015,17:00,Caen,Lyon,0,4,A
29/08/2015,20:00,Angers,Nice,1,1,D
29/08/2015,,Troyes,Montpellier,0,0,D
29/08/2015,,Lille,Gazelec Ajaccio,1,0,H
29/08/2015,,Reims,Lorient,4,1,H
29/08/2015,,Rennes,Toulouse,3,1,H
30/08/2015,14:00,Saint-Etienne,Bastia,2,1,H
30/08/2015,17:00,Bordeaux,Nantes,2,0,H
30/08/2015,21:00,Monaco,PSG,0,3,A
11/09/2015,20:30,PSG,Bordeaux,2,2,D
12/09/2015,17:00,Lyon,Lille,0,0,D
12/09/2015,20:00,Troyes,Caen,1,3,A
12/09/2015,,Lorient,Angers,3,1,H
12/09/2015,,Montpellier,Saint-Etienne,1,2,A
12/09/2015,,Nice,Guingamp,0,1,A
12/09/2015,,Toulouse,Reims,2,2,D
13/09/2015,14:00,Gazelec Ajaccio,Monaco,0,1,A
13/09/2015,17:00,Nantes,Rennes,0,2,A
13/09/2015,21:00,Marseille,Bastia,4,1,H
18/09/2015,20:30,Rennes,Lille,1,1,D
19/09/2015,17:30,Reims,PSG,1,1,D
19/09/2015,20:00,Angers,Troyes,1,0,H
19/09/2015,,Guingamp,Gazelec Ajaccio,2,1,H
19/09/2015,,Bastia,Nice,1,3,A
19/09/2015,,Caen,Montpellier,2,1,H
20/09/2015,14:00,Bordeaux,Toulouse,1,1,D
20/09/2015,17:00,Monaco,Lorient,2,3,A
20/09/2015,,Saint-Etienne,Nantes,2,0,H
20/09/2015,21:00,Marseille,Lyon,1,1,D
22/09/2015,19:00,Angers,Reims,0,0,D
22/09/2015,21:00,PSG,Guingamp,3,0,H
23/09/2015,19:00,Troyes,Saint-Etienne,0,1,A
23/09/2015,,Lorient,Caen,2,0,H
23/09/2015,,Gazelec Ajaccio,Rennes,1,1,D
23/09/2015,,Nice,Bordeaux,6,1,H
23/09/2015,,Lyon,Bastia,2,0,H
23/09/2015,21:00,Toulouse,Marseille,1,1,D
24/09/2015,18:55,Montpellier,Monaco,2,3,A
29/09/2015,18:30,Lille,Nantes,0,1,A
25/09/2015,20:30,Reims,Lille,1,0,H
26/09/2015,17:30,Nantes,PSG,1,4,A
26/09/2015,20:00,Bordeaux,Lyon,3,1,H
26/09/2015,,Bastia,Toulouse,3,0,H
26/09/2015,,Caen,Gazelec Ajaccio,2,0,H
26/09/2015,,Rennes,Troyes,1,1,D
27/09/2015,14:00,Marseille,Angers,1,2,A
27/09/2015,17:00,Guingamp,Monaco,3,3,D
27/09/2015,,Montpellier,Lorient,2,1,H
27/09/2015,21:00,Saint-Etienne,Nice,1,4,A
02/10/2015,20:30,Lille,Montpellier,2,0,H
03/10/2015,17:30,Lyon,Reims,1,0,H
03/10/2015,20:00,Angers,Bastia,1,0,H
03/10/2015,,Troyes,Guingamp,0,1,A
03/10/2015,,Gazelec Ajaccio,Toulouse,2,2,D
04/10/2015,14:00,Monaco,Rennes,1,1,D
04/10/2015,17:00,Lorient,Bordeaux,3,2,H
04/10/2015,,Caen,Saint-Etienne,1,0,H
04/10/2015,21:00,PSG,Marseille,2,1,H
04/11/2015,18:30,Nice,Nantes,1,2,A
16/10/2015,20:30,Monaco,Lyon,1,1,D
17/10/2015,17:00,Bastia,PSG,0,2,A
17/10/2015,20:00,Saint-Etienne,Gazelec Ajaccio,2,0,H
17/10/2015,,Guingamp,Lille,1,1,D
17/10/2015,,Nantes,Troyes,3,0,H
17/10/2015,,Reims,Caen,0,1,A
17/10/2015,,Toulouse,Angers,1,2,A
18/10/2015,14:00,Marseille,Lorient,1,1,D
18/10/2015,17:00,Bordeaux,Montpellier,0,0,D
18/10/2015,21:00,Rennes,Nice,1,4,A
23/10/2015,18:30,Caen,Nantes,0,2,A
23/10/2015,20:30,Lyon,Toulouse,3,0,H
24/10/2015,17:00,Lorient,Rennes,1,1,D
24/10/2015,20:00,Angers,Guingamp,0,0,D
24/10/2015,,Gazelec Ajaccio,Nice,3,1,H
24/10/2015,,Montpellier,Bastia,2,0,H
25/10/2015,14:00,Reims,Monaco,0,1,A
25/10/2015,17:00,Bordeaux,Troyes,1,0,H
25/10/2015,,Lille,Marseille,1,2,A
25/10/2015,21:00,PSG,Saint-Etienne,4,1,H
30/10/2015,20:30,Rennes,PSG,0,1,A
31/10/2015,17:00,Saint-Etienne,Reims,3,0,H
31/10/2015,20:00,Guingamp,Lorient,2,2,D
31/10/2015,,Troyes,Lyon,0,1,A
31/10/2015,,Gazelec Ajaccio,Bordeaux,2,0,H
31/10/2015,,Bastia,Caen,1,0,H
31/10/2015,,Toulouse,Montpellier,1,1,D
01/11/2015,14:00,Nice,Lille,0,0,D
01/11/2015,17:00,Monaco,Angers,1,0,H
01/11/2015,21:00,Nantes,Marseille,0,1,A
06/11/2015,20:30,Angers,Rennes,0,2,A
07/11/2015,17:00,PSG,Toulouse,5,0,H
07/11/2015,20:00,Lorient,Troyes,4,1,H
07/11/2015,,Lille,Bastia,1,1,D
07/11/2015,,Montpellier,Nantes,2,1,H
07/11/2015,,Caen,Guingamp,2,1,H
07/11/2015,,Reims,Gazelec Ajaccio,1,2,A
08/11/2015,17:00,Marseille,Nice,0,1,A
08/11/2015,21:00,Bordeaux,Monaco,3,1,H
08/11/2015,,Lyon,Saint-Etienne,3,0,H
20/11/2015,20:30,Nice,Lyon,3,0,H
21/11/2015,17:00,Lorient,PSG,1,2,A
21/11/2015,20:00,Monaco,Nantes,1,0,H
21/11/2015,,Guingamp,Toulouse,2,0,H
21/11/2015,,Troyes,Lille,1,1,D
21/11/2015,,Montpellier,Reims,3,1,H
22/11/2015,14:00,Bastia,Gazelec Ajaccio,1,2,A
22/11/2015,,Caen,Angers,0,0,D
22/11/2015,17:00,Rennes,Bordeaux,2,2,D
22/11/2015,21:00,Saint-Etienne,Marseille,0,2,A
27/11/2015,20:30,Lyon,Montpellier,2,4,A
28/11/2015,17:00,PSG,Troyes,4,1,H
28/11/2015,20:00,Angers,Lille,2,0,H
28/11/2015,,Nantes,Bastia,0,0,D
28/11/2015,,Gazelec Ajaccio,Lorient,1,1,D
28/11/2015,,Reims,Rennes,2,2,D
28/11/2015,,Toulouse,Nice,2,0,H
29/11/2015,14:00,Saint-Etienne,Guingamp,3,0,H
29/11/2015,17:00,Bordeaux,Caen,1,4,A
29/11/2015,21:00,Marseille,Monaco,3,3,D
01/12/2015,19:00,Angers,PSG,0,0,D
01/12/2015,,Lorient,Nice,0,0,D
01/12/2015,21:00,Nantes,Lyon,0,0,D
02/12/2015,19:00,Monaco,Caen,1,1,D
02/12/2015,,Guingamp,Reims,1,2,A
02/12/2015,,Troyes,Toulouse,0,3,A
02/12/2015,,Montpellier,Gazelec Ajaccio,0,2,A
02/12/2015,,Bastia,Bordeaux,1,0,H
02/12/2015,21:00,Lille,Saint-Etienne,1,0,H
03/12/2015,21:00,Rennes,Marseille,0,1,A
04/12/2015,20:30,Nice,PSG,0,3,A
05/12/2015,17:00,Lyon,Angers,0,2,A
05/12/2015,20:00,Gazelec Ajaccio,Nantes,1,1,D
05/12/2015,,Bastia,Monaco,1,2,A
05/12/2015,,Caen,Lille,1,2,A
05/12/2015,,Reims,Troyes,1,1,D
05/12/2015,,Toulouse,Lorient,2,3,A
06/12/2015,14:00,Marseille,Montpellier,2,2,D
06/12/2015,17:00,Bordeaux,Guingamp,1,0,H
06/12/2015,21:00,Saint-Etienne,Rennes,1,1,D
11/12/2015,20:30,Rennes,Caen,1,1,D
12/12/2015,16:00,Reims,Nice,1,1,D
12/12/2015,20:00,Troyes,Bastia,1,1,D
12/12/2015,,Nantes,Toulouse,1,1,D
12/12/2015,,Lille,Lorient,3,0,H
12/12/2015,,Montpellier,Guingamp,2,1,H
13/12/2015,14:00,Monaco,Saint-Etienne,1,0,H
13/12/2015,17:00,Angers,Bordeaux,1,1,D
13/12/2015,,Marseille,Gazelec Ajaccio,1,1,D
13/12/2015,21:00,PSG,Lyon,5,1,H
18/12/2015,20:30,Nice,Montpellier,1,0,H
19/12/2015,17:00,Caen,PSG,0,3,A
19/12/2015,20:00,Guingamp,Rennes,0,2,A
19/12/2015,,Troyes,Monaco,0,0,D
19/12/2015,,Lorient,Nantes,0,0,D
19/12/2015,,Bastia,Reims,2,0,H
19/12/2015,,Toulouse,Lille,1,1,D
20/12/2015,14:00,Saint-Etienne,Angers,1,0,H
20/12/2015,17:00,Gazelec Ajaccio,Lyon,2,1,H
20/12/2015,21:00,Bordeaux,Marseille,1,1,D
08/01/2016,20:30,PSG,Bastia,2,0,H
09/01/2016,17:00,Lyon,Troyes,4,1,H
09/01/2016,20:00,Angers,Caen,2,0,H
09/01/2016,,Monaco,Gazelec Ajaccio,2,2,D
09/01/2016,,Montpellier,Bordeaux,0,1,A
09/01/2016,,Reims,Toulouse,1,3,A
09/01/2016,,Rennes,Lorient,2,2,D
10/01/2016,14:00,Nantes,Saint-Etienne,2,1,H
10/01/2016,17:00,Lille,Nice,1,1,D
10/01/2016,21:00,Marseille,Guingamp,0,0,D
15/01/2016,20:30,Nice,Angers,2,1,H
16/01/2016,17:00,Toulouse,PSG,0,1,A
16/01/2016,20:00,Guingamp,Nantes,2,2,D
16/01/2016,,Troyes,Rennes,2,4,A
16/01/2016,,Bordeaux,Lille,1,0,H
16/01/2016,,Gazelec Ajaccio,Reims,2,2,D
16/01/2016,,Bastia,Montpellier,1,0,H
17/01/2016,14:00,Lorient,Monaco,0,2,A
17/01/2016,17:00,Caen,Marseille,1,3,A
17/01/2016,21:00,Saint-Etienne,Lyon,1,0,H
22/01/2016,20:30,Rennes,Gazelec Ajaccio,1,0,H
23/01/2016,17:00,PSG,Angers,5,1,H
23/01/2016,20:00,Guingamp,Bastia,1,0,H
23/01/2016,,Nantes,Bordeaux,2,2,D
23/01/2016,,Lille,Troyes,1,3,A
23/01/2016,,Montpellier,Caen,1,2,A
23/01/2016,,Nice,Lorient,2,1,H
24/01/2016,14:00,Monaco,Toulouse,4,0,H
24/01/2016,17:00,Reims,Saint-Etienne,1,1,D
24/01/2016,21:00,Lyon,Marseille,1,1,D
29/01/2016,20:30,Marseille,Lille,1,1,D
30/01/2016,17:00,Angers,Monaco,3,0,H
30/01/2016,20:00,Troyes,Nantes,0,1,A
30/01/2016,,Lorient,Reims,2,0,H
30/01/2016,,Gazelec Ajaccio,Montpellier,0,4,A
30/01/2016,,Bastia,Lyon,1,0,H
30/01/2016,,Toulouse,Guingamp,1,2,A
31/01/2016,14:00,Caen,Nice,2,0,H
31/01/2016,17:00,Bordeaux,Rennes,4,0,H
31/01/2016,21:00,Saint-Etienne,PSG,0,2,A
02/02/2016,19:00,Monaco,Bastia,2,0,H
02/02/2016,21:00,Montpellier,Marseille,0,1,A
03/02/2016,19:00,Guingamp,Troyes,4,0,H
03/02/2016,,Nantes,Gazelec Ajaccio,3,1,H
03/02/2016,,Lille,Caen,1,0,H
03/02/2016,,Nice,Toulouse,1,0,H
03/02/2016,,Lyon,Bordeaux,3,0,H
03/02/2016,,Reims,Angers,2,1,H
03/02/2016,21:00,PSG,Lorient,3,1,H
04/02/2016,21:00,Rennes,Saint-Etienne,0,1,A
06/02/2016,14:00,Monaco,Nice,1,0,H
06/02/2016,17:00,Angers,Lyon,0,3,A
06/02/2016,20:00,Lorient,Montpellier,1,1,D
06/02/2016,,Gazelec Ajaccio,Guingamp,0,0,D
06/02/2016,,Bastia,Troyes,2,0,H
06/02/2016,,Caen,Reims,0,2,A
06/02/2016,,Toulouse,Nantes,0,0,D
07/02/2016,14:00,Lille,Rennes,1,1,D
07/02/2016,17:00,Bordeaux,Saint-Etienne,1,4,A
07/02/2016,21:00,Marseille,PSG,1,2,A
12/02/2016,20:30,Rennes,Angers,1,0,H
13/02/2016,17:00,PSG,Lille,0,0,D
13/02/2016,20:00,Guingamp,Bordeaux,2,4,A
13/02/2016,,Gazelec Ajaccio,Troyes,2,3,A
13/02/2016,,Nantes,Lorient,2,1,H
13/02/2016,,Montpellier,Toulouse,2,0,H
13/02/2016,,Reims,Bastia,0,1,A
14/02/2016,14:00,Lyon,Caen,4,1,H
14/02/2016,17:00,Saint-Etienne,Monaco,1,1,D
14/02/2016,21:00,Nice,Marseille,1,1,D
19/02/2016,20:30,Bordeaux,Nice,0,0,D
20/02/2016,17:00,PSG,Reims,4,1,H
20/02/2016,20:00,Angers,Montpellier,2,3,A
20/02/2016,,Monaco,Troyes,3,1,H
20/02/2016,,Lorient,Guingamp,4,3,H
20/02/2016,,Toulouse,Gazelec Ajaccio,1,1,D
21/02/2016,14:00,Marseille,Saint-Etienne,1,1,D
21/02/2016,17:00,Caen,Rennes,1,0,H
21/02/2016,21:00,Lille,Lyon,1,0,H
09/03/2016,18:30,Bastia,Nantes,0,0,D
26/02/2016,20:30,Nice,Bastia,0,2,A
27/02/2016,17:00,Montpellier,Lille,3,0,H
27/02/2016,20:00,Guingamp,Angers,2,2,D
27/02/2016,,Troyes,Lorient,0,1,A
27/02/2016,,Reims,Bordeaux,4,1,H
27/02/2016,,Toulouse,Rennes,1,2,A
28/02/2016,14:00,Nantes,Monaco,0,0,D
28/02/2016,17:00,Saint-Etienne,Caen,1,2,A
28/02/2016,21:00,Lyon,PSG,2,1,H
09/03/2016,18:30,Gazelec Ajaccio,Marseille,1,1,D
04/03/2016,20:30,Caen,Monaco,2,2,D
05/03/2016,17:00,PSG,Montpellier,0,0,D
05/03/2016,20:00,Angers,Saint-Etienne,0,0,D
05/03/2016,,Bordeaux,Gazelec Ajaccio,1,1,D
05/03/2016,,Lille,Reims,2,0,H
05/03/2016,,Nice,Troyes,2,1,H
05/03/2016,,Bastia,Lorient,0,0,D
06/03/2016,14:00,Marseille,Toulouse,1,1,D
06/03/2016,17:00,Rennes,Nantes,4,1,H
06/03/2016,21:00,Lyon,Guingamp,5,1,H
11/03/2016,20:30,Monaco,Reims,2,2,D
12/03/2016,17:00,Lorient,Marseille,1,1,D
12/03/2016,20:00,Guingamp,Saint-Etienne,2,0,H
12/03/2016,,Gazelec Ajaccio,Caen,1,0,H
12/03/2016,,Montpellier,Nice,0,2,A
12/03/2016,,Bastia,Lille,1,2,A
12/03/2016,,Toulouse,Bordeaux,4,0,H
13/03/2016,14:00,Troyes,PSG,0,9,A
13/03/2016,17:00,Nantes,Angers,2,0,H
13/03/2016,21:00,Rennes,Lyon,2,2,D
18/03/2016,20:30,Marseille,Rennes,2,5,A
19/03/2016,17:00,Saint-Etienne,Montpellier,3,0,H
19/03/2016,20:00,Angers,Lorient,5,1,H
19/03/2016,,Lille,Toulouse,1,0,H
19/03/2016,,Caen,Troyes,2,1,H
19/03/2016,,Reims,Guingamp,0,1,A
19/03/2016,21:00,Lyon,Nantes,2,0,H
20/03/2016,14:00,Bordeaux,Bastia,1,1,D
20/03/2016,17:00,Nice,Gazelec Ajaccio,3,0,H
20/03/2016,21:00,PSG,Monaco,0,2,A
01/04/2016,20:30,Monaco,Bordeaux,1,2,A
02/04/2016,17:00,PSG,Nice,4,1,H
02/04/2016,20:00,Guingamp,Montpellier,2,2,D
02/04/2016,,Troyes,Angers,0,1,A
02/04/2016,,Gazelec Ajaccio,Saint-Etienne,0,2,A
02/04/2016,,Rennes,Reims,3,1,H
02/04/2016,,Toulouse,Caen,2,0,H
03/04/2016,14:00,Nantes,Lille,0,3,A
03/04/2016,17:00,Bastia,Marseille,2,1,H
03/04/2016,21:00,Lorient,Lyon,1,3,A
08/04/2016,20:30,Montpellier,Lyon,0,2,A
09/04/2016,17:00,Guingamp,PSG,0,2,A
09/04/2016,20:00,Angers,Gazelec Ajaccio,0,0,D
09/04/2016,,Saint-Etienne,Troyes,1,0,H
09/04/2016,,Caen,Lorient,1,2,A
09/04/2016,,Reims,Nantes,2,1,H
09/04/2016,,Toulouse,Bastia,4,0,H
10/04/2016,14:00,Lille,Monaco,4,1,H
10/04/2016,17:00,Nice,Rennes,3,0,H
10/04/2016,21:00,Marseille,Bordeaux,0,0,D
15/04/2016,20:30,Lyon,Nice,1,1,D
16/04/2016,17:00,PSG,Caen,6,0,H
16/04/2016,20:00,Troyes,Reims,2,1,H
16/04/2016,,Bordeaux,Angers,1,3,A
16/04/2016,,Lorient,Toulouse,1,1,D
16/04/2016,,Gazelec Ajaccio,Lille,2,4,A
16/04/2016,,Bastia,Saint-Etienne,0,1,A
17/04/2016,14:00,Nantes,Montpellier,0,2,A
17/04/2016,17:00,Rennes,Guingamp,0,3,A
17/04/2016,21:00,Monaco,Marseille,2,1,H
22/04/2016,20:30,Nice,Reims,2,0,H
23/04/2016,17:30,Toulouse,Lyon,2,3,A
24/04/2016,14:00,Marseille,Nantes,1,1,D
24/04/2016,17:00,Saint-Etienne,Lorient,2,0,H
24/04/2016,,Guingamp,Caen,1,1,D
24/04/2016,,Gazelec Ajaccio,Bastia,3,2,H
24/04/2016,,Montpellier,Troyes,4,1,H
24/04/2016,21:00,Rennes,Monaco,1,1,D
27/04/2016,18:30,Lille,Angers,0,0,D
11/05/2016,20:30,Bordeaux,PSG,1,1,D
29/04/2016,20:30,PSG,Rennes,4,0,H
30/04/2016,14:00,Nantes,Nice,1,0,H
30/04/2016,17:00,Saint-Etienne,Toulouse,0,0,D
30/04/2016,19:00,Monaco,Guingamp,3,2,H
30/04/2016,,Troyes,Bordeaux,2,4,A
30/04/2016,,Lorient,Lille,0,1,A
30/04/2016,,Caen,Bastia,0,0,D
30/04/2016,,Reims,Montpellier,2,3,A
30/04/2016,21:00,Lyon,Gazelec Ajaccio,2,1,H
01/05/2016,17:00,Angers,Marseille,0,1,A
07/05/2016,21:00,Bordeaux,Lorient,3,0,H
07/05/2016,,Nantes,Caen,1,2,A
07/05/2016,,Gazelec Ajaccio,PSG,0,4,A
07/05/2016,,Lille,Guingamp,0,0,D
07/05/2016,,Montpellier,Rennes,2,0,H
07/05/2016,,Nice,Saint-Etienne,2,0,H
07/05/2016,,Marseille,Reims,1,0,H
07/05/2016,,Lyon,Monaco,6,1,H
07/05/2016,,Bastia,Angers,1,0,H
07/05/2016,,Toulouse,Troyes,1,0,H
14/05/2016,21:00,Angers,Toulouse,2,3,A
14/05/2016,,Monaco,Montpellier,2,0,H
14/05/2016,,Saint-Etienne,Lille,0,1,A
14/05/2016,,Guingamp,Nice,2,3,A
14/05/2016,,Troyes,Marseille,1,1,D
14/05/2016,,Lorient,Gazelec Ajaccio,1,0,H
14/05/2016,,PSG,Nantes,4,0,H
14/05/2016,,Caen,Bordeaux,1,0,H
14/05/2016,,Reims,Lyon,4,1,H
14/05/2016,,Rennes,Bastia,1,2,A
12/08/2016,20:00,Bastia,PSG,0,1,A
12/08/2016,20:30,Monaco,Guingamp,2,2,D
13/08/2016,17:00,Bordeaux,Saint-Etienne,3,2,H
13/08/2016,20:00,Caen,Lorient,3,2,H
13/08/2016,,Dijon,Nantes,0,1,A
13/08/2016,,Metz,Lille,3,2,H
13/08/2016,,Montpellier,Angers,1,0,H
14/08/2016,15:00,Nancy,Lyon,0,3,A
14/08/2016,17:00,Nice,Rennes,1,0,H
14/08/2016,20:45,Marseille,Toulouse,0,0,D
19/08/2016,20:45,Lyon,Caen,2,0,H
20/08/2016,17:00,Nantes,Monaco,0,1,A
20/08/2016,20:00,Angers,Nice,0,1,A
20/08/2016,,Lille,Dijon,1,0,H
20/08/2016,,Lorient,Bastia,0,3,A
20/08/2016,,Rennes,Nancy,2,0,H
20/08/2016,,Toulouse,Bordeaux,4,1,H
21/08/2016,15:00,Guingamp,Marseille,2,1,H
21/08/2016,17:00,Saint-Etienne,Montpellier,3,1,H
21/08/2016,20:45,PSG,Metz,3,0,H
26/08/2016,20:45,Marseille,Lorient,2,0,H
27/08/2016,17:00,Dijon,Lyon,4,2,H
27/08/2016,20:00,Caen,Bastia,2,0,H
27/08/2016,,Metz,Angers,2,0,H
27/08/2016,,Montpellier,Rennes,1,1,D
27/08/2016,,Nancy,Guingamp,0,2,A
27/08/2016,,Nice,Lille,1,1,D
28/08/2016,15:00,Bordeaux,Nantes,1,0,H
28/08/2016,17:00,Saint-Etienne,Toulouse,0,0,D
28/08/2016,20:45,Monaco,PSG,3,1,H
09/09/2016,20:45,PSG,Saint-Etienne,1,1,D
10/09/2016,17:00,Lyon,Bordeaux,1,3,A
10/09/2016,20:00,Angers,Dijon,3,1,H
10/09/2016,,Bastia,Toulouse,2,1,H
10/09/2016,,Guingamp,Montpellier,1,1,D
10/09/2016,,Lille,Monaco,1,4,A
10/09/2016,,Lorient,Nancy,0,2,A
11/09/2016,15:00,Nantes,Metz,0,3,A
11/09/2016,17:00,Rennes,Caen,2,0,H
11/09/2016,20:45,Nice,Marseille,3,2,H
16/09/2016,20:45,Caen,PSG,0,6,A
17/09/2016,17:00,Monaco,Rennes,3,0,H
17/09/2016,20:00,Bordeaux,Angers,0,1,A
17/09/2016,,Dijon,Metz,0,0,D
17/09/2016,,Lorient,Lille,1,0,H
17/09/2016,,Nancy,Nantes,1,1,D
17/09/2016,,Toulouse,Guingamp,2,1,H
18/09/2016,15:00,Montpellier,Nice,1,1,D
18/09/2016,17:00,Saint-Etienne,Bastia,1,0,H
18/09/2016,20:45,Marseille,Lyon,0,0,D
20/09/2016,19:00,Lille,Toulouse,1,2,A
20/09/2016,21:00,PSG,Dijon,3,0,H
21/09/2016,19:00,Angers,Caen,2,1,H
21/09/2016,,Bastia,Nancy,0,0,D
21/09/2016,,Guingamp,Lorient,1,0,H
21/09/2016,,Lyon,Montpellier,5,1,H
21/09/2016,,Metz,Bordeaux,0,3,A
21/09/2016,,Nantes,Saint-Etienne,0,0,D
21/09/2016,,Nice,Monaco,4,0,H
21/09/2016,21:00,Rennes,Marseille,3,2,H
23/09/2016,20:45,Toulouse,PSG,2,0,H
24/09/2016,17:00,Lorient,Lyon,1,0,H
24/09/2016,20:00,Bastia,Guingamp,1,0,H
24/09/2016,,Bordeaux,Caen,0,0,D
24/09/2016,,Dijon,Rennes,3,0,H
24/09/2016,,Monaco,Angers,2,1,H
24/09/2016,,Montpellier,Metz,0,1,A
25/09/2016,15:00,Saint-Etienne,Lille,3,1,H
25/09/2016,17:00,Nancy,Nice,0,1,A
25/09/2016,20:45,Marseille,Nantes,2,1,H
30/09/2016,20:45,Rennes,Guingamp,1,0,H
01/10/2016,17:00,PSG,Bordeaux,2,0,H
01/10/2016,20:00,Caen,Toulouse,1,0,H
01/10/2016,,Dijon,Montpellier,3,3,D
01/10/2016,,Lille,Nancy,1,0,H
01/10/2016,,Metz,Monaco,0,7,A
01/10/2016,,Nantes,Bastia,1,0,H
02/10/2016,15:00,Angers,Marseille,1,1,D
02/10/2016,17:00,Nice,Lorient,2,1,H
02/10/2016,20:45,Lyon,Saint-Etienne,2,0,H
14/10/2016,19:00,Toulouse,Monaco,3,1,H
14/10/2016,20:45,Nice,Lyon,2,0,H
15/10/2016,17:00,Nancy,PSG,1,2,A
15/10/2016,20:00,Bastia,Angers,1,2,A
15/10/2016,,Guingamp,Lille,1,0,H
15/10/2016,,Lorient,Nantes,1,2,A
15/10/2016,,Montpellier,Caen,3,2,H
16/10/2016,15:00,Rennes,Bordeaux,1,1,D
16/10/2016,17:00,Saint-Etienne,Dijon,1,1,D
16/10/2016,20:45,Marseille,Metz,1,0,H
21/10/2016,20:45,Monaco,Montpellier,6,2,H
22/10/2016,17:00,Lyon,Guingamp,1,3,A
22/10/2016,20:00,Angers,Toulouse,0,0,D
22/10/2016,,Bordeaux,Nancy,1,1,D
22/10/2016,,Dijon,Lorient,1,0,H
22/10/2016,,Lille,Bastia,2,1,H
22/10/2016,,Nantes,Rennes,1,2,A
23/10/2016,15:00,Caen,Saint-Etienne,0,2,A
23/10/2016,17:00,Metz,Nice,2,4,A
23/10/2016,20:45,PSG,Marseille,0,0,D
28/10/2016,20:45,Lille,PSG,0,1,A
29/10/2016,17:00,Toulouse,Lyon,1,2,A
29/10/2016,20:00,Bastia,Dijon,0,0,D
29/10/2016,,Guingamp,Angers,1,0,H
29/10/2016,,Lorient,Montpellier,2,2,D
29/10/2016,,Nancy,Caen,2,0,H
29/10/2016,,Saint-Etienne,Monaco,1,1,D
30/10/2016,15:00,Nice,Nantes,4,1,H
30/10/2016,17:00,Rennes,Metz,1,0,H
30/10/2016,20:45,Marseille,Bordeaux,0,0,D
04/11/2016,20:45,Montpellier,Marseille,3,1,H
05/11/2016,17:00,Monaco,Nancy,6,0,H
05/11/2016,20:00,Angers,Lille,1,0,H
05/11/2016,,Bordeaux,Lorient,2,1,H
05/11/2016,,Dijon,Guingamp,3,3,D
05/11/2016,,Lyon,Bastia,2,1,H
05/11/2016,,Nantes,Toulouse,1,1,D
06/11/2016,15:00,Caen,Nice,1,0,H
06/11/2016,17:00,Metz,Saint-Etienne,0,0,D
06/11/2016,20:45,PSG,Rennes,4,0,H
18/11/2016,19:00,Lorient,Monaco,0,3,A
18/11/2016,20:45,Lille,Lyon,0,1,A
19/11/2016,17:00,PSG,Nantes,2,0,H
19/11/2016,20:00,Bastia,Montpellier,1,1,D
19/11/2016,,Nancy,Dijon,1,0,H
19/11/2016,,Rennes,Angers,1,1,D
19/11/2016,,Toulouse,Metz,1,2,A
20/11/2016,15:00,Guingamp,Bordeaux,1,1,D
20/11/2016,17:00,Marseille,Caen,1,0,H
20/11/2016,20:45,Saint-Etienne,Nice,0,1,A
25/11/2016,20:45,Rennes,Toulouse,1,0,H
26/11/2016,17:10,Monaco,Marseille,4,0,H
26/11/2016,20:00,Bordeaux,Dijon,3,2,H
26/11/2016,,Caen,Guingamp,1,1,D
26/11/2016,,Metz,Lorient,3,3,D
26/11/2016,,Montpellier,Nancy,0,0,D
26/11/2016,,Nantes,Lille,0,0,D
27/11/2016,15:00,Angers,Saint-Etienne,1,2,A
27/11/2016,17:00,Nice,Bastia,1,1,D
27/11/2016,20:45,Lyon,PSG,1,2,A
29/11/2016,19:00,Lille,Caen,4,2,H
29/11/2016,,Lorient,Rennes,2,1,H
29/11/2016,21:00,Dijon,Monaco,1,1,D
30/11/2016,19:00,Bastia,Bordeaux,1,1,D
30/11/2016,,Guingamp,Nice,0,1,A
30/11/2016,,Nancy,Metz,4,0,H
30/11/2016,,Nantes,Lyon,0,6,A
30/11/2016,,Saint-Etienne,Marseille,0,0,D
30/11/2016,,Toulouse,Montpellier,1,0,H
30/11/2016,21:00,PSG,Angers,2,0,H
02/12/2016,20:45,Caen,Dijon,3,3,D
03/12/2016,17:00,Montpellier,PSG,3,0,H
03/12/2016,20:00,Angers,Lorient,2,2,D
03/12/2016,,Bordeaux,Lille,0,1,A
03/12/2016,,Guingamp,Nantes,2,0,H
03/12/2016,,Monaco,Bastia,5,0,H
04/12/2016,15:00,Rennes,Saint-Etienne,2,0,H
04/12/2016,17:00,Marseille,Nancy,3,0,H
04/12/2016,20:45,Nice,Toulouse,3,0,H
05/04/2017,19:00,Metz,Lyon,0,3,A
10/12/2016,14:30,Dijon,Marseille,1,2,A
10/12/2016,17:30,Bordeaux,Monaco,0,4,A
10/12/2016,20:00,Bastia,Metz,2,0,H
10/12/2016,,Lille,Montpellier,2,1,H
10/12/2016,,Nancy,Angers,2,0,H
10/12/2016,,Toulouse,Lorient,3,2,H
11/12/2016,15:00,Lyon,Rennes,1,0,H
11/12/2016,17:00,Saint-Etienne,Guingamp,1,0,H
11/12/2016,20:45,PSG,Nice,2,2,D
18/01/2017,20:00,Nantes,Caen,1,0,H
16/12/2016,20:45,Angers,Nantes,0,2,A
17/12/2016,17:00,Guingamp,PSG,2,1,H
17/12/2016,20:00,Lorient,Saint-Etienne,2,1,H
17/12/2016,,Montpellier,Bordeaux,4,0,H
17/12/2016,,Rennes,Bastia,1,2,A
17/12/2016,,Toulouse,Nancy,1,1,D
18/12/2016,14:30,Caen,Metz,3,0,H
18/12/2016,15:00,Nice,Dijon,2,1,H
18/12/2016,17:00,Marseille,Lille,2,0,H
18/12/2016,20:45,Monaco,Lyon,1,3,A
21/12/2016,20:50,Bastia,Marseille,1,2,A
21/12/2016,,Bordeaux,Nice,0,0,D
21/12/2016,,Dijon,Toulouse,2,0,H
21/12/2016,,Lille,Rennes,1,1,D
21/12/2016,,Lyon,Angers,2,0,H
21/12/2016,,Metz,Guingamp,2,2,D
21/12/2016,,Monaco,Caen,2,1,H
21/12/2016,,Nantes,Montpellier,1,0,H
21/12/2016,,PSG,Lorient,5,0,H
21/12/2016,,Saint-Etienne,Nancy,0,0,D
13/01/2017,20:45,Lille,Saint-Etienne,1,1,D
14/01/2017,17:00,Rennes,PSG,0,1,A
14/01/2017,20:00,Angers,Bordeaux,1,1,D
14/01/2017,,Lorient,Guingamp,3,1,H
14/01/2017,,Montpellier,Dijon,1,1,D
14/01/2017,,Nancy,Bastia,1,0,H
14/01/2017,,Toulouse,Nantes,0,1,A
15/01/2017,15:00,Nice,Metz,0,0,D
15/01/2017,17:00,Caen,Lyon,3,2,H
15/01/2017,21:00,Marseille,Monaco,1,4,A
20/01/2017,20:45,Bastia,Nice,1,1,D
21/01/2017,17:00,Nantes,PSG,0,2,A
21/01/2017,20:00,Bordeaux,Toulouse,1,0,H
21/01/2017,,Dijon,Lille,0,0,D
21/01/2017,,Guingamp,Rennes,1,1,D
21/01/2017,,Metz,Montpellier,2,0,H
22/01/2017,15:00,Monaco,Lorient,4,0,H
22/01/2017,17:00,Saint-Etienne,Angers,2,1,H
22/01/2017,21:00,Lyon,Marseille,3,1,H
21/02/2017,18:30,Caen,Nancy,1,0,H
27/01/2017,20:45,Marseille,Montpellier,5,1,H
28/01/2017,17:00,Lyon,Lille,1,2,A
28/01/2017,20:00,Angers,Metz,2,1,H
28/01/2017,,Bastia,Caen,1,1,D
28/01/2017,,Lorient,Dijon,2,3,A
28/01/2017,,Nancy,Bordeaux,0,2,A
28/01/2017,,Rennes,Nantes,1,1,D
29/01/2017,15:00,Nice,Guingamp,3,1,H
29/01/2017,17:00,Toulouse,Saint-Etienne,0,3,A
29/01/2017,21:00,PSG,Monaco,1,1,D
03/02/2017,20:45,Metz,Marseille,1,0,H
04/02/2017,17:00,Monaco,Nice,3,0,H
04/02/2017,20:00,Bordeaux,Rennes,1,1,D
04/02/2017,,Dijon,PSG,1,3,A
04/02/2017,,Guingamp,Caen,0,1,A
04/02/2017,,Lille,Lorient,0,1,A
04/02/2017,,Montpellier,Bastia,2,1,H
05/02/2017,15:00,Toulouse,Angers,4,0,H
05/02/2017,17:00,Nantes,Nancy,0,2,A
05/02/2017,21:00,Saint-Etienne,Lyon,2,0,H
07/02/2017,19:00,Caen,Bordeaux,0,4,A
07/02/2017,,Montpellier,Monaco,1,2,A
07/02/2017,21:00,PSG,Lille,2,1,H
08/02/2017,19:00,Angers,Rennes,0,0,D
08/02/2017,,Lorient,Toulouse,1,1,D
08/02/2017,,Lyon,Nancy,4,0,H
08/02/2017,,Metz,Dijon,2,1,H
08/02/2017,,Nice,Saint-Etienne,1,0,H
08/02/2017,21:00,Marseille,Guingamp,2,0,H
01/03/2017,19:30,Bastia,Nantes,2,2,D
10/02/2017,20:45,Bordeaux,PSG,0,3,A
11/02/2017,17:00,Guingamp,Lyon,2,1,H
11/02/2017,20:00,Dijon,Caen,2,0,H
11/02/2017,,Lille,Angers,1,2,A
11/02/2017,,Monaco,Metz,5,0,H
11/02/2017,,Nancy,Montpellier,0,3,A
11/02/2017,,Toulouse,Bastia,4,1,H
12/02/2017,15:00,Rennes,Nice,2,2,D
12/02/2017,17:00,Saint-Etienne,Lorient,4,0,H
12/02/2017,21:00,Nantes,Marseille,3,2,H
17/02/2017,20:45,Bastia,Monaco,1,1,D
18/02/2017,17:00,Marseille,Rennes,2,0,H
18/02/2017,20:00,Angers,Nancy,1,0,H
18/02/2017,,Caen,Lille,0,1,A
18/02/2017,,Lorient,Nice,0,1,A
18/02/2017,,Metz,Nantes,1,1,D
19/02/2017,15:00,Bordeaux,Guingamp,3,0,H
19/02/2017,17:00,Lyon,Dijon,4,2,H
19/02/2017,,Montpellier,Saint-Etienne,2,1,H
19/02/2017,21:00,PSG,Toulouse,0,0,D
24/02/2017,19:00,Nantes,Dijon,3,1,H
24/02/2017,20:45,Nice,Montpellier,2,1,H
25/02/2017,17:00,Guingamp,Monaco,1,2,A
25/02/2017,20:00,Angers,Bastia,3,0,H
25/02/2017,,Lille,Bordeaux,2,3,A
25/02/2017,,Nancy,Toulouse,0,0,D
25/02/2017,,Rennes,Lorient,1,0,H
26/02/2017,15:00,Saint-Etienne,Caen,0,1,A
26/02/2017,17:00,Lyon,Metz,5,0,H
26/02/2017,21:00,Marseille,PSG,1,5,A
03/03/2017,20:45,Bordeaux,Lyon,1,1,D
04/03/2017,17:00,PSG,Nancy,1,0,H
04/03/2017,20:00,Bastia,Saint-Etienne,0,0,D
04/03/2017,,Caen,Angers,2,3,A
04/03/2017,,Dijon,Nice,0,1,A
04/03/2017,,Metz,Rennes,1,1,D
04/03/2017,,Montpellier,Guingamp,1,1,D
05/03/2017,15:00,Lorient,Marseille,1,4,A
05/03/2017,17:00,Toulouse,Lille,1,1,D
05/03/2017,21:00,Monaco,Nantes,4,0,H
10/03/2017,19:00,Nice,Caen,2,2,D
10/03/2017,20:45,Marseille,Angers,3,0,H
11/03/2017,16:45,Monaco,Bordeaux,2,1,H
11/03/2017,20:00,Guingamp,Bastia,5,0,H
11/03/2017,,Montpellier,Nantes,2,3,A
11/03/2017,,Nancy,Lille,1,2,A
11/03/2017,,Rennes,Dijon,1,1,D
12/03/2017,15:00,Saint-Etienne,Metz,2,2,D
12/03/2017,17:00,Lyon,Toulouse,4,0,H
12/03/2017,21:00,Lorient,PSG,1,2,A
17/03/2017,19:00,Metz,Bastia,1,0,H
17/03/2017,20:45,Lille,Marseille,0,0,D
18/03/2017,17:00,Nantes,Nice,1,1,D
18/03/2017,20:00,Angers,Guingamp,3,0,H
18/03/2017,,Bordeaux,Montpellier,5,1,H
18/03/2017,,Nancy,Lorient,2,3,A
18/03/2017,,Toulouse,Rennes,0,0,D
19/03/2017,15:00,Caen,Monaco,0,3,A
19/03/2017,17:00,Dijon,Saint-Etienne,0,1,A
19/03/2017,21:00,PSG,Lyon,2,1,H
31/03/2017,19:00,Guingamp,Nancy,1,0,H
01/04/2017,17:00,Marseille,Dijon,1,1,D
01/04/2017,19:00,Bastia,Lille,0,1,A
02/04/2017,15:00,Rennes,Lyon,1,1,D
02/04/2017,17:00,Lorient,Caen,1,0,H
02/04/2017,,Montpellier,Toulouse,0,1,A
02/04/2017,,Nantes,Angers,2,1,H
02/04/2017,21:00,Nice,Bordeaux,2,1,H
18/04/2017,18:30,Metz,PSG,2,3,A
17/05/2017,21:00,Monaco,Saint-Etienne,2,0,H
07/04/2017,20:45,Lille,Nice,1,2,A
08/04/2017,17:00,Angers,Monaco,0,1,A
08/04/2017,20:00,Bordeaux,Metz,3,0,H
08/04/2017,,Caen,Montpellier,0,2,A
08/04/2017,,Dijon,Bastia,1,2,A
08/04/2017,,Lyon,Lorient,1,4,A
08/04/2017,,Nancy,Rennes,3,0,H
09/04/2017,15:00,Toulouse,Marseille,0,0,D
09/04/2017,17:00,Saint-Etienne,Nantes,1,1,D
09/04/2017,21:00,PSG,Guingamp,4,0,H
14/04/2017,20:45,Angers,PSG,0,2,A
15/04/2017,17:00,Nice,Nancy,3,1,H
15/04/2017,20:00,Guingamp,Toulouse,2,1,H
15/04/2017,,Metz,Caen,2,2,D
15/04/2017,,Montpellier,Lorient,2,0,H
15/04/2017,,Rennes,Lille,2,0,H
15/04/2017,21:00,Monaco,Dijon,2,1,H
16/04/2017,15:00,Nantes,Bordeaux,0,1,A
16/04/2017,17:00,Bastia,Lyon,0,0,D
16/04/2017,21:00,Marseille,Saint-Etienne,4,0,H
21/04/2017,20:45,Nancy,Marseille,0,0,D
22/04/2017,17:00,PSG,Montpellier,2,0,H
22/04/2017,20:00,Bordeaux,Bastia,2,0,H
22/04/2017,,Caen,Nantes,0,2,A
22/04/2017,,Dijon,Angers,3,2,H
22/04/2017,,Lille,Guingamp,3,0,H
22/04/2017,,Lorient,Metz,5,1,H
23/04/2017,15:00,Toulouse,Nice,1,1,D
23/04/2017,17:00,Saint-Etienne,Rennes,1,1,D
23/04/2017,21:15,Lyon,Monaco,1,2,A
28/04/2017,20:45,Angers,Lyon,1,2,A
29/04/2017,17:00,Monaco,Toulouse,3,1,H
29/04/2017,20:00,Bastia,Rennes,1,0,H
29/04/2017,,Guingamp,Saint-Etienne,0,2,A
29/04/2017,,Metz,Nancy,2,1,H
29/04/2017,,Montpellier,Lille,0,3,A
29/04/2017,,Nantes,Lorient,1,0,H
30/04/2017,15:00,Caen,Marseille,1,5,A
30/04/2017,17:00,Dijon,Bordeaux,0,0,D
30/04/2017,21:00,Nice,PSG,3,1,H
05/05/2017,20:45,Saint-Etienne,Bordeaux,2,2,D
06/05/2017,17:00,PSG,Bastia,5,0,H
06/05/2017,20:00,Guingamp,Dijon,4,0,H
06/05/2017,,Lille,Metz,0,2,A
06/05/2017,,Lorient,Angers,1,1,D
06/05/2017,,Nancy,Monaco,0,3,A
06/05/2017,,Toulouse,Caen,0,1,A
07/05/2017,15:00,Rennes,Montpellier,1,0,H
07/05/2017,17:00,Lyon,Nantes,3,2,H
07/05/2017,21:00,Marseille,Nice,2,1,H
14/05/2017,21:00,Bastia,Lorient,2,0,H
14/05/2017,,Bordeaux,Marseille,1,1,D
14/05/2017,,Caen,Rennes,0,1,A
14/05/2017,,Dijon,Nancy,2,0,H
14/05/2017,,Metz,Toulouse,1,1,D
14/05/2017,,Monaco,Lille,4,0,H
14/05/2017,,Montpellier,Lyon,1,3,A
14/05/2017,,Nantes,Guingamp,4,1,H
14/05/2017,,Nice,Angers,0,2,A
14/05/2017,,Saint-Etienne,PSG,0,5,A
20/05/2017,21:00,Angers,Montpellier,2,0,H
20/05/2017,,Guingamp,Metz,1,0,H
20/05/2017,,Lille,Nantes,3,0,H
20/05/2017,,Lorient,Bordeaux,1,1,D
20/05/2017,,Lyon,Nice,3,3,D
20/05/2017,,Marseille,Bastia,1,0,H
20/05/2017,,Nancy,Saint-Etienne,3,1,H
20/05/2017,,PSG,Caen,1,1,D
20/05/2017,,Rennes,Monaco,2,3,A
20/05/2017,,Toulouse,Dijon,0,0,D
04/08/2017,20:45,Monaco,Toulouse,3,2,H
05/08/2017,17:15,PSG,Amiens,2,0,H
05/08/2017,20:00,Saint-Etienne,Nice,1,0,H
05/08/2017,,Troyes,Rennes,1,1,D
05/08/2017,,Metz,Guingamp,1,3,A
05/08/2017,,Montpellier,Caen,1,0,H
05/08/2017,,Lyon,Strasbourg,4,0,H
06/08/2017,15:00,Lille,Nantes,3,0,H
06/08/2017,17:00,Angers,Bordeaux,2,2,D
06/08/2017,21:00,Marseille,Dijon,3,0,H
11/08/2017,19:00,Nice,Troyes,1,2,A
11/08/2017,20:45,Rennes,Lyon,1,2,A
12/08/2017,17:00,Nantes,Marseille,0,1,A
12/08/2017,20:00,Toulouse,Montpellier,1,0,H
12/08/2017,,Bordeaux,Metz,2,0,H
12/08/2017,,Amiens,Angers,0,2,A
12/08/2017,,Caen,Saint-Etienne,0,1,A
13/08/2017,15:00,Strasbourg,Lille,3,0,H
13/08/2017,17:00,Dijon,Monaco,1,4,A
13/08/2017,21:00,Guingamp,PSG,0,3,A
18/08/2017,20:45,Metz,Monaco,0,1,A
19/08/2017,17:00,Lyon,Bordeaux,3,3,D
19/08/2017,20:00,Saint-Etienne,Amiens,3,0,H
19/08/2017,,Troyes,Nantes,0,1,A
19/08/2017,,Montpellier,Strasbourg,1,1,D
19/08/2017,,Nice,Guingamp,2,0,H
19/08/2017,,Rennes,Dijon,2,2,D
20/08/2017,15:00,Lille,Caen,0,2,A
20/08/2017,17:00,Marseille,Angers,1,1,D
20/08/2017,21:00,PSG,Toulouse,6,2,H
25/08/2017,20:45,PSG,Saint-Etienne,3,0,H
26/08/2017,17:15,Nantes,Lyon,0,0,D
26/08/2017,20:00,Dijon,Montpellier,2,1,H
26/08/2017,,Toulouse,Rennes,3,2,H
26/08/2017,,Bordeaux,Troyes,2,1,H
26/08/2017,,Amiens,Nice,3,0,H
26/08/2017,,Caen,Metz,1,0,H
27/08/2017,15:00,Guingamp,Strasbourg,2,0,H
27/08/2017,17:00,Angers,Lille,1,1,D
27/08/2017,21:00,Monaco,Marseille,6,1,H
08/09/2017,19:00,Lille,Bordeaux,0,0,D
08/09/2017,20:45,Metz,PSG,1,5,A
09/09/2017,17:00,Nice,Monaco,4,0,H
09/09/2017,20:00,Troyes,Toulouse,0,0,D
09/09/2017,,Montpellier,Nantes,0,1,A
09/09/2017,,Strasbourg,Amiens,0,1,A
09/09/2017,,Caen,Dijon,2,1,H
10/09/2017,15:00,Saint-Etienne,Angers,1,1,D
10/09/2017,17:00,Lyon,Guingamp,2,1,H
10/09/2017,21:00,Marseille,Rennes,1,3,A
15/09/2017,20:45,Toulouse,Bordeaux,0,1,A
16/09/2017,17:00,Monaco,Strasbourg,3,0,H
16/09/2017,20:00,Dijon,Saint-Etienne,0,1,A
16/09/2017,,Guingamp,Lille,1,0,H
16/09/2017,,Troyes,Montpellier,0,1,A
16/09/2017,,Nantes,Caen,1,0,H
17/09/2017,15:00,Amiens,Marseille,0,2,A
17/09/2017,17:00,Angers,Metz,0,1,A
17/09/2017,,Rennes,Nice,0,1,A
17/09/2017,21:00,PSG,Lyon,2,0,H
22/09/2017,19:00,Nice,Angers,2,2,D
22/09/2017,20:45,Lille,Monaco,0,4,A
23/09/2017,17:00,Montpellier,PSG,0,0,D
23/09/2017,20:00,Metz,Troyes,0,1,A
23/09/2017,,Bordeaux,Guingamp,3,1,H
23/09/2017,,Lyon,Dijon,3,3,D
23/09/2017,,Caen,Amiens,1,0,H
24/09/2017,15:00,Saint-Etienne,Rennes,2,2,D
24/09/2017,17:00,Strasbourg,Nantes,1,2,A
24/09/2017,21:00,Marseille,Toulouse,2,0,H
29/09/2017,20:45,Monaco,Montpellier,1,1,D
30/09/2017,17:00,PSG,Bordeaux,6,2,H
30/09/2017,20:00,Dijon,Strasbourg,1,1,D
30/09/2017,,Guingamp,Toulouse,1,1,D
30/09/2017,,Nantes,Metz,1,0,H
30/09/2017,,Rennes,Caen,0,1,A
01/10/2017,15:00,Troyes,Saint-Etienne,2,1,H
01/10/2017,17:00,Angers,Lyon,3,3,D
01/10/2017,21:00,Nice,Marseille,2,4,A
20/11/2017,19:00,Amiens,Lille,3,0,H
13/10/2017,20:45,Lyon,Monaco,3,2,H
14/10/2017,17:00,Dijon,PSG,1,2,A
14/10/2017,20:00,Saint-Etienne,Metz,3,1,H
14/10/2017,,Guingamp,Rennes,2,0,H
14/10/2017,,Toulouse,Amiens,1,0,H
14/10/2017,,Lille,Troyes,2,2,D
14/10/2017,,Caen,Angers,0,2,A
15/10/2017,15:00,Bordeaux,Nantes,1,1,D
15/10/2017,17:00,Montpellier,Nice,2,0,H
15/10/2017,21:00,Strasbourg,Marseille,3,3,D
20/10/2017,20:45,Saint-Etienne,Montpellier,0,1,A
21/10/2017,17:00,Monaco,Caen,2,0,H
21/10/2017,20:00,Metz,Dijon,1,2,A
21/10/2017,,Nantes,Guingamp,2,1,H
21/10/2017,,Amiens,Bordeaux,1,0,H
21/10/2017,,Angers,Toulouse,0,1,A
21/10/2017,,Rennes,Lille,1,0,H
22/10/2017,15:00,Nice,Strasbourg,1,2,A
22/10/2017,17:00,Troyes,Lyon,0,5,A
22/10/2017,21:00,Marseille,PSG,2,2,D
27/10/2017,20:45,PSG,Nice,3,0,H
28/10/2017,17:00,Bordeaux,Monaco,0,2,A
28/10/2017,20:00,Dijon,Nantes,1,0,H
28/10/2017,,Guingamp,Amiens,1,1,D
28/10/2017,,Montpellier,Rennes,0,1,A
28/10/2017,,Strasbourg,Angers,2,2,D
28/10/2017,,Caen,Troyes,1,0,H
29/10/2017,15:00,Lyon,Metz,2,0,H
29/10/2017,17:00,Toulouse,Saint-Etienne,0,0,D
29/10/2017,21:00,Lille,Marseille,0,1,A
03/11/2017,20:45,Rennes,Bordeaux,1,0,H
04/11/2017,17:00,Angers,PSG,0,5,A
04/11/2017,20:00,Monaco,Guingamp,6,0,H
04/11/2017,,Troyes,Strasbourg,3,0,H
04/11/2017,,Nantes,Toulouse,2,1,H
04/11/2017,,Montpellier,Amiens,1,1,D
05/11/2017,15:00,Nice,Dijon,1,0,H
05/11/2017,17:00,Metz,Lille,0,3,A
05/11/2017,,Marseille,Caen,5,0,H
05/11/2017,21:00,Saint-Etienne,Lyon,0,5,A
17/11/2017,19:00,Lille,Saint-Etienne,3,1,H
17/11/2017,20:45,Amiens,Monaco,1,1,D
18/11/2017,17:00,PSG,Nantes,4,1,H
18/11/2017,20:00,Dijon,Troyes,3,1,H
18/11/2017,,Guingamp,Angers,1,1,D
18/11/2017,,Toulouse,Metz,0,0,D
18/11/2017,,Strasbourg,Rennes,2,1,H
19/11/2017,15:00,Caen,Nice,1,1,D
19/11/2017,17:00,Lyon,Montpellier,0,0,D
19/11/2017,21:00,Bordeaux,Marseille,1,1,D
24/11/2017,20:45,Saint-Etienne,Strasbourg,2,2,D
25/11/2017,17:00,Rennes,Nantes,2,1,H
25/11/2017,20:00,Dijon,Toulouse,3,1,H
25/11/2017,,Troyes,Angers,3,0,H
25/11/2017,,Metz,Amiens,0,2,A
25/11/2017,,Montpellier,Lille,3,0,H
25/11/2017,,Caen,Bordeaux,1,0,H
26/11/2017,15:00,Nice,Lyon,0,5,A
26/11/2017,17:00,Marseille,Guingamp,1,0,H
26/11/2017,21:00,Monaco,PSG,1,2,A
28/11/2017,19:00,Strasbourg,Caen,0,0,D
28/11/2017,,Amiens,Dijon,2,1,H
28/11/2017,21:00,Bordeaux,Saint-Etienne,3,0,H
29/11/2017,19:00,Guingamp,Montpellier,0,0,D
29/11/2017,,Metz,Marseille,0,3,A
29/11/2017,,Nantes,Monaco,1,0,H
29/11/2017,,Toulouse,Nice,1,2,A
29/11/2017,,Lyon,Lille,1,2,A
29/11/2017,,Angers,Rennes,1,2,A
29/11/2017,21:00,PSG,Troyes,2,0,H
01/12/2017,20:45,Dijon,Bordeaux,3,2,H
02/12/2017,17:00,Strasbourg,PSG,2,1,H
02/12/2017,20:00,Monaco,Angers,1,0,H
02/12/2017,,Troyes,Guingamp,0,1,A
02/12/2017,,Nice,Metz,3,1,H
02/12/2017,,Lille,Toulouse,1,0,H
02/12/2017,,Rennes,Amiens,2,0,H
03/12/2017,15:00,Saint-Etienne,Nantes,1,1,D
03/12/2017,17:00,Caen,Lyon,1,2,A
03/12/2017,21:00,Montpellier,Marseille,1,1,D
08/12/2017,20:45,Bordeaux,Strasbourg,0,3,A
09/12/2017,17:00,PSG,Lille,3,1,H
09/12/2017,20:00,Monaco,Troyes,3,2,H
09/12/2017,,Guingamp,Dijon,4,0,H
09/12/2017,,Metz,Rennes,1,1,D
09/12/2017,,Toulouse,Caen,2,0,H
09/12/2017,,Angers,Montpellier,1,1,D
10/12/2017,15:00,Amiens,Lyon,1,2,A
10/12/2017,17:00,Nantes,Nice,1,2,A
10/12/2017,21:00,Marseille,Saint-Etienne,3,0,H
15/12/2017,20:45,Saint-Etienne,Monaco,0,4,A
16/12/2017,17:00,Rennes,PSG,1,4,A
16/12/2017,20:00,Dijon,Lille,3,0,H
16/12/2017,,Troyes,Amiens,1,0,H
16/12/2017,,Montpellier,Metz,1,3,A
16/12/2017,,Strasbourg,Toulouse,2,1,H
16/12/2017,,Caen,Guingamp,0,0,D
17/12/2017,15:00,Nantes,Angers,1,0,H
17/12/2017,17:00,Nice,Bordeaux,1,0,H
17/12/2017,21:00,Lyon,Marseille,2,0,H
20/12/2017,20:50,Monaco,Rennes,2,1,H
20/12/2017,,Guingamp,Saint-Etienne,2,1,H
20/12/2017,,Metz,Strasbourg,3,0,H
20/12/2017,,Toulouse,Lyon,1,2,A
20/12/2017,,Bordeaux,Montpellier,0,2,A
20/12/2017,,Marseille,Troyes,3,1,H
20/12/2017,,Lille,Nice,1,1,D
20/12/2017,,PSG,Caen,3,1,H
20/12/2017,,Amiens,Nantes,0,1,A
20/12/2017,,Angers,Dijon,2,1,H
12/01/2018,20:45,Strasbourg,Guingamp,0,2,A
13/01/2018,17:00,Rennes,Marseille,0,3,A
13/01/2018,20:00,Dijon,Metz,1,1,D
13/01/2018,,Troyes,Bordeaux,0,1,A
13/01/2018,,Montpellier,Monaco,0,0,D
13/01/2018,,Nice,Amiens,1,0,H
13/01/2018,,Caen,Lille,0,1,A
14/01/2018,15:00,Saint-Etienne,Toulouse,2,0,H
14/01/2018,17:00,Lyon,Angers,1,1,D
14/01/2018,21:00,Nantes,PSG,0,1,A
16/01/2018,19:00,Bordeaux,Caen,0,2,A
16/01/2018,,Marseille,Strasbourg,2,0,H
16/01/2018,21:00,Monaco,Nice,2,2,D
17/01/2018,19:00,Guingamp,Lyon,0,2,A
17/01/2018,,Metz,Saint-Etienne,3,0,H
17/01/2018,,Toulouse,Nantes,1,1,D
17/01/2018,,Lille,Rennes,1,2,A
17/01/2018,,Amiens,Montpellier,1,1,D
17/01/2018,,Angers,Troyes,3,1,H
17/01/2018,21:00,PSG,Dijon,8,0,H
19/01/2018,20:45,Caen,Marseille,0,2,A
20/01/2018,17:00,Nantes,Bordeaux,0,1,A
20/01/2018,20:00,Troyes,Lille,1,0,H
20/01/2018,,Montpellier,Toulouse,2,1,H
20/01/2018,,Strasbourg,Dijon,3,2,H
20/01/2018,,Amiens,Guingamp,3,1,H
20/01/2018,,Rennes,Angers,1,0,H
21/01/2018,15:00,Nice,Saint-Etienne,1,0,H
21/01/2018,17:00,Monaco,Metz,3,1,H
21/01/2018,21:00,Lyon,PSG,2,1,H
26/01/2018,20:45,Dijon,Rennes,2,1,H
27/01/2018,17:00,PSG,Montpellier,4,0,H
27/01/2018,20:00,Saint-Etienne,Caen,2,1,H
27/01/2018,,Guingamp,Nantes,0,3,A
27/01/2018,,Metz,Nice,2,1,H
27/01/2018,,Toulouse,Troyes,1,0,H
27/01/2018,,Angers,Amiens,1,0,H
28/01/2018,15:00,Lille,Strasbourg,2,1,H
28/01/2018,17:00,Bordeaux,Lyon,3,1,H
28/01/2018,21:00,Marseille,Monaco,2,2,D
02/02/2018,20:45,Marseille,Metz,6,3,H
03/02/2018,17:00,Lille,PSG,0,3,A
03/02/2018,20:00,Montpellier,Angers,2,1,H
03/02/2018,,Nice,Toulouse,0,1,A
03/02/2018,,Strasbourg,Bordeaux,0,2,A
03/02/2018,,Amiens,Saint-Etienne,0,2,A
04/02/2018,15:00,Rennes,Guingamp,0,1,A
04/02/2018,17:00,Caen,Nantes,3,2,H
04/02/2018,21:00,Monaco,Lyon,3,2,H
20/02/2018,18:30,Troyes,Dijon,0,0,D
09/02/2018,20:45,Saint-Etienne,Marseille,2,2,D
10/02/2018,17:00,Toulouse,PSG,0,1,A
10/02/2018,20:00,Dijon,Nice,3,2,H
10/02/2018,,Guingamp,Caen,0,0,D
10/02/2018,,Metz,Montpellier,0,1,A
10/02/2018,,Bordeaux,Amiens,3,2,H
10/02/2018,,Angers,Monaco,0,4,A
11/02/2018,15:00,Strasbourg,Troyes,2,1,H
11/02/2018,17:00,Nantes,Lille,2,2,D
11/02/2018,21:00,Lyon,Rennes,0,2,A
16/02/2018,20:45,Monaco,Dijon,4,0,H
17/02/2018,17:00,PSG,Strasbourg,5,2,H
17/02/2018,20:00,Troyes,Metz,1,0,H
17/02/2018,,Montpellier,Guingamp,1,1,D
17/02/2018,,Amiens,Toulouse,0,0,D
17/02/2018,,Angers,Saint-Etienne,0,1,A
17/02/2018,,Caen,Rennes,2,2,D
18/02/2018,15:00,Nice,Nantes,1,1,D
18/02/2018,17:00,Lille,Lyon,2,2,D
18/02/2018,21:00,Marseille,Bordeaux,1,0,H
23/02/2018,20:45,Strasbourg,Montpellier,0,0,D
24/02/2018,17:00,Toulouse,Monaco,3,3,D
24/02/2018,20:00,Dijon,Caen,2,0,H
24/02/2018,,Guingamp,Metz,2,2,D
24/02/2018,,Nantes,Amiens,0,1,A
24/02/2018,,Lille,Angers,1,2,A
24/02/2018,,Rennes,Troyes,2,0,H
25/02/2018,15:00,Bordeaux,Nice,0,0,D
25/02/2018,17:00,Lyon,Saint-Etienne,1,1,D
25/02/2018,21:00,PSG,Marseille,3,0,H
02/03/2018,19:00,Nice,Lille,2,1,H
02/03/2018,20:45,Monaco,Bordeaux,2,1,H
03/03/2018,17:00,Troyes,PSG,0,2,A
03/03/2018,20:00,Saint-Etienne,Dijon,2,2,D
03/03/2018,,Metz,Toulouse,1,1,D
03/03/2018,,Amiens,Rennes,0,2,A
03/03/2018,,Angers,Guingamp,3,0,H
04/03/2018,15:00,Caen,Strasbourg,2,0,H
04/03/2018,17:00,Montpellier,Lyon,1,1,D
04/03/2018,21:00,Marseille,Nantes,1,1,D
09/03/2018,20:45,Strasbourg,Monaco,1,3,A
10/03/2018,17:00,PSG,Metz,5,0,H
10/03/2018,20:00,Dijon,Amiens,1,1,D
10/03/2018,,Nantes,Troyes,1,0,H
10/03/2018,,Bordeaux,Angers,0,0,D
10/03/2018,,Lille,Montpellier,1,1,D
10/03/2018,,Rennes,Saint-Etienne,1,1,D
11/03/2018,15:00,Guingamp,Nice,2,5,A
11/03/2018,17:00,Lyon,Caen,1,0,H
11/03/2018,21:00,Toulouse,Marseille,1,2,A
16/03/2018,20:45,Monaco,Lille,2,1,H
17/03/2018,17:00,Bordeaux,Rennes,0,2,A
17/03/2018,20:00,Toulouse,Strasbourg,2,2,D
17/03/2018,,Montpellier,Dijon,2,2,D
17/03/2018,,Amiens,Troyes,1,1,D
17/03/2018,,Angers,Caen,3,0,H
18/03/2018,13:00,Nice,PSG,1,2,A
18/03/2018,15:00,Metz,Nantes,1,1,D
18/03/2018,17:00,Saint-Etienne,Guingamp,2,0,H
18/03/2018,21:00,Marseille,Lyon,2,3,A
14/03/2018,17:00,PSG,Angers,2,1,H
31/03/2018,17:00,Dijon,Marseille,1,3,A
01/04/2018,15:00,Guingamp,Bordeaux,2,1,H
01/04/2018,17:00,Troyes,Nice,0,2,A
01/04/2018,,Nantes,Saint-Etienne,0,3,A
01/04/2018,,Lille,Amiens,0,1,A
01/04/2018,,Strasbourg,Metz,2,2,D
01/04/2018,,Caen,Montpellier,1,3,A
01/04/2018,21:00,Lyon,Toulouse,2,0,H
04/04/2018,18:45,Rennes,Monaco,1,1,D
06/04/2018,20:45,Saint-Etienne,PSG,1,1,D
07/04/2018,17:00,Monaco,Nantes,2,1,H
07/04/2018,20:00,Guingamp,Troyes,4,0,H
07/04/2018,,Toulouse,Dijon,0,1,A
07/04/2018,,Bordeaux,Lille,2,1,H
07/04/2018,,Amiens,Caen,3,0,H
07/04/2018,,Angers,Strasbourg,1,1,D
08/04/2018,15:00,Nice,Rennes,1,1,D
08/04/2018,17:00,Metz,Lyon,0,5,A
08/04/2018,21:00,Marseille,Montpellier,0,0,D
13/04/2018,20:45,Angers,Nice,1,1,D
14/04/2018,17:00,Lyon,Amiens,3,0,H
14/04/2018,20:00,Nantes,Dijon,1,1,D
14/04/2018,,Lille,Guingamp,2,2,D
14/04/2018,,Rennes,Metz,1,2,A
14/04/2018,,Strasbourg,Saint-Etienne,0,1,A
15/04/2018,15:00,Montpellier,Bordeaux,1,3,A
15/04/2018,17:00,Troyes,Marseille,2,3,A
15/04/2018,21:00,PSG,Monaco,7,1,H
25/04/2018,18:45,Caen,Toulouse,0,0,D
20/04/2018,19:30,Nantes,Rennes,1,1,D
20/04/2018,21:00,Dijon,Lyon,2,5,A
21/04/2018,17:00,Marseille,Lille,5,1,H
21/04/2018,20:00,Guingamp,Monaco,3,1,H
21/04/2018,,Metz,Caen,1,1,D
21/04/2018,,Toulouse,Angers,2,0,H
21/04/2018,,Amiens,Strasbourg,3,1,H
22/04/2018,15:00,Nice,Montpellier,1,0,H
22/04/2018,17:00,Saint-Etienne,Troyes,2,1,H
22/04/2018,21:00,Bordeaux,PSG,0,1,A
27/04/2018,20:45,Montpellier,Saint-Etienne,0,1,A
28/04/2018,17:00,Lyon,Nantes,2,0,H
28/04/2018,20:00,Monaco,Amiens,0,0,D
28/04/2018,,Troyes,Caen,3,1,H
28/04/2018,,Bordeaux,Dijon,3,1,H
28/04/2018,,Lille,Metz,3,1,H
28/04/2018,,Strasbourg,Nice,1,1,D
29/04/2018,15:00,Rennes,Toulouse,2,1,H
29/04/2018,17:00,Angers,Marseille,1,1,D
29/04/2018,21:00,PSG,Guingamp,2,2,D
04/05/2018,20:45,Amiens,PSG,2,2,D
06/05/2018,15:00,Saint-Etienne,Bordeaux,1,3,A
06/05/2018,16:30,Lyon,Troyes,3,0,H
06/05/2018,17:00,Dijon,Guingamp,3,1,H
06/05/2018,,Metz,Angers,1,2,A
06/05/2018,,Nantes,Montpellier,0,2,A
06/05/2018,,Toulouse,Lille,2,3,A
06/05/2018,,Caen,Monaco,1,2,A
06/05/2018,,Rennes,Strasbourg,2,1,H
06/05/2018,21:05,Marseille,Nice,2,1,H
11/05/2018,20:45,Guingamp,Marseille,3,3,D
12/05/2018,21:00,Monaco,Saint-Etienne,1,0,H
12/05/2018,,Bordeaux,Toulouse,4,2,H
12/05/2018,,Montpellier,Troyes,1,1,D
12/05/2018,,Nice,Caen,4,1,H
12/05/2018,,Lille,Dijon,2,1,H
12/05/2018,,PSG,Rennes,0,2,A
12/05/2018,,Strasbourg,Lyon,3,2,H
12/05/2018,,Amiens,Metz,2,0,H
12/05/2018,,Angers,Nantes,0,2,A
19/05/2018,21:00,Saint-Etienne,Lille,5,0,H
19/05/2018,,Dijon,Angers,2,1,H
19/05/2018,,Troyes,Monaco,0,3,A
19/05/2018,,Metz,Bordeaux,0,4,A
19/05/2018,,Nantes,Strasbourg,1,0,H
19/05/2018,,Toulouse,Guingamp,2,1,H
19/05/2018,,Lyon,Nice,3,2,H
19/05/2018,,Marseille,Amiens,2,1,H
19/05/2018,,Caen,PSG,0,0,D
19/05/2018,,Rennes,Montpellier,1,1,D
10/08/2018,20:45,Marseille,Toulouse,4,0,H
11/08/2018,17:00,Nantes,Monaco,1,3,A
11/08/2018,20:00,Angers,Nimes,3,4,A
11/08/2018,,Lille,Rennes,3,1,H
11/08/2018,,Montpellier,Dijon,1,2,A
11/08/2018,,Nice,Reims,0,1,A
11/08/2018,,Saint-Etienne,Guingamp,2,1,H
12/08/2018,15:00,Lyon,Amiens,2,0,H
12/08/2018,17:00,Bordeaux,Strasbourg,0,2,A
12/08/2018,21:00,PSG,Caen,3,0,H
17/08/2018,20:45,Reims,Lyon,1,0,H
18/08/2018,17:00,Guingamp,PSG,1,3,A
18/08/2018,20:00,Amiens,Montpellier,1,2,A
18/08/2018,,Caen,Nice,1,1,D
18/08/2018,,Dijon,Nantes,2,0,H
18/08/2018,,Monaco,Lille,0,0,D
18/08/2018,,Rennes,Angers,1,0,H
19/08/2018,15:00,Strasbourg,Saint-Etienne,1,1,D
19/08/2018,17:00,Toulouse,Bordeaux,2,1,H
19/08/2018,21:00,Nimes,Marseille,3,1,H
24/08/2018,20:45,Lyon,Strasbourg,2,0,H
25/08/2018,17:00,PSG,Angers,3,1,H
25/08/2018,20:00,Amiens,Reims,4,1,H
25/08/2018,,Montpellier,Saint-Etienne,0,0,D
25/08/2018,,Nantes,Caen,1,1,D
25/08/2018,,Nice,Dijon,0,4,A
25/08/2018,,Toulouse,Nimes,1,0,H
26/08/2018,15:00,Lille,Guingamp,3,0,H
26/08/2018,17:00,Bordeaux,Monaco,2,1,H
26/08/2018,21:00,Marseille,Rennes,2,2,D
31/08/2018,20:45,Lyon,Nice,0,1,A
01/09/2018,17:00,Nimes,PSG,2,4,A
01/09/2018,20:00,Angers,Lille,1,0,H
01/09/2018,,Dijon,Caen,0,2,A
01/09/2018,,Guingamp,Toulouse,1,2,A
01/09/2018,,Reims,Montpellier,0,1,A
01/09/2018,,Strasbourg,Nantes,2,3,A
02/09/2018,15:00,Saint-Etienne,Amiens,0,0,D
02/09/2018,17:00,Rennes,Bordeaux,2,0,H
02/09/2018,21:00,Monaco,Marseille,2,3,A
14/09/2018,19:00,Nice,Rennes,2,1,H
14/09/2018,20:45,PSG,Saint-Etienne,4,0,H
15/09/2018,17:00,Caen,Lyon,2,2,D
15/09/2018,20:00,Amiens,Lille,2,3,A
15/09/2018,,Dijon,Angers,1,3,A
15/09/2018,,Montpellier,Strasbourg,1,1,D
15/09/2018,,Toulouse,Monaco,1,1,D
16/09/2018,15:00,Nantes,Reims,0,0,D
16/09/2018,17:00,Bordeaux,Nimes,3,3,D
16/09/2018,21:00,Marseille,Guingamp,4,0,H
21/09/2018,20:45,Monaco,Nimes,1,1,D
22/09/2018,17:00,Lille,Nantes,2,1,H
22/09/2018,20:00,Angers,Toulouse,0,0,D
22/09/2018,,Montpellier,Nice,1,0,H
22/09/2018,,Reims,Dijon,0,0,D
22/09/2018,,Saint-Etienne,Caen,2,1,H
22/09/2018,,Strasbourg,Amiens,3,1,H
23/09/2018,15:00,Rennes,PSG,1,3,A
23/09/2018,17:00,Guingamp,Bordeaux,1,3,A
23/09/2018,21:00,Lyon,Marseille,4,2,H
25/09/2018,19:00,Monaco,Angers,0,1,A
25/09/2018,,Nantes,Nice,1,2,A
25/09/2018,21:00,Toulouse,Saint-Etienne,2,3,A
26/09/2018,19:00,Amiens,Rennes,2,1,H
26/09/2018,,Bordeaux,Lille,1,0,H
26/09/2018,,Caen,Montpellier,2,2,D
26/09/2018,,Dijon,Lyon,0,3,A
26/09/2018,,Marseille,Strasbourg,3,2,H
26/09/2018,,Nimes,Guingamp,0,0,D
26/09/2018,21:00,PSG,Reims,4,1,H
28/09/2018,20:45,Saint-Etienne,Monaco,2,0,H
29/09/2018,17:15,Nice,PSG,0,3,A
29/09/2018,20:00,Angers,Guingamp,0,1,A
29/09/2018,,Caen,Amiens,1,0,H
29/09/2018,,Lyon,Nantes,1,1,D
29/09/2018,,Reims,Bordeaux,0,0,D
29/09/2018,,Strasbourg,Dijon,3,0,H
30/09/2018,15:00,Rennes,Toulouse,1,1,D
30/09/2018,17:00,Montpellier,Nimes,3,0,H
30/09/2018,21:00,Lille,Marseille,3,0,H
05/10/2018,20:45,Toulouse,Nice,1,1,D
06/10/2018,17:00,Lille,Saint-Etienne,3,1,H
06/10/2018,20:00,Amiens,Dijon,1,0,H
06/10/2018,,Angers,Strasbourg,2,2,D
06/10/2018,,Guingamp,Montpellier,1,1,D
06/10/2018,,Nimes,Reims,0,0,D
07/10/2018,15:00,Bordeaux,Nantes,3,0,H
07/10/2018,17:00,Marseille,Caen,2,0,H
07/10/2018,,Monaco,Rennes,1,2,A
07/10/2018,21:00,PSG,Lyon,5,0,H
19/10/2018,20:45,Lyon,Nimes,2,0,H
20/10/2018,17:00,PSG,Amiens,5,0,H
20/10/2018,20:00,Caen,Guingamp,0,0,D
20/10/2018,,Dijon,Lille,1,2,A
20/10/2018,,Nantes,Toulouse,4,0,H
20/10/2018,,Reims,Angers,1,1,D
20/10/2018,,Strasbourg,Monaco,2,1,H
21/10/2018,15:00,Montpellier,Bordeaux,2,0,H
21/10/2018,17:00,Saint-Etienne,Rennes,1,1,D
21/10/2018,21:00,Nice,Marseille,0,1,A
26/10/2018,20:45,Nimes,Saint-Etienne,1,1,D
27/10/2018,17:00,Angers,Lyon,1,2,A
27/10/2018,20:00,Amiens,Nantes,1,2,A
27/10/2018,,Guingamp,Strasbourg,1,1,D
27/10/2018,,Lille,Caen,1,0,H
27/10/2018,,Monaco,Dijon,2,2,D
27/10/2018,,Toulouse,Montpellier,0,3,A
28/10/2018,15:00,Rennes,Reims,0,2,A
28/10/2018,17:00,Bordeaux,Nice,0,1,A
28/10/2018,21:00,Marseille,PSG,0,2,A
02/11/2018,20:45,PSG,Lille,2,1,H
03/11/2018,17:00,Lyon,Bordeaux,1,1,D
03/11/2018,20:00,Caen,Rennes,1,2,A
03/11/2018,,Dijon,Nimes,0,4,A
03/11/2018,,Nice,Amiens,1,0,H
03/11/2018,,Reims,Monaco,1,0,H
03/11/2018,,Strasbourg,Toulouse,1,1,D
04/11/2018,15:00,Nantes,Guingamp,5,0,H
04/11/2018,17:00,Saint-Etienne,Angers,4,3,H
04/11/2018,21:00,Montpellier,Marseille,3,0,H
09/11/2018,20:45,Lille,Strasbourg,0,0,D
10/11/2018,17:00,Guingamp,Lyon,2,4,A
10/11/2018,20:00,Angers,Montpellier,1,0,H
10/11/2018,,Nimes,Nice,0,1,A
10/11/2018,,Saint-Etienne,Reims,2,0,H
10/11/2018,,Toulouse,Amiens,0,1,A
11/11/2018,15:00,Bordeaux,Caen,0,0,D
11/11/2018,17:00,Marseille,Dijon,2,0,H
11/11/2018,,Rennes,Nantes,1,1,D
11/11/2018,21:00,Monaco,PSG,0,4,A
23/11/2018,21:00,Lyon,Saint-Etienne,1,0,H
24/11/2018,17:00,PSG,Toulouse,1,0,H
24/11/2018,20:00,Caen,Monaco,0,1,A
24/11/2018,,Dijon,Bordeaux,0,0,D
24/11/2018,,Nantes,Angers,1,1,D
24/11/2018,,Reims,Guingamp,2,1,H
24/11/2018,,Strasbourg,Nimes,0,1,A
25/11/2018,15:00,Montpellier,Rennes,2,2,D
25/11/2018,17:00,Nice,Lille,2,0,H
25/11/2018,21:00,Amiens,Marseille,1,3,A
30/11/2018,20:45,Saint-Etienne,Nantes,3,0,H
01/12/2018,17:00,Lille,Lyon,2,2,D
01/12/2018,20:00,Angers,Caen,1,1,D
01/12/2018,,Guingamp,Nice,0,0,D
01/12/2018,,Monaco,Montpellier,1,2,A
01/12/2018,,Nimes,Amiens,3,0,H
02/12/2018,15:00,Toulouse,Dijon,2,2,D
02/12/2018,17:00,Marseille,Reims,0,0,D
02/12/2018,,Rennes,Strasbourg,1,4,A
02/12/2018,21:00,Bordeaux,PSG,2,2,D
04/12/2018,19:00,Amiens,Monaco,0,2,A
04/12/2018,,Nice,Angers,0,0,D
04/12/2018,21:00,Montpellier,Lille,0,1,A
05/12/2018,19:00,Bordeaux,Saint-Etienne,3,2,H
05/12/2018,,Caen,Nimes,1,2,A
05/12/2018,,Dijon,Guingamp,2,1,H
05/12/2018,,Lyon,Rennes,0,2,A
05/12/2018,,Nantes,Marseille,3,2,H
05/12/2018,,Reims,Toulouse,0,1,A
05/12/2018,21:00,Strasbourg,PSG,1,1,D
08/12/2018,20:00,Guingamp,Amiens,1,2,A
08/12/2018,,Rennes,Dijon,2,0,H
09/12/2018,15:00,Strasbourg,Caen,2,2,D
09/12/2018,17:00,Lille,Reims,1,1,D
15/01/2019,19:00,Angers,Bordeaux,1,2,A
16/01/2019,19:00,Monaco,Nice,1,1,D
16/01/2019,,Nimes,Nantes,1,0,H
16/01/2019,,Toulouse,Lyon,2,2,D
16/01/2019,21:00,Saint-Etienne,Marseille,2,1,H
20/02/2019,21:00,PSG,Montpellier,5,1,H
15/12/2018,20:00,Reims,Strasbourg,2,1,H
16/12/2018,15:00,Nimes,Lille,2,3,A
16/12/2018,17:00,Nice,Saint-Etienne,1,1,D
16/12/2018,21:00,Lyon,Monaco,3,0,H
18/12/2018,19:30,Caen,Toulouse,2,1,H
08/01/2019,19:00,Amiens,Angers,0,0,D
08/01/2019,,Nantes,Montpellier,2,0,H
16/01/2019,19:00,Guingamp,Rennes,2,1,H
05/02/2019,19:00,Marseille,Bordeaux,1,0,H
12/03/2019,19:00,Dijon,PSG,0,4,A
22/12/2018,21:00,Angers,Marseille,1,1,D
22/12/2018,,Lille,Toulouse,1,2,A
22/12/2018,,Monaco,Guingamp,0,2,A
22/12/2018,,Montpellier,Lyon,1,1,D
22/12/2018,,PSG,Nantes,1,0,H
22/12/2018,,Reims,Caen,2,2,D
22/12/2018,,Rennes,Nimes,4,0,H
22/12/2018,,Saint-Etienne,Dijon,3,0,H
22/12/2018,,Strasbourg,Nice,2,0,H
23/12/2018,17:00,Bordeaux,Amiens,1,1,D
11/01/2019,19:00,Caen,Lille,1,3,A
11/01/2019,20:45,Lyon,Reims,1,1,D
12/01/2019,17:00,Amiens,PSG,0,3,A
12/01/2019,20:00,Guingamp,Saint-Etienne,0,1,A
12/01/2019,,Nice,Bordeaux,1,0,H
13/01/2019,15:00,Nantes,Rennes,0,1,A
13/01/2019,17:00,Dijon,Montpellier,1,1,D
13/01/2019,,Toulouse,Strasbourg,1,2,A
13/01/2019,21:00,Marseille,Monaco,1,1,D
23/01/2019,19:00,Nimes,Angers,3,1,H
18/01/2019,20:45,Lille,Amiens,2,1,H
19/01/2019,17:00,PSG,Guingamp,9,0,H
19/01/2019,20:00,Monaco,Strasbourg,1,5,A
19/01/2019,,Nimes,Toulouse,0,1,A
19/01/2019,,Reims,Nice,1,1,D
20/01/2019,15:00,Rennes,Montpellier,0,0,D
20/01/2019,17:00,Angers,Nantes,1,0,H
20/01/2019,,Caen,Marseille,0,1,A
20/01/2019,19:00,Bordeaux,Dijon,1,0,H
20/01/2019,21:00,Saint-Etienne,Lyon,1,2,A
25/01/2019,20:45,Marseille,Lille,1,2,A
26/01/2019,20:00,Dijon,Monaco,2,0,H
26/01/2019,,Guingamp,Reims,0,1,A
26/01/2019,,Nice,Nimes,2,0,H
26/01/2019,,Strasbourg,Bordeaux,1,0,H
27/01/2019,15:00,Montpellier,Caen,2,0,H
27/01/2019,17:00,Amiens,Lyon,0,1,A
27/01/2019,20:00,Toulouse,Angers,0,0,D
27/01/2019,21:00,PSG,Rennes,4,1,H
30/01/2019,21:00,Nantes,Saint-Etienne,1,1,D
01/02/2019,20:45,Lille,Nice,4,0,H
02/02/2019,20:00,Angers,Dijon,1,0,H
02/02/2019,,Monaco,Toulouse,2,1,H
02/02/2019,,Rennes,Amiens,1,0,H
02/02/2019,21:00,Reims,Marseille,2,1,H
03/02/2019,15:00,Nimes,Montpellier,1,1,D
03/02/2019,21:00,Lyon,PSG,2,1,H
13/02/2019,19:00,Saint-Etienne,Strasbourg,2,1,H
13/02/2019,19:30,Caen,Nantes,0,1,A
20/02/2019,19:00,Bordeaux,Guingamp,0,0,D
08/02/2019,20:45,Dijon,Marseille,1,2,A
09/02/2019,17:00,PSG,Bordeaux,1,0,H
09/02/2019,20:00,Amiens,Caen,1,0,H
09/02/2019,,Strasbourg,Angers,1,2,A
10/02/2019,15:00,Montpellier,Monaco,2,2,D
10/02/2019,,Nantes,Nimes,2,4,A
10/02/2019,,Toulouse,Reims,1,1,D
10/02/2019,17:00,Guingamp,Lille,0,2,A
10/02/2019,,Rennes,Saint-Etienne,3,0,H
10/02/2019,21:00,Nice,Lyon,1,0,H
15/02/2019,19:00,Nimes,Dijon,2,0,H
15/02/2019,20:45,Lyon,Guingamp,2,1,H
16/02/2019,17:00,Marseille,Amiens,2,0,H
16/02/2019,20:00,Angers,Nice,3,0,H
16/02/2019,,Monaco,Nantes,1,0,H
17/02/2019,15:00,Bordeaux,Toulouse,2,1,H
17/02/2019,,Caen,Strasbourg,0,0,D
17/02/2019,,Lille,Montpellier,0,0,D
17/02/2019,17:00,Reims,Rennes,2,0,H
17/02/2019,21:00,Saint-Etienne,PSG,0,1,A
22/02/2019,19:00,Dijon,Saint-Etienne,0,1,A
22/02/2019,20:45,Strasbourg,Lille,1,1,D
23/02/2019,17:00,PSG,Nimes,3,0,H
23/02/2019,20:00,Amiens,Nice,1,0,H
23/02/2019,,Guingamp,Angers,1,0,H
24/02/2019,15:00,Montpellier,Reims,2,4,A
24/02/2019,,Nantes,Bordeaux,1,0,H
24/02/2019,,Toulouse,Caen,1,1,D
24/02/2019,17:00,Rennes,Marseille,1,1,D
24/02/2019,21:00,Monaco,Lyon,2,0,H
02/03/2019,17:00,Caen,PSG,1,2,A
02/03/2019,20:00,Angers,Monaco,2,2,D
02/03/2019,,Reims,Amiens,2,2,D
03/03/2019,15:00,Guingamp,Nantes,0,0,D
03/03/2019,,Lille,Dijon,1,0,H
03/03/2019,,Nice,Strasbourg,1,0,H
03/03/2019,17:00,Lyon,Toulouse,5,1,H
03/03/2019,21:00,Marseille,Saint-Etienne,2,0,H
05/03/2019,19:00,Bordeaux,Montpellier,1,2,A
09/04/2019,19:00,Nimes,Rennes,3,1,H
09/03/2019,17:00,Strasbourg,Lyon,2,2,D
09/03/2019,20:00,Amiens,Nimes,2,1,H
09/03/2019,,Dijon,Reims,1,1,D
09/03/2019,,Monaco,Bordeaux,1,1,D
10/03/2019,15:00,Montpellier,Angers,2,2,D
10/03/2019,,Saint-Etienne,Lille,0,1,A
10/03/2019,,Toulouse,Guingamp,1,0,H
10/03/2019,17:00,Rennes,Caen,3,1,H
10/03/2019,21:00,Marseille,Nice,1,0,H
17/04/2019,19:00,Nantes,PSG,3,2,H
15/03/2019,19:00,Nice,Toulouse,1,1,D
15/03/2019,20:45,Lille,Monaco,0,1,A
16/03/2019,20:00,Angers,Amiens,0,0,D
16/03/2019,,Caen,Saint-Etienne,0,5,A
16/03/2019,,Guingamp,Dijon,1,0,H
16/03/2019,,Nimes,Strasbourg,2,2,D
17/03/2019,14:30,Lyon,Montpellier,3,2,H
17/03/2019,15:00,Reims,Nantes,1,0,H
17/03/2019,17:00,Bordeaux,Rennes,1,1,D
17/03/2019,21:00,PSG,Marseille,3,1,H
29/03/2019,20:45,Rennes,Lyon,0,1,A
30/03/2019,17:00,Marseille,Angers,2,2,D
31/03/2019,15:00,Amiens,Bordeaux,0,0,D
31/03/2019,,Dijon,Nice,0,1,A
31/03/2019,,Monaco,Caen,0,1,A
31/03/2019,17:00,Nantes,Lille,2,3,A
31/03/2019,21:00,Toulouse,PSG,0,1,A
01/04/2019,20:30,Saint-Etienne,Nimes,2,1,H
03/04/2019,19:00,Montpellier,Guingamp,2,0,H
03/04/2019,,Strasbourg,Reims,4,0,H
05/04/2019,20:45,Bordeaux,Marseille,2,0,H
06/04/2019,17:00,Lyon,Dijon,1,3,A
06/04/2019,20:00,Amiens,Saint-Etienne,2,2,D
06/04/2019,,Angers,Rennes,3,3,D
06/04/2019,,Guingamp,Monaco,1,1,D
06/04/2019,,Nimes,Caen,2,0,H
07/04/2019,15:00,Reims,Lille,1,1,D
07/04/2019,,Toulouse,Nantes,1,0,H
07/04/2019,17:00,Nice,Montpellier,1,0,H
07/04/2019,21:00,PSG,Strasbourg,2,2,D
12/04/2019,19:00,Dijon,Amiens,0,0,D
12/04/2019,20:45,Nantes,Lyon,2,1,H
13/04/2019,17:00,Marseille,Nimes,2,1,H
13/04/2019,20:00,Caen,Angers,0,1,A
13/04/2019,,Monaco,Reims,0,0,D
13/04/2019,,Strasbourg,Guingamp,3,3,D
14/04/2019,15:00,Montpellier,Toulouse,2,1,H
14/04/2019,,Rennes,Nice,0,0,D
14/04/2019,17:00,Saint-Etienne,Bordeaux,3,0,H
14/04/2019,21:00,Lille,PSG,5,1,H
19/04/2019,19:00,Dijon,Rennes,3,2,H
19/04/2019,20:45,Lyon,Angers,2,1,H
20/04/2019,17:00,Guingamp,Marseille,1,3,A
20/04/2019,20:00,Nice,Caen,0,1,A
20/04/2019,,Nimes,Bordeaux,2,1,H
20/04/2019,,Strasbourg,Montpellier,1,3,A
21/04/2019,15:00,Nantes,Amiens,3,2,H
21/04/2019,,Toulouse,Lille,0,0,D
21/04/2019,17:00,Reims,Saint-Etienne,0,2,A
21/04/2019,21:00,PSG,Monaco,3,1,H
26/04/2019,20:45,Bordeaux,Lyon,2,3,A
28/04/2019,15:00,Amiens,Strasbourg,0,0,D
28/04/2019,,Angers,Reims,1,1,D
28/04/2019,,Caen,Dijon,1,0,H
28/04/2019,,Lille,Nimes,5,0,H
28/04/2019,,Nice,Guingamp,3,0,H
28/04/2019,17:00,Saint-Etienne,Toulouse,2,0,H
28/04/2019,21:00,Marseille,Nantes,1,2,A
30/04/2019,19:00,Montpellier,PSG,3,2,H
01/05/2019,19:00,Rennes,Monaco,2,2,D
03/05/2019,20:45,Strasbourg,Marseille,1,1,D
04/05/2019,17:00,PSG,Nice,1,1,D
04/05/2019,20:00,Bordeaux,Angers,0,1,A
04/05/2019,,Guingamp,Caen,0,0,D
04/05/2019,,Reims,Nimes,0,3,A
05/05/2019,15:00,Montpellier,Amiens,1,1,D
05/05/2019,,Nantes,Dijon,3,0,H
05/05/2019,,Toulouse,Rennes,2,2,D
05/05/2019,17:00,Monaco,Saint-Etienne,2,3,A
05/05/2019,21:00,Lyon,Lille,2,2,D
10/05/2019,20:45,Saint-Etienne,Montpellier,0,1,A
11/05/2019,17:00,Angers,PSG,1,2,A
11/05/2019,20:00,Amiens,Toulouse,0,0,D
11/05/2019,,Caen,Reims,3,2,H
11/05/2019,,Dijon,Strasbourg,2,1,H
11/05/2019,,Nice,Nantes,1,1,D
11/05/2019,,Nimes,Monaco,1,0,H
12/05/2019,15:00,Rennes,Guingamp,1,1,D
12/05/2019,17:00,Lille,Bordeaux,1,0,H
12/05/2019,21:00,Marseille,Lyon,0,3,A
18/05/2019,21:00,Bordeaux,Reims,0,1,A
18/05/2019,,Guingamp,Nimes,2,2,D
18/05/2019,,Lille,Angers,5,0,H
18/05/2019,,Lyon,Caen,4,0,H
18/05/2019,,Monaco,Amiens,2,0,H
18/05/2019,,Montpellier,Nantes,1,1,D
18/05/2019,,PSG,Dijon,4,0,H
18/05/2019,,Saint-Etienne,Nice,3,0,H
18/05/2019,,Strasbourg,Rennes,0,2,A
18/05/2019,,Toulouse,Marseille,2,5,A
24/05/2019,21:05,Amiens,Guingamp,2,1,H
24/05/2019,,Angers,Saint-Etienne,1,1,D
24/05/2019,,Caen,Bordeaux,0,1,A
24/05/2019,,Dijon,Toulouse,2,1,H
24/05/2019,,Marseille,Montpellier,1,0,H
24/05/2019,,Nantes,Strasbourg,0,1,A
24/05/2019,,Nice,Monaco,2,0,H
24/05/2019,,Nimes,Lyon,2,3,A
24/05/2019,,Reims,PSG,3,1,H
24/05/2019,,Rennes,Lille,3,1,H
09/08/2019,20:45,Monaco,Lyon,0,3,A
10/08/2019,17:30,Marseille,Reims,0,2,A
10/08/2019,20:00,Angers,Bordeaux,3,1,H
10/08/2019,,Dijon,Saint-Etienne,1,2,A
10/08/2019,,Montpellier,Rennes,0,1,A
10/08/2019,,Nice,Amiens,2,1,H
10/08/2019,,Brest,Toulouse,1,1,D
11/08/2019,15:00,Lille,Nantes,2,1,H
11/08/2019,17:00,Strasbourg,Metz,1,1,D
11/08/2019,21:00,PSG,Nimes,3,0,H
16/08/2019,20:45,Lyon,Angers,6,0,H
17/08/2019,17:30,Nantes,Marseille,0,0,D
17/08/2019,20:00,Metz,Monaco,3,0,H
17/08/2019,,Toulouse,Dijon,1,0,H
17/08/2019,,Bordeaux,Montpellier,1,1,D
17/08/2019,,Nimes,Nice,1,2,A
17/08/2019,,Amiens,Lille,1,0,H
18/08/2019,15:00,Saint-Etienne,Brest,1,1,D
18/08/2019,17:00,Reims,Strasbourg,0,0,D
18/08/2019,21:00,Rennes,PSG,2,1,H
24/08/2019,20:00,Dijon,Bordeaux,0,2,A
24/08/2019,,Amiens,Nantes,1,2,A
24/08/2019,,Angers,Metz,3,0,H
24/08/2019,,Brest,Reims,1,0,H
25/08/2019,15:00,Monaco,Nimes,2,2,D
25/08/2019,17:00,Strasbourg,Rennes,0,2,A
25/08/2019,21:00,PSG,Toulouse,4,0,H
27/08/2019,19:00,Montpellier,Lyon,1,0,H
28/08/2019,19:00,Lille,Saint-Etienne,3,0,H
28/08/2019,21:00,Nice,Marseille,1,2,A
30/08/2019,20:45,Metz,PSG,0,2,A
31/08/2019,17:30,Lyon,Bordeaux,1,1,D
31/08/2019,20:00,Nantes,Montpellier,1,0,H
31/08/2019,,Toulouse,Amiens,2,0,H
31/08/2019,,Nimes,Brest,3,0,H
31/08/2019,,Angers,Dijon,2,0,H
01/09/2019,15:00,Reims,Lille,2,0,H
01/09/2019,,Rennes,Nice,1,2,A
01/09/2019,17:00,Strasbourg,Monaco,2,2,D
01/09/2019,21:00,Marseille,Saint-Etienne,1,0,H
13/09/2019,19:00,Lille,Angers,2,1,H
13/09/2019,20:45,Amiens,Lyon,2,2,D
14/09/2019,17:30,PSG,Strasbourg,1,0,H
14/09/2019,20:00,Dijon,Nimes,0,0,D
14/09/2019,,Bordeaux,Metz,2,0,H
14/09/2019,,Montpellier,Nice,2,1,H
14/09/2019,,Brest,Rennes,0,0,D
15/09/2019,15:00,Nantes,Reims,1,0,H
15/09/2019,17:00,Saint-Etienne,Toulouse,2,2,D
15/09/2019,21:00,Monaco,Marseille,3,4,A
20/09/2019,20:45,Strasbourg,Nantes,2,1,H
21/09/2019,17:30,Marseille,Montpellier,1,1,D
21/09/2019,20:00,Metz,Amiens,1,2,A
21/09/2019,,Bordeaux,Brest,2,2,D
21/09/2019,,Nice,Dijon,2,1,H
21/09/2019,,Nimes,Toulouse,1,0,H
21/09/2019,,Reims,Monaco,0,0,D
22/09/2019,15:00,Rennes,Lille,1,1,D
22/09/2019,17:00,Angers,Saint-Etienne,4,1,H
22/09/2019,21:00,Lyon,PSG,0,1,A
24/09/2019,19:00,Dijon,Marseille,0,0,D
24/09/2019,21:00,Monaco,Nice,3,1,H
25/09/2019,19:00,Saint-Etienne,Metz,0,1,A
25/09/2019,,Nantes,Rennes,1,0,H
25/09/2019,,Toulouse,Angers,0,2,A
25/09/2019,,Montpellier,Nimes,1,0,H
25/09/2019,,Lille,Strasbourg,2,0,H
25/09/2019,,Amiens,Bordeaux,1,3,A
25/09/2019,,Brest,Lyon,2,2,D
25/09/2019,21:00,PSG,Reims,0,2,A
28/09/2019,13:30,Lyon,Nantes,0,1,A
28/09/2019,17:30,Bordeaux,PSG,0,1,A
28/09/2019,20:00,Monaco,Brest,4,1,H
28/09/2019,,Metz,Toulouse,2,2,D
28/09/2019,,Nice,Lille,1,1,D
28/09/2019,,Angers,Amiens,1,1,D
28/09/2019,,Reims,Dijon,1,2,A
29/09/2019,15:00,Strasbourg,Montpellier,1,0,H
29/09/2019,17:00,Nimes,Saint-Etienne,0,1,A
29/09/2019,21:00,Marseille,Rennes,1,1,D
04/10/2019,20:45,Amiens,Marseille,3,1,H
05/10/2019,17:30,PSG,Angers,4,0,H
05/10/2019,20:00,Dijon,Strasbourg,1,0,H
05/10/2019,,Nantes,Nice,1,0,H
05/10/2019,,Toulouse,Bordeaux,1,3,A
05/10/2019,,Montpellier,Monaco,3,1,H
05/10/2019,,Brest,Metz,2,0,H
06/10/2019,15:00,Lille,Nimes,2,2,D
06/10/2019,17:00,Rennes,Reims,0,1,A
06/10/2019,21:00,Saint-Etienne,Lyon,1,0,H
18/10/2019,20:45,Nice,PSG,1,4,A
19/10/2019,17:30,Lyon,Dijon,0,0,D
19/10/2019,20:00,Metz,Nantes,1,0,H
19/10/2019,,Toulouse,Lille,2,1,H
19/10/2019,,Nimes,Amiens,1,1,D
19/10/2019,,Angers,Brest,0,1,A
19/10/2019,,Reims,Montpellier,1,0,H
20/10/2019,15:00,Bordeaux,Saint-Etienne,0,1,A
20/10/2019,17:00,Monaco,Rennes,3,2,H
20/10/2019,21:00,Marseille,Strasbourg,2,0,H
25/10/2019,20:45,Nantes,Monaco,0,1,A
26/10/2019,17:30,Lille,Bordeaux,3,0,H
26/10/2019,20:00,Montpellier,Angers,0,0,D
26/10/2019,,Lyon,Metz,2,0,H
26/10/2019,,Strasbourg,Nice,1,0,H
26/10/2019,,Brest,Dijon,2,0,H
26/10/2019,,Reims,Nimes,0,0,D
27/10/2019,15:00,Rennes,Toulouse,3,2,H
27/10/2019,17:00,Saint-Etienne,Amiens,2,2,D
27/10/2019,21:00,PSG,Marseille,4,0,H
01/11/2019,20:45,Dijon,PSG,2,1,H
02/11/2019,17:30,Marseille,Lille,2,1,H
02/11/2019,20:00,Metz,Montpellier,2,2,D
02/11/2019,,Toulouse,Lyon,2,3,A
02/11/2019,,Amiens,Brest,1,0,H
02/11/2019,,Angers,Strasbourg,1,0,H
03/11/2019,15:00,Bordeaux,Nantes,2,0,H
03/11/2019,17:00,Nice,Reims,2,0,H
03/11/2019,21:00,Saint-Etienne,Monaco,1,0,H
15/01/2020,19:00,Nimes,Rennes,0,1,A
08/11/2019,20:45,Nice,Bordeaux,1,1,D
09/11/2019,17:30,Brest,PSG,1,2,A
09/11/2019,20:00,Monaco,Dijon,1,0,H
09/11/2019,,Lille,Metz,0,0,D
09/11/2019,,Strasbourg,Nimes,4,1,H
09/11/2019,,Reims,Angers,0,0,D
10/11/2019,15:00,Rennes,Amiens,3,1,H
10/11/2019,17:00,Nantes,Saint-Etienne,2,3,A
10/11/2019,,Montpellier,Toulouse,3,0,H
10/11/2019,21:00,Marseille,Lyon,2,1,H
22/11/2019,20:45,PSG,Lille,2,0,H
23/11/2019,17:30,Lyon,Nice,2,1,H
23/11/2019,20:00,Dijon,Rennes,2,1,H
23/11/2019,,Metz,Reims,1,1,D
23/11/2019,,Amiens,Strasbourg,0,4,A
23/11/2019,,Angers,Nimes,1,0,H
23/11/2019,,Brest,Nantes,1,1,D
24/11/2019,15:00,Bordeaux,Monaco,2,1,H
24/11/2019,17:00,Saint-Etienne,Montpellier,0,0,D
24/11/2019,21:00,Toulouse,Marseille,0,2,A
29/11/2019,20:45,Marseille,Brest,2,1,H
30/11/2019,17:30,Strasbourg,Lyon,1,2,A
30/11/2019,20:00,Montpellier,Amiens,4,2,H
30/11/2019,,Nice,Angers,3,1,H
30/11/2019,,Nimes,Metz,1,1,D
30/11/2019,,Lille,Dijon,1,0,H
30/11/2019,,Reims,Bordeaux,1,1,D
01/12/2019,15:00,Nantes,Toulouse,2,1,H
01/12/2019,17:00,Rennes,Saint-Etienne,2,1,H
15/01/2020,21:00,Monaco,PSG,1,4,A
03/12/2019,19:00,Bordeaux,Nimes,6,0,H
03/12/2019,,Angers,Marseille,0,2,A
03/12/2019,,Brest,Strasbourg,5,0,H
03/12/2019,21:05,Lyon,Lille,0,1,A
04/12/2019,19:00,Saint-Etienne,Nice,4,1,H
04/12/2019,,Dijon,Montpellier,2,2,D
04/12/2019,,Metz,Rennes,0,1,A
04/12/2019,,Toulouse,Monaco,1,2,A
04/12/2019,21:05,PSG,Nantes,2,0,H
15/01/2020,19:00,Amiens,Reims,1,1,D
06/12/2019,19:00,Lille,Brest,1,0,H
06/12/2019,20:45,Nimes,Lyon,0,4,A
07/12/2019,17:30,Montpellier,PSG,1,3,A
07/12/2019,20:00,Monaco,Amiens,3,0,H
07/12/2019,,Nice,Metz,4,1,H
07/12/2019,,Strasbourg,Toulouse,4,2,H
07/12/2019,,Rennes,Angers,2,1,H
08/12/2019,15:00,Reims,Saint-Etienne,3,1,H
08/12/2019,17:00,Nantes,Dijon,1,0,H
08/12/2019,21:00,Marseille,Bordeaux,3,1,H
13/12/2019,20:45,Lille,Montpellier,2,1,H
14/12/2019,17:30,Metz,Marseille,1,1,D
14/12/2019,20:00,Toulouse,Reims,0,1,A
14/12/2019,,Nimes,Nantes,0,1,A
14/12/2019,,Amiens,Dijon,1,1,D
14/12/2019,,Angers,Monaco,0,0,D
14/12/2019,,Brest,Nice,0,0,D
15/12/2019,15:00,Bordeaux,Strasbourg,0,1,A
15/12/2019,17:00,Lyon,Rennes,0,1,A
15/12/2019,21:00,Saint-Etienne,PSG,0,4,A
21/12/2019,20:45,Monaco,Lille,5,1,H
21/12/2019,,Dijon,Metz,2,2,D
21/12/2019,,Nantes,Angers,1,2,A
21/12/2019,,Montpellier,Brest,4,0,H
21/12/2019,,Nice,Toulouse,3,0,H
21/12/2019,,Marseille,Nimes,3,1,H
21/12/2019,,PSG,Amiens,4,1,H
21/12/2019,,Strasbourg,Saint-Etienne,2,1,H
21/12/2019,,Reims,Lyon,1,1,D
21/12/2019,,Rennes,Bordeaux,1,0,H
10/01/2020,20:45,Rennes,Marseille,0,1,A
11/01/2020,17:30,Bordeaux,Lyon,1,2,A
11/01/2020,20:00,Metz,Strasbourg,1,0,H
11/01/2020,,Toulouse,Brest,2,5,A
11/01/2020,,Nimes,Reims,2,0,H
11/01/2020,,Amiens,Montpellier,1,2,A
11/01/2020,,Angers,Nice,1,1,D
12/01/2020,15:00,Saint-Etienne,Nantes,0,2,A
12/01/2020,17:00,Dijon,Lille,1,0,H
12/01/2020,21:00,PSG,Monaco,3,3,D
24/01/2020,20:45,Nice,Rennes,1,1,D
25/01/2020,17:30,Marseille,Angers,0,0,D
25/01/2020,20:00,Monaco,Strasbourg,1,3,A
25/01/2020,,Saint-Etienne,Nimes,2,1,H
25/01/2020,,Montpellier,Dijon,2,1,H
25/01/2020,,Brest,Amiens,2,1,H
25/01/2020,,Reims,Metz,0,1,A
26/01/2020,15:00,Lyon,Toulouse,3,0,H
26/01/2020,17:00,Nantes,Bordeaux,0,1,A
26/01/2020,21:00,Lille,PSG,0,2,A
31/01/2020,20:45,Rennes,Nantes,3,2,H
01/02/2020,17:30,PSG,Montpellier,5,0,H
01/02/2020,20:00,Dijon,Brest,3,0,H
01/02/2020,,Nimes,Monaco,3,1,H
01/02/2020,,Strasbourg,Lille,1,2,A
01/02/2020,,Amiens,Toulouse,0,0,D
01/02/2020,,Angers,Reims,1,4,A
02/02/2020,15:00,Nice,Lyon,2,1,H
02/02/2020,17:00,Metz,Saint-Etienne,3,1,H
02/02/2020,21:00,Bordeaux,Marseille,0,0,D
04/02/2020,19:00,Monaco,Angers,1,0,H
04/02/2020,,Lille,Rennes,1,0,H
04/02/2020,21:05,Nantes,PSG,1,2,A
05/02/2020,19:00,Toulouse,Strasbourg,0,1,A
05/02/2020,,Montpellier,Metz,1,1,D
05/02/2020,,Nimes,Dijon,2,0,H
05/02/2020,,Lyon,Amiens,0,0,D
05/02/2020,,Brest,Bordeaux,1,1,D
05/02/2020,,Reims,Nice,1,1,D
05/02/2020,21:15,Saint-Etienne,Marseille,0,2,A
07/02/2020,20:45,Angers,Lille,0,2,A
08/02/2020,17:30,Marseille,Toulouse,1,0,H
08/02/2020,20:00,Dijon,Nantes,3,3,D
08/02/2020,,Metz,Bordeaux,1,2,A
08/02/2020,,Nice,Nimes,1,3,A
08/02/2020,,Amiens,Monaco,1,2,A
08/02/2020,,Rennes,Brest,0,0,D
09/02/2020,15:00,Montpellier,Saint-Etienne,1,0,H
09/02/2020,17:00,Strasbourg,Reims,3,0,H
09/02/2020,21:00,PSG,Lyon,4,2,H
14/02/2020,20:45,Monaco,Montpellier,1,0,H
15/02/2020,17:30,Amiens,PSG,4,4,D
15/02/2020,20:00,Nantes,Metz,0,0,D
15/02/2020,,Toulouse,Nice,0,2,A
15/02/2020,,Bordeaux,Dijon,2,2,D
15/02/2020,,Nimes,Angers,1,0,H
16/02/2020,15:00,Lyon,Strasbourg,1,1,D
16/02/2020,17:00,Brest,Saint-Etienne,3,2,H
16/02/2020,,Reims,Rennes,1,0,H
16/02/2020,21:00,Lille,Marseille,1,2,A
21/02/2020,19:00,Nice,Brest,2,2,D
21/02/2020,20:45,Metz,Lyon,0,2,A
22/02/2020,17:30,Marseille,Nantes,1,3,A
22/02/2020,20:00,Dijon,Monaco,1,1,D
22/02/2020,,Lille,Toulouse,3,0,H
22/02/2020,,Strasbourg,Amiens,0,0,D
22/02/2020,,Angers,Montpellier,1,0,H
23/02/2020,15:00,Saint-Etienne,Reims,1,1,D
23/02/2020,17:00,Rennes,Nimes,2,1,H
23/02/2020,21:00,PSG,Bordeaux,4,3,H
28/02/2020,20:45,Nimes,Marseille,2,3,A
29/02/2020,17:30,PSG,Dijon,4,0,H
29/02/2020,20:00,Monaco,Reims,1,1,D
29/02/2020,,Toulouse,Rennes,0,2,A
29/02/2020,,Montpellier,Strasbourg,3,0,H
29/02/2020,,Amiens,Metz,0,1,A
29/02/2020,,Brest,Angers,0,1,A
01/03/2020,15:00,Nantes,Lille,0,1,A
01/03/2020,17:00,Bordeaux,Nice,1,1,D
01/03/2020,21:00,Lyon,Saint-Etienne,2,0,H
06/03/2020,21:00,Marseille,Amiens,2,2,D
07/03/2020,20:00,Dijon,Toulouse,2,1,H
07/03/2020,,Metz,Nimes,2,1,H
07/03/2020,,Nice,Monaco,2,1,H
07/03/2020,,Angers,Nantes,2,0,H
07/03/2020,,Reims,Brest,1,0,H
08/03/2020,15:00,Saint-Etienne,Bordeaux,1,1,D
08/03/2020,17:00,Rennes,Montpellier,5,0,H
08/03/2020,21:00,Lille,Lyon,1,0,H
21/08/2020,19:00,Bordeaux,Nantes,0,0,D
22/08/2020,17:00,Dijon,Angers,0,1,A
22/08/2020,21:00,Lille,Rennes,1,1,D
23/08/2020,13:00,Monaco,Reims,2,2,D
23/08/2020,15:00,Lorient,Strasbourg,3,1,H
23/08/2020,,Nimes,Brest,4,0,H
23/08/2020,17:00,Nice,Lens,2,1,H
15/09/2020,21:00,Montpellier,Lyon,2,1,H
16/09/2020,21:00,PSG,Metz,1,0,H
17/09/2020,21:00,Marseille,Saint-Etienne,0,2,A
28/08/2020,21:00,Lyon,Dijon,4,1,H
29/08/2020,17:00,Rennes,Montpellier,2,1,H
29/08/2020,21:00,Strasbourg,Nice,0,2,A
30/08/2020,13:00,Reims,Lille,0,1,A
30/08/2020,15:00,Angers,Bordeaux,0,2,A
30/08/2020,,Metz,Monaco,0,1,A
30/08/2020,,Nantes,Nimes,2,1,H
30/08/2020,,Saint-Etienne,Lorient,2,0,H
30/08/2020,21:00,Brest,Marseille,2,3,A
10/09/2020,21:00,Lens,PSG,1,0,H
11/09/2020,21:00,Bordeaux,Lyon,0,0,D
12/09/2020,17:00,Montpellier,Nice,3,1,H
12/09/2020,21:00,Saint-Etienne,Strasbourg,2,0,H
13/09/2020,13:00,Lille,Metz,1,0,H
13/09/2020,15:00,Angers,Reims,1,0,H
13/09/2020,,Dijon,Brest,0,2,A
13/09/2020,,Lorient,Lens,2,3,A
13/09/2020,,Nimes,Rennes,2,4,A
13/09/2020,17:00,Monaco,Nantes,2,1,H
13/09/2020,21:00,PSG,Marseille,0,1,A
18/09/2020,21:00,Lyon,Nimes,0,0,D
19/09/2020,17:00,Lens,Bordeaux,2,1,H
19/09/2020,21:00,Rennes,Monaco,2,1,H
20/09/2020,13:00,Nice,PSG,0,3,A
20/09/2020,15:00,Brest,Lorient,3,2,H
20/09/2020,,Metz,Reims,2,1,H
20/09/2020,,Montpellier,Angers,4,1,H
20/09/2020,,Strasbourg,Dijon,1,0,H
20/09/2020,17:00,Nantes,Saint-Etienne,2,2,D
20/09/2020,21:00,Marseille,Lille,1,1,D
25/09/2020,21:00,Lille,Nantes,2,0,H
26/09/2020,17:00,Saint-Etienne,Rennes,0,3,A
26/09/2020,21:00,Marseille,Metz,1,1,D
27/09/2020,13:00,Bordeaux,Nice,0,0,D
27/09/2020,15:00,Angers,Brest,3,2,H
27/09/2020,,Dijon,Montpellier,2,2,D
27/09/2020,,Monaco,Strasbourg,3,2,H
27/09/2020,,Nimes,Lens,1,1,D
27/09/2020,17:00,Lorient,Lyon,1,1,D
27/09/2020,21:00,Reims,PSG,0,2,A
02/10/2020,21:00,PSG,Angers,6,1,H
03/10/2020,17:00,Lens,Saint-Etienne,2,0,H
03/10/2020,21:00,Nice,Nantes,2,1,H
04/10/2020,13:00,Montpellier,Nimes,0,1,A
04/10/2020,15:00,Bordeaux,Dijon,3,0,H
04/10/2020,,Brest,Monaco,1,0,H
04/10/2020,,Metz,Lorient,3,1,H
04/10/2020,,Strasbourg,Lille,0,3,A
04/10/2020,17:00,Rennes,Reims,2,2,D
04/10/2020,21:00,Lyon,Marseille,1,1,D
16/10/2020,19:00,Dijon,Rennes,1,1,D
16/10/2020,21:00,Nimes,PSG,0,4,A
17/10/2020,17:00,Reims,Lorient,1,3,A
17/10/2020,21:00,Marseille,Bordeaux,3,1,H
18/10/2020,13:00,Strasbourg,Lyon,2,3,A
18/10/2020,15:00,Angers,Metz,1,1,D
18/10/2020,,Monaco,Montpellier,1,1,D
18/10/2020,,Nantes,Brest,3,1,H
18/10/2020,17:00,Saint-Etienne,Nice,1,3,A
18/10/2020,21:00,Lille,Lens,4,0,H
23/10/2020,21:00,Rennes,Angers,1,2,A
24/10/2020,17:00,Lorient,Marseille,0,1,A
24/10/2020,21:00,PSG,Dijon,4,0,H
25/10/2020,15:00,Bordeaux,Nimes,2,0,H
25/10/2020,,Brest,Strasbourg,0,3,A
25/10/2020,,Metz,Saint-Etienne,2,0,H
25/10/2020,,Montpellier,Reims,0,4,A
25/10/2020,17:00,Nice,Lille,1,1,D
25/10/2020,21:00,Lyon,Monaco,4,1,H
25/11/2020,19:00,Lens,Nantes,1,1,D
31/10/2020,17:00,Rennes,Brest,2,1,H
31/10/2020,21:00,Nantes,PSG,0,3,A
01/11/2020,13:00,Saint-Etienne,Montpellier,0,1,A
01/11/2020,15:00,Angers,Nice,0,3,A
01/11/2020,,Dijon,Lorient,0,0,D
01/11/2020,,Nimes,Metz,0,1,A
01/11/2020,,Reims,Strasbourg,2,1,H
01/11/2020,17:00,Monaco,Bordeaux,4,0,H
01/11/2020,21:00,Lille,Lyon,1,1,D
20/01/2021,21:00,Marseille,Lens,0,1,A
06/11/2020,21:00,Strasbourg,Marseille,0,1,A
07/11/2020,17:00,Bordeaux,Montpellier,0,2,A
07/11/2020,21:00,PSG,Rennes,3,0,H
08/11/2020,13:00,Brest,Lille,3,2,H
08/11/2020,15:00,Lens,Reims,4,4,D
08/11/2020,,Lorient,Nantes,0,2,A
08/11/2020,,Metz,Dijon,1,1,D
08/11/2020,,Nimes,Angers,1,5,A
08/11/2020,17:00,Nice,Monaco,1,2,A
08/11/2020,21:00,Lyon,Saint-Etienne,2,1,H
20/11/2020,19:00,Rennes,Bordeaux,0,1,A
20/11/2020,21:00,Monaco,PSG,3,2,H
21/11/2020,17:00,Brest,Saint-Etienne,4,1,H
22/11/2020,13:00,Nantes,Metz,1,1,D
22/11/2020,15:00,Dijon,Lens,0,1,A
22/11/2020,,Montpellier,Strasbourg,4,3,H
22/11/2020,,Reims,Nimes,0,1,A
22/11/2020,17:00,Angers,Lyon,0,1,A
22/11/2020,21:00,Lille,Lorient,4,0,H
17/02/2021,21:00,Marseille,Nice,3,2,H
27/11/2020,21:00,Strasbourg,Rennes,1,1,D
28/11/2020,17:00,Marseille,Nantes,3,1,H
28/11/2020,21:00,PSG,Bordeaux,2,2,D
29/11/2020,13:00,Lyon,Reims,3,0,H
29/11/2020,15:00,Lens,Angers,1,3,A
29/11/2020,,Lorient,Montpellier,0,1,A
29/11/2020,,Metz,Brest,0,2,A
29/11/2020,,Monaco,Nimes,3,0,H
29/11/2020,17:00,Nice,Dijon,1,3,A
29/11/2020,21:00,Saint-Etienne,Lille,1,1,D
04/12/2020,21:00,Nimes,Marseille,0,2,A
05/12/2020,17:00,Rennes,Lens,0,2,A
05/12/2020,21:00,Montpellier,PSG,1,3,A
06/12/2020,13:00,Lille,Monaco,2,1,H
06/12/2020,15:00,Angers,Lorient,2,0,H
06/12/2020,,Bordeaux,Brest,1,0,H
06/12/2020,,Dijon,Saint-Etienne,0,0,D
06/12/2020,,Nantes,Strasbourg,0,4,A
06/12/2020,17:00,Reims,Nice,0,0,D
06/12/2020,21:00,Metz,Lyon,1,3,A
11/12/2020,21:00,Saint-Etienne,Angers,0,0,D
12/12/2020,17:00,Marseille,Monaco,2,1,H
12/12/2020,21:00,Lens,Montpellier,2,3,A
13/12/2020,13:00,Nice,Rennes,0,1,A
13/12/2020,15:00,Brest,Reims,2,1,H
13/12/2020,,Lorient,Nimes,3,0,H
13/12/2020,,Nantes,Dijon,1,1,D
13/12/2020,,Strasbourg,Metz,2,2,D
13/12/2020,17:00,Lille,Bordeaux,2,1,H
13/12/2020,21:00,PSG,Lyon,0,1,A
16/12/2020,19:00,Angers,Strasbourg,0,2,A
16/12/2020,,Dijon,Lille,0,2,A
16/12/2020,,Montpellier,Metz,0,2,A
16/12/2020,,Nimes,Nice,0,2,A
16/12/2020,,Reims,Nantes,3,2,H
16/12/2020,21:00,Bordeaux,Saint-Etienne,1,2,A
16/12/2020,,Lyon,Brest,2,2,D
16/12/2020,,Monaco,Lens,0,3,A
16/12/2020,,PSG,Lorient,2,0,H
16/12/2020,,Rennes,Marseille,2,1,H
19/12/2020,17:00,Metz,Lens,2,0,H
19/12/2020,19:00,Marseille,Reims,1,1,D
19/12/2020,21:00,Nice,Lyon,1,4,A
20/12/2020,13:00,Brest,Montpellier,2,2,D
20/12/2020,15:00,Dijon,Monaco,0,1,A
20/12/2020,,Nantes,Angers,1,1,D
20/12/2020,,Saint-Etienne,Nimes,2,2,D
20/12/2020,,Strasbourg,Bordeaux,0,2,A
20/12/2020,17:00,Lorient,Rennes,0,3,A
20/12/2020,21:00,Lille,PSG,0,0,D
23/12/2020,19:00,Bordeaux,Reims,1,3,A
23/12/2020,,Lens,Brest,2,1,H
23/12/2020,,Nice,Lorient,2,2,D
23/12/2020,,Nimes,Dijon,1,3,A
23/12/2020,,Rennes,Metz,1,0,H
23/12/2020,21:00,Angers,Marseille,2,1,H
23/12/2020,,Lyon,Nantes,3,0,H
23/12/2020,,Monaco,Saint-Etienne,2,2,D
23/12/2020,,Montpellier,Lille,2,3,A
23/12/2020,,PSG,Strasbourg,4,0,H
06/01/2021,19:00,Brest,Nice,2,0,H
06/01/2021,,Lorient,Monaco,2,5,A
06/01/2021,,Metz,Bordeaux,0,0,D
06/01/2021,,Nantes,Rennes,0,0,D
06/01/2021,,Strasbourg,Nimes,5,0,H
06/01/2021,21:00,Lille,Angers,1,2,A
06/01/2021,,Lyon,Lens,3,2,H
06/01/2021,,Marseille,Montpellier,3,1,H
06/01/2021,,Reims,Dijon,0,0,D
06/01/2021,,Saint-Etienne,PSG,1,1,D
09/01/2021,21:00,Bordeaux,Lorient,2,1,H
09/01/2021,,Dijon,Marseille,0,0,D
09/01/2021,,Lens,Strasbourg,0,1,A
09/01/2021,,Metz,Nice,1,1,D
09/01/2021,,Monaco,Angers,3,0,H
09/01/2021,,Montpellier,Nantes,1,1,D
09/01/2021,,Nimes,Lille,0,1,A
09/01/2021,,PSG,Brest,3,0,H
09/01/2021,,Reims,Saint-Etienne,3,1,H
09/01/2021,,Rennes,Lyon,2,2,D
15/01/2021,21:00,Montpellier,Monaco,2,3,A
16/01/2021,17:00,Marseille,Nimes,1,2,A
16/01/2021,21:00,Angers,PSG,0,1,A
17/01/2021,13:00,Brest,Rennes,1,2,A
17/01/2021,15:00,Nantes,Lens,1,1,D
17/01/2021,,Nice,Bordeaux,0,3,A
17/01/2021,,Strasbourg,Saint-Etienne,1,0,H
17/01/2021,17:00,Lille,Reims,2,1,H
17/01/2021,21:00,Lyon,Metz,0,1,A
27/01/2021,21:00,Lorient,Dijon,3,2,H
22/01/2021,21:00,PSG,Montpellier,4,0,H
23/01/2021,17:00,Lens,Nice,0,1,A
23/01/2021,21:00,Monaco,Marseille,3,1,H
24/01/2021,13:00,Bordeaux,Angers,2,1,H
24/01/2021,15:00,Dijon,Strasbourg,1,1,D
24/01/2021,,Metz,Nantes,2,0,H
24/01/2021,,Reims,Brest,1,0,H
24/01/2021,17:00,Rennes,Lille,0,1,A
24/01/2021,21:00,Saint-Etienne,Lyon,0,5,A
24/02/2021,19:00,Nimes,Lorient,1,0,H
29/01/2021,21:00,Lyon,Bordeaux,2,1,H
30/01/2021,17:00,Montpellier,Lens,1,2,A
31/01/2021,13:00,Nice,Saint-Etienne,0,1,A
31/01/2021,15:00,Angers,Nimes,3,1,H
31/01/2021,,Brest,Metz,2,4,A
31/01/2021,,Lorient,PSG,3,2,H
31/01/2021,,Strasbourg,Reims,0,1,A
31/01/2021,17:00,Lille,Dijon,1,0,H
31/01/2021,21:00,Nantes,Monaco,1,2,A
10/03/2021,19:00,Marseille,Rennes,1,0,H
03/02/2021,19:00,Bordeaux,Lille,0,3,A
03/02/2021,,Metz,Montpellier,1,1,D
03/02/2021,,Reims,Angers,0,0,D
03/02/2021,,Rennes,Lorient,1,1,D
03/02/2021,,Strasbourg,Brest,2,2,D
03/02/2021,21:00,Dijon,Lyon,0,1,A
03/02/2021,,Lens,Marseille,2,2,D
03/02/2021,,PSG,Nimes,3,0,H
03/02/2021,,Saint-Etienne,Nantes,1,1,D
03/02/2021,,Monaco,Nice,2,1,H
06/02/2021,17:00,Lorient,Reims,1,0,H
06/02/2021,19:00,Lyon,Strasbourg,3,0,H
06/02/2021,21:00,Lens,Rennes,0,0,D
07/02/2021,13:00,Brest,Bordeaux,2,1,H
07/02/2021,15:00,Montpellier,Dijon,4,2,H
07/02/2021,,Nice,Angers,3,0,H
07/02/2021,,Nimes,Monaco,3,4,A
07/02/2021,,Saint-Etienne,Metz,1,0,H
07/02/2021,17:00,Nantes,Lille,0,2,A
07/02/2021,21:00,Marseille,PSG,0,2,A
13/02/2021,17:00,PSG,Nice,2,1,H
13/02/2021,19:00,Reims,Lens,1,1,D
13/02/2021,21:00,Lyon,Montpellier,1,2,A
14/02/2021,13:00,Monaco,Lorient,2,2,D
14/02/2021,15:00,Angers,Nantes,1,3,A
14/02/2021,,Dijon,Nimes,0,2,A
14/02/2021,,Metz,Strasbourg,1,2,A
14/02/2021,,Rennes,Saint-Etienne,0,2,A
14/02/2021,17:00,Lille,Brest,0,0,D
14/02/2021,21:00,Bordeaux,Marseille,0,0,D
19/02/2021,21:00,Brest,Lyon,2,3,A
20/02/2021,13:00,Saint-Etienne,Reims,1,1,D
20/02/2021,17:00,Nantes,Marseille,1,1,D
21/02/2021,13:00,Montpellier,Rennes,2,1,H
21/02/2021,15:00,Lens,Dijon,2,1,H
21/02/2021,,Nice,Metz,1,2,A
21/02/2021,,Nimes,Bordeaux,2,0,H
21/02/2021,,Strasbourg,Angers,0,0,D
21/02/2021,17:00,Lorient,Lille,1,4,A
21/02/2021,21:00,PSG,Monaco,0,2,A
26/02/2021,21:00,Rennes,Nice,1,2,A
27/02/2021,13:00,Bordeaux,Metz,1,2,A
27/02/2021,17:00,Dijon,PSG,0,4,A
28/02/2021,13:00,Monaco,Brest,2,0,H
28/02/2021,15:00,Angers,Lens,2,2,D
28/02/2021,,Lorient,Saint-Etienne,2,1,H
28/02/2021,,Nimes,Nantes,1,1,D
28/02/2021,,Reims,Montpellier,0,0,D
28/02/2021,17:00,Lille,Strasbourg,1,1,D
28/02/2021,21:00,Marseille,Lyon,1,1,D
03/03/2021,19:00,Brest,Dijon,3,1,H
03/03/2021,,Lyon,Rennes,1,0,H
03/03/2021,,Metz,Angers,0,1,A
03/03/2021,,Nice,Nimes,2,1,H
03/03/2021,,Saint-Etienne,Lens,2,3,A
03/03/2021,21:00,Bordeaux,PSG,0,1,A
03/03/2021,,Lille,Marseille,2,0,H
03/03/2021,,Montpellier,Lorient,1,1,D
03/03/2021,,Nantes,Reims,1,2,A
03/03/2021,,Strasbourg,Monaco,1,0,H
12/03/2021,21:00,Reims,Lyon,1,1,D
13/03/2021,13:00,Angers,Saint-Etienne,0,1,A
13/03/2021,17:00,Marseille,Brest,3,1,H
14/03/2021,13:00,Nimes,Montpellier,1,1,D
14/03/2021,15:00,Dijon,Bordeaux,1,3,A
14/03/2021,,Lens,Metz,2,2,D
14/03/2021,,Lorient,Nice,1,1,D
14/03/2021,,Rennes,Strasbourg,1,0,H
14/03/2021,17:05,Monaco,Lille,0,0,D
14/03/2021,21:00,PSG,Nantes,1,2,A
19/03/2021,21:00,Saint-Etienne,Monaco,0,4,A
20/03/2021,13:00,Metz,Rennes,1,3,A
20/03/2021,17:00,Nice,Marseille,3,0,H
21/03/2021,13:00,Strasbourg,Lens,1,2,A
21/03/2021,15:00,Brest,Angers,0,0,D
21/03/2021,,Dijon,Reims,0,1,A
21/03/2021,,Montpellier,Bordeaux,3,1,H
21/03/2021,,Nantes,Lorient,1,1,D
21/03/2021,17:05,Lille,Nimes,1,2,A
21/03/2021,21:00,Lyon,PSG,2,4,A
03/04/2021,13:00,Monaco,Metz,4,0,H
03/04/2021,17:00,PSG,Lille,0,1,A
03/04/2021,21:00,Lens,Lyon,1,1,D
04/04/2021,13:00,Angers,Montpellier,1,1,D
04/04/2021,15:00,Bordeaux,Strasbourg,2,3,A
04/04/2021,,Lorient,Brest,1,0,H
04/04/2021,,Nantes,Nice,1,2,A
04/04/2021,,Reims,Rennes,2,2,D
04/04/2021,17:05,Nimes,Saint-Etienne,0,2,A
04/04/2021,21:00,Marseille,Dijon,2,0,H
09/04/2021,21:00,Metz,Lille,0,2,A
10/04/2021,17:00,Strasbourg,PSG,1,4,A
10/04/2021,21:00,Montpellier,Marseille,3,3,D
11/04/2021,13:00,Rennes,Nantes,1,0,H
11/04/2021,15:00,Brest,Nimes,1,1,D
11/04/2021,,Lens,Lorient,4,1,H
11/04/2021,,Nice,Reims,0,0,D
11/04/2021,,Saint-Etienne,Bordeaux,4,1,H
11/04/2021,17:05,Monaco,Dijon,3,0,H
11/04/2021,21:00,Lyon,Angers,3,0,H
16/04/2021,21:00,Lille,Montpellier,1,1,D
17/04/2021,12:45,Angers,Rennes,0,3,A
17/04/2021,17:00,Marseille,Lorient,3,2,H
18/04/2021,13:00,PSG,Saint-Etienne,3,2,H
18/04/2021,15:00,Brest,Lens,1,1,D
18/04/2021,,Dijon,Nice,2,0,H
18/04/2021,,Nimes,Strasbourg,1,1,D
18/04/2021,,Reims,Metz,0,0,D
18/04/2021,17:05,Bordeaux,Monaco,0,3,A
18/04/2021,21:00,Nantes,Lyon,1,2,A
23/04/2021,21:00,Reims,Marseille,1,3,A
24/04/2021,13:00,Saint-Etienne,Brest,1,2,A
24/04/2021,17:00,Metz,PSG,1,3,A
25/04/2021,13:00,Nice,Montpellier,3,1,H
25/04/2021,15:00,Lens,Nimes,2,1,H
25/04/2021,,Lorient,Bordeaux,4,1,H
25/04/2021,,Rennes,Dijon,5,1,H
25/04/2021,,Strasbourg,Nantes,1,2,A
25/04/2021,17:05,Angers,Monaco,0,1,A
25/04/2021,21:00,Lyon,Lille,2,3,A
30/04/2021,21:00,Marseille,Strasbourg,1,1,D
01/05/2021,17:00,PSG,Lens,2,1,H
01/05/2021,21:00,Lille,Nice,2,0,H
02/05/2021,13:00,Bordeaux,Rennes,1,0,H
02/05/2021,15:00,Brest,Nantes,1,4,A
02/05/2021,,Dijon,Metz,1,5,A
02/05/2021,,Lorient,Angers,2,0,H
02/05/2021,,Nimes,Reims,2,2,D
02/05/2021,17:05,Montpellier,Saint-Etienne,1,2,A
02/05/2021,21:00,Monaco,Lyon,2,3,A
07/05/2021,21:00,Lens,Lille,0,3,A
08/05/2021,13:00,Nantes,Bordeaux,3,0,H
08/05/2021,17:00,Lyon,Lorient,4,1,H
09/05/2021,13:00,Saint-Etienne,Marseille,1,0,H
09/05/2021,15:00,Angers,Dijon,3,0,H
09/05/2021,,Metz,Nimes,0,3,A
09/05/2021,,Nice,Brest,3,2,H
09/05/2021,,Strasbourg,Montpellier,2,3,A
09/05/2021,17:05,Reims,Monaco,0,1,A
09/05/2021,21:00,Rennes,PSG,1,1,D
16/05/2021,21:00,Bordeaux,Lens,3,0,H
16/05/2021,,Dijon,Nantes,0,4,A
16/05/2021,,Lille,Saint-Etienne,0,0,D
16/05/2021,,Lorient,Metz,2,1,H
16/05/2021,,Marseille,Angers,3,2,H
16/05/2021,,Monaco,Rennes,2,1,H
16/05/2021,,Montpellier,Brest,0,0,D
16/05/2021,,Nice,Strasbourg,0,2,A
16/05/2021,,Nimes,Lyon,2,5,A
16/05/2021,,PSG,Reims,4,0,H
23/05/2021,21:00,Angers,Lille,1,2,A
23/05/2021,,Brest,PSG,0,2,A
23/05/2021,,Lens,Monaco,0,0,D
23/05/2021,,Lyon,Nice,2,3,A
23/05/2021,,Metz,Marseille,1,1,D
23/05/2021,,Nantes,Montpellier,1,2,A
23/05/2021,,Reims,Bordeaux,1,2,A
23/05/2021,,Rennes,Nimes,2,0,H
23/05/2021,,Saint-Etienne,Dijon,0,1,A
23/05/2021,,Strasbourg,Lorient,1,1,D
06/08/2021,21:00,Monaco,Nantes,1,1,D
07/08/2021,17:00,Lyon,Brest,1,1,D
07/08/2021,21:00,Troyes,PSG,1,2,A
08/08/2021,13:00,Rennes,Lens,1,1,D
08/08/2021,15:00,Saint-Etienne,Lorient,1,1,D
08/08/2021,,Bordeaux,Clermont,0,2,A
08/08/2021,,Nice,Reims,0,0,D
08/08/2021,,Strasbourg,Angers,0,2,A
08/08/2021,17:00,Metz,Lille,3,3,D
08/08/2021,20:45,Montpellier,Marseille,2,3,A
13/08/2021,21:00,Lorient,Monaco,1,0,H
14/08/2021,17:00,Lille,Nice,0,4,A
14/08/2021,21:00,PSG,Strasbourg,4,2,H
15/08/2021,13:00,Angers,Lyon,3,0,H
15/08/2021,15:00,Clermont,Troyes,2,0,H
15/08/2021,,Nantes,Metz,2,0,H
15/08/2021,,Brest,Rennes,1,1,D
15/08/2021,,Reims,Montpellier,3,3,D
15/08/2021,17:00,Lens,Saint-Etienne,2,2,D
15/08/2021,20:45,Marseille,Bordeaux,2,2,D
20/08/2021,21:00,Brest,PSG,2,4,A
21/08/2021,17:00,Monaco,Lens,0,2,A
21/08/2021,21:00,Saint-Etienne,Lille,1,1,D
22/08/2021,13:00,Lyon,Clermont,3,3,D
22/08/2021,15:00,Metz,Reims,1,1,D
22/08/2021,,Bordeaux,Angers,1,1,D
22/08/2021,,Montpellier,Lorient,3,1,H
22/08/2021,,Strasbourg,Troyes,1,1,D
22/08/2021,17:00,Rennes,Nantes,1,0,H
27/10/2021,21:00,Nice,Marseille,1,1,D
27/08/2021,21:00,Nantes,Lyon,0,1,A
28/08/2021,17:00,Nice,Bordeaux,4,0,H
28/08/2021,21:00,Marseille,Saint-Etienne,3,1,H
29/08/2021,13:00,Troyes,Monaco,1,2,A
29/08/2021,15:00,Clermont,Metz,2,2,D
29/08/2021,,Strasbourg,Brest,3,1,H
29/08/2021,,Lens,Lorient,2,2,D
29/08/2021,,Angers,Rennes,2,0,H
29/08/2021,17:00,Lille,Montpellier,2,1,H
29/08/2021,20:45,Reims,PSG,0,2,A
10/09/2021,21:00,Lorient,Lille,2,1,H
11/09/2021,17:00,PSG,Clermont,4,0,H
11/09/2021,21:00,Monaco,Marseille,0,2,A
12/09/2021,13:00,Montpellier,Saint-Etienne,2,0,H
12/09/2021,15:00,Metz,Troyes,0,2,A
12/09/2021,,Bordeaux,Lens,2,3,A
12/09/2021,,Brest,Angers,1,1,D
12/09/2021,,Rennes,Reims,0,2,A
12/09/2021,17:00,Nantes,Nice,0,2,A
12/09/2021,20:45,Lyon,Strasbourg,3,1,H
17/09/2021,21:00,Strasbourg,Metz,3,0,H
18/09/2021,17:00,Lens,Lille,1,0,H
18/09/2021,21:00,Saint-Etienne,Bordeaux,1,2,A
19/09/2021,13:00,Nice,Monaco,2,2,D
19/09/2021,15:00,Clermont,Brest,1,1,D
19/09/2021,,Troyes,Montpellier,1,1,D
19/09/2021,,Angers,Nantes,1,4,A
19/09/2021,,Reims,Lorient,0,0,D
19/09/2021,17:00,Marseille,Rennes,2,0,H
19/09/2021,20:45,PSG,Lyon,2,1,H
22/09/2021,19:00,Monaco,Saint-Etienne,3,1,H
22/09/2021,,Nantes,Brest,3,1,H
22/09/2021,,Montpellier,Bordeaux,3,3,D
22/09/2021,,Lille,Reims,2,1,H
22/09/2021,,Rennes,Clermont,6,0,H
22/09/2021,21:00,Lorient,Nice,1,0,H
22/09/2021,,Metz,PSG,1,2,A
22/09/2021,,Lyon,Troyes,3,1,H
22/09/2021,,Lens,Strasbourg,0,1,A
22/09/2021,,Angers,Marseille,0,0,D
25/09/2021,17:00,Saint-Etienne,Nice,0,3,A
25/09/2021,19:00,Strasbourg,Lille,1,2,A
25/09/2021,21:00,Lyon,Lorient,1,1,D
25/09/2021,,PSG,Montpellier,2,0,H
26/09/2021,13:00,Bordeaux,Rennes,1,1,D
26/09/2021,15:00,Troyes,Angers,1,1,D
26/09/2021,,Brest,Metz,1,2,A
26/09/2021,,Reims,Nantes,3,1,H
26/09/2021,17:00,Clermont,Monaco,1,3,A
26/09/2021,20:45,Marseille,Lens,2,3,A
01/10/2021,21:00,Lens,Reims,2,0,H
02/10/2021,17:00,Montpellier,Strasbourg,1,1,D
02/10/2021,21:00,Nice,Brest,2,1,H
03/10/2021,13:00,Rennes,PSG,2,0,H
03/10/2021,15:00,Monaco,Bordeaux,3,0,H
03/10/2021,,Lorient,Clermont,1,1,D
03/10/2021,,Nantes,Troyes,2,0,H
03/10/2021,,Angers,Metz,3,2,H
03/10/2021,17:00,Lille,Marseille,2,0,H
03/10/2021,20:45,Saint-Etienne,Lyon,1,1,D
15/10/2021,21:00,PSG,Angers,2,1,H
16/10/2021,17:00,Clermont,Lille,1,0,H
16/10/2021,21:00,Lyon,Monaco,2,0,H
17/10/2021,13:00,Troyes,Nice,1,0,H
17/10/2021,15:00,Metz,Rennes,0,3,A
17/10/2021,,Bordeaux,Nantes,1,1,D
17/10/2021,,Strasbourg,Saint-Etienne,5,1,H
17/10/2021,,Brest,Reims,1,1,D
17/10/2021,17:00,Montpellier,Lens,1,0,H
17/10/2021,20:45,Marseille,Lorient,4,1,H
22/10/2021,21:00,Saint-Etienne,Angers,2,2,D
23/10/2021,17:00,Nantes,Clermont,2,1,H
23/10/2021,21:00,Lille,Brest,1,1,D
24/10/2021,13:00,Nice,Lyon,3,2,H
24/10/2021,15:00,Lorient,Bordeaux,1,1,D
24/10/2021,,Lens,Metz,4,1,H
24/10/2021,,Reims,Troyes,1,2,A
24/10/2021,,Rennes,Strasbourg,1,0,H
24/10/2021,17:00,Monaco,Montpellier,3,1,H
24/10/2021,20:45,Marseille,PSG,0,0,D
29/10/2021,21:00,PSG,Lille,2,1,H
30/10/2021,17:00,Metz,Saint-Etienne,1,1,D
30/10/2021,21:00,Lyon,Lens,2,1,H
31/10/2021,13:00,Angers,Nice,1,2,A
31/10/2021,15:00,Troyes,Rennes,2,2,D
31/10/2021,,Bordeaux,Reims,3,2,H
31/10/2021,,Montpellier,Nantes,2,0,H
31/10/2021,,Strasbourg,Lorient,4,0,H
31/10/2021,17:00,Brest,Monaco,2,0,H
31/10/2021,20:45,Clermont,Marseille,0,1,A
05/11/2021,21:00,Lens,Troyes,4,0,H
06/11/2021,17:00,Lille,Angers,1,1,D
06/11/2021,21:00,Bordeaux,PSG,2,3,A
07/11/2021,13:00,Marseille,Metz,0,0,D
07/11/2021,15:00,Saint-Etienne,Clermont,3,2,H
07/11/2021,,Lorient,Brest,1,2,A
07/11/2021,,Nantes,Strasbourg,2,2,D
07/11/2021,,Reims,Monaco,0,0,D
07/11/2021,17:00,Nice,Montpellier,0,1,A
07/11/2021,20:45,Rennes,Lyon,4,1,H
19/11/2021,21:00,Monaco,Lille,2,2,D
20/11/2021,17:00,PSG,Nantes,3,1,H
20/11/2021,21:00,Rennes,Montpellier,2,0,H
21/11/2021,13:00,Brest,Lens,4,0,H
21/11/2021,15:00,Troyes,Saint-Etienne,0,1,A
21/11/2021,,Metz,Bordeaux,3,3,D
21/11/2021,,Strasbourg,Reims,1,1,D
21/11/2021,,Angers,Lorient,1,0,H
21/11/2021,17:00,Clermont,Nice,1,2,A
01/02/2022,21:00,Lyon,Marseille,2,1,H
26/11/2021,21:00,Lens,Angers,2,2,D
27/11/2021,17:00,Lille,Nantes,1,1,D
27/11/2021,21:00,Nice,Metz,0,1,A
28/11/2021,13:00,Saint-Etienne,PSG,1,3,A
28/11/2021,15:00,Monaco,Strasbourg,1,1,D
28/11/2021,,Lorient,Rennes,0,2,A
28/11/2021,,Bordeaux,Brest,1,2,A
28/11/2021,,Reims,Clermont,1,0,H
28/11/2021,17:00,Montpellier,Lyon,0,1,A
28/11/2021,20:45,Marseille,Troyes,1,0,H
01/12/2021,19:00,Troyes,Lorient,2,0,H
01/12/2021,,Metz,Montpellier,1,3,A
01/12/2021,,Strasbourg,Bordeaux,5,2,H
01/12/2021,,Angers,Monaco,1,3,A
01/12/2021,,Brest,Saint-Etienne,1,0,H
01/12/2021,21:00,Clermont,Lens,2,2,D
01/12/2021,,Nantes,Marseille,0,1,A
01/12/2021,,Lyon,Reims,1,2,A
01/12/2021,,PSG,Nice,0,0,D
01/12/2021,,Rennes,Lille,1,2,A
04/12/2021,17:00,Marseille,Brest,1,2,A
04/12/2021,19:00,Lille,Troyes,2,1,H
04/12/2021,21:00,Lens,PSG,1,1,D
05/12/2021,13:00,Saint-Etienne,Rennes,0,5,A
05/12/2021,15:00,Monaco,Metz,4,0,H
05/12/2021,,Lorient,Nantes,0,1,A
05/12/2021,,Montpellier,Clermont,1,0,H
05/12/2021,,Reims,Angers,1,2,A
05/12/2021,17:00,Nice,Strasbourg,0,3,A
05/12/2021,20:45,Bordeaux,Lyon,2,2,D
10/12/2021,21:00,Nantes,Lens,3,2,H
11/12/2021,17:00,Brest,Montpellier,0,4,A
11/12/2021,21:00,Reims,Saint-Etienne,2,0,H
12/12/2021,13:00,Lille,Lyon,0,0,D
12/12/2021,15:00,Troyes,Bordeaux,1,2,A
12/12/2021,,Metz,Lorient,4,1,H
12/12/2021,,Angers,Clermont,0,1,A
12/12/2021,,Rennes,Nice,1,2,A
12/12/2021,17:00,Strasbourg,Marseille,0,2,A
12/12/2021,20:45,PSG,Monaco,2,0,H
22/12/2021,21:00,Monaco,Rennes,2,1,H
22/12/2021,,Saint-Etienne,Nantes,0,1,A
22/12/2021,,Troyes,Brest,1,1,D
22/12/2021,,Lorient,PSG,1,1,D
22/12/2021,,Bordeaux,Lille,2,3,A
22/12/2021,,Montpellier,Angers,4,1,H
22/12/2021,,Nice,Lens,2,1,H
22/12/2021,,Lyon,Metz,1,1,D
22/12/2021,,Marseille,Reims,1,1,D
19/01/2022,19:00,Clermont,Strasbourg,0,2,A
07/01/2022,21:00,Bordeaux,Marseille,0,1,A
08/01/2022,21:00,Lens,Rennes,1,0,H
09/01/2022,13:00,Brest,Nice,0,3,A
09/01/2022,15:00,Clermont,Reims,0,0,D
09/01/2022,,Metz,Strasbourg,0,2,A
09/01/2022,17:00,Nantes,Monaco,0,0,D
09/01/2022,20:45,Lyon,PSG,1,1,D
19/01/2022,19:00,Montpellier,Troyes,0,1,A
19/01/2022,,Lille,Lorient,3,1,H
26/01/2022,19:00,Angers,Saint-Etienne,0,1,A
14/01/2022,21:00,Nice,Nantes,2,1,H
15/01/2022,17:00,Saint-Etienne,Lens,1,2,A
15/01/2022,21:00,PSG,Brest,2,0,H
16/01/2022,13:00,Rennes,Bordeaux,6,0,H
16/01/2022,15:00,Monaco,Clermont,4,0,H
16/01/2022,,Lorient,Angers,0,0,D
16/01/2022,,Strasbourg,Montpellier,3,1,H
16/01/2022,,Reims,Metz,0,1,A
16/01/2022,17:05,Troyes,Lyon,0,1,A
16/01/2022,20:45,Marseille,Lille,1,1,D
21/01/2022,21:00,Lyon,Saint-Etienne,1,0,H
22/01/2022,17:00,Brest,Lille,2,0,H
22/01/2022,21:00,Lens,Marseille,0,2,A
23/01/2022,13:00,Metz,Nice,0,2,A
23/01/2022,15:00,Clermont,Rennes,2,1,H
23/01/2022,,Nantes,Lorient,4,2,H
23/01/2022,,Bordeaux,Strasbourg,4,3,H
23/01/2022,,Angers,Troyes,2,1,H
23/01/2022,17:05,Montpellier,Monaco,3,2,H
23/01/2022,20:45,PSG,Reims,4,0,H
04/02/2022,21:00,Marseille,Angers,5,2,H
05/02/2022,17:00,Saint-Etienne,Montpellier,3,1,H
05/02/2022,21:00,Monaco,Lyon,2,0,H
06/02/2022,13:00,Lorient,Lens,2,0,H
06/02/2022,15:00,Troyes,Metz,0,0,D
06/02/2022,,Nice,Clermont,0,1,A
06/02/2022,,Strasbourg,Nantes,1,0,H
06/02/2022,,Reims,Bordeaux,5,0,H
06/02/2022,17:00,Rennes,Brest,2,0,H
06/02/2022,20:45,Lille,PSG,1,5,A
11/02/2022,21:00,PSG,Rennes,1,0,H
12/02/2022,17:00,Montpellier,Lille,0,1,A
12/02/2022,21:00,Lyon,Nice,2,0,H
13/02/2022,13:00,Monaco,Lorient,0,0,D
13/02/2022,15:00,Clermont,Saint-Etienne,1,2,A
13/02/2022,,Nantes,Reims,1,0,H
13/02/2022,,Angers,Strasbourg,0,1,A
13/02/2022,,Brest,Troyes,5,1,H
13/02/2022,17:05,Lens,Bordeaux,3,2,H
13/02/2022,20:45,Metz,Marseille,1,2,A
18/02/2022,21:00,Lille,Metz,0,0,D
19/02/2022,17:00,Lens,Lyon,1,1,D
19/02/2022,21:00,Nantes,PSG,3,1,H
20/02/2022,13:00,Nice,Angers,1,0,H
20/02/2022,15:00,Saint-Etienne,Strasbourg,2,2,D
20/02/2022,,Lorient,Montpellier,0,1,A
20/02/2022,,Reims,Brest,1,1,D
20/02/2022,,Rennes,Troyes,4,1,H
20/02/2022,17:05,Bordeaux,Monaco,1,1,D
20/02/2022,20:45,Marseille,Clermont,0,2,A
25/02/2022,21:00,Montpellier,Rennes,2,4,A
26/02/2022,17:00,Strasbourg,Nice,0,0,D
26/02/2022,21:00,PSG,Saint-Etienne,3,1,H
27/02/2022,13:00,Monaco,Reims,1,2,A
27/02/2022,15:00,Clermont,Bordeaux,1,1,D
27/02/2022,,Metz,Nantes,0,0,D
27/02/2022,,Angers,Lens,1,2,A
27/02/2022,,Brest,Lorient,0,1,A
27/02/2022,17:05,Troyes,Marseille,1,1,D
27/02/2022,20:45,Lyon,Lille,0,1,A
04/03/2022,21:00,Lorient,Lyon,1,4,A
05/03/2022,17:00,Lens,Brest,0,1,A
05/03/2022,21:00,Nice,PSG,1,0,H
06/03/2022,13:00,Saint-Etienne,Metz,1,0,H
06/03/2022,15:00,Nantes,Montpellier,2,0,H
06/03/2022,,Bordeaux,Troyes,0,2,A
06/03/2022,,Reims,Strasbourg,1,1,D
06/03/2022,,Rennes,Angers,2,0,H
06/03/2022,17:05,Lille,Clermont,4,0,H
06/03/2022,20:45,Marseille,Monaco,0,1,A
11/03/2022,21:00,Lille,Saint-Etienne,0,0,D
12/03/2022,17:00,Montpellier,Nice,0,0,D
12/03/2022,21:00,Troyes,Nantes,1,0,H
13/03/2022,13:00,PSG,Bordeaux,3,0,H
13/03/2022,15:00,Clermont,Lorient,0,2,A
13/03/2022,,Metz,Lens,0,0,D
13/03/2022,,Strasbourg,Monaco,1,0,H
13/03/2022,,Angers,Reims,0,1,A
13/03/2022,17:05,Lyon,Rennes,2,4,A
13/03/2022,20:45,Brest,Marseille,1,4,A
18/03/2022,21:00,Saint-Etienne,Troyes,1,1,D
19/03/2022,17:00,Lens,Clermont,3,1,H
19/03/2022,21:00,Nantes,Lille,0,1,A
20/03/2022,13:00,Monaco,PSG,3,0,H
20/03/2022,15:00,Lorient,Strasbourg,0,0,D
20/03/2022,,Bordeaux,Montpellier,0,2,A
20/03/2022,,Angers,Brest,1,0,H
20/03/2022,,Rennes,Metz,6,1,H
20/03/2022,17:05,Reims,Lyon,0,0,D
20/03/2022,20:45,Marseille,Nice,2,1,H
02/04/2022,17:00,Nice,Rennes,1,1,D
02/04/2022,19:00,Lille,Bordeaux,0,0,D
03/04/2022,13:00,Strasbourg,Lens,1,0,H
03/04/2022,15:00,Saint-Etienne,Marseille,2,4,A
03/04/2022,,Clermont,Nantes,2,3,A
03/04/2022,,Troyes,Reims,1,0,H
03/04/2022,,Metz,Monaco,1,2,A
03/04/2022,,Montpellier,Brest,1,2,A
03/04/2022,17:05,Lyon,Angers,3,2,H
03/04/2022,20:45,PSG,Lorient,5,1,H
08/04/2022,21:00,Lorient,Saint-Etienne,6,2,H
09/04/2022,17:00,Reims,Rennes,2,3,A
09/04/2022,21:00,Clermont,PSG,1,6,A
10/04/2022,13:00,Bordeaux,Metz,3,1,H
10/04/2022,15:00,Monaco,Troyes,2,1,H
10/04/2022,,Angers,Lille,1,1,D
10/04/2022,,Brest,Nantes,1,1,D
10/04/2022,17:05,Lens,Nice,3,0,H
10/04/2022,19:00,Strasbourg,Lyon,1,1,D
10/04/2022,21:00,Marseille,Montpellier,2,0,H
15/04/2022,21:00,Rennes,Monaco,2,3,A
16/04/2022,17:00,Saint-Etienne,Brest,2,1,H
16/04/2022,21:00,Lille,Lens,1,2,A
17/04/2022,13:00,Nice,Lorient,2,1,H
17/04/2022,15:00,Troyes,Strasbourg,1,1,D
17/04/2022,,Metz,Clermont,1,1,D
17/04/2022,,Nantes,Angers,1,1,D
17/04/2022,,Montpellier,Reims,0,0,D
17/04/2022,17:05,Lyon,Bordeaux,6,1,H
17/04/2022,20:45,PSG,Marseille,2,1,H
20/04/2022,19:00,Monaco,Nice,1,0,H
20/04/2022,,Troyes,Clermont,0,1,A
20/04/2022,,Lorient,Metz,1,0,H
20/04/2022,,Bordeaux,Saint-Etienne,2,2,D
20/04/2022,,Reims,Lille,2,1,H
20/04/2022,21:00,Marseille,Nantes,3,2,H
20/04/2022,,Strasbourg,Rennes,2,1,H
20/04/2022,,Lens,Montpellier,2,0,H
20/04/2022,,Angers,PSG,0,3,A
20/04/2022,,Brest,Lyon,2,1,H
23/04/2022,17:00,Lyon,Montpellier,5,2,H
23/04/2022,19:00,Saint-Etienne,Monaco,1,4,A
23/04/2022,21:00,PSG,Lens,1,1,D
24/04/2022,13:00,Rennes,Lorient,5,0,H
24/04/2022,15:00,Clermont,Angers,2,2,D
24/04/2022,,Metz,Brest,0,1,A
24/04/2022,,Nantes,Bordeaux,5,3,H
24/04/2022,,Nice,Troyes,1,0,H
24/04/2022,17:05,Lille,Strasbourg,1,0,H
24/04/2022,20:45,Reims,Marseille,0,1,A
29/04/2022,21:00,Strasbourg,PSG,3,3,D
30/04/2022,17:00,Lens,Nantes,2,2,D
30/04/2022,21:00,Rennes,Saint-Etienne,2,0,H
01/05/2022,13:00,Troyes,Lille,3,0,H
01/05/2022,15:00,Monaco,Angers,2,0,H
01/05/2022,,Lorient,Reims,1,2,A
01/05/2022,,Montpellier,Metz,2,2,D
01/05/2022,,Brest,Clermont,2,0,H
01/05/2022,17:05,Bordeaux,Nice,0,1,A
01/05/2022,20:45,Marseille,Lyon,0,3,A
06/05/2022,21:00,Lille,Monaco,1,2,A
07/05/2022,17:00,Brest,Strasbourg,0,1,A
08/05/2022,13:00,Metz,Lyon,3,2,H
08/05/2022,15:00,Clermont,Montpellier,2,1,H
08/05/2022,,Angers,Bordeaux,4,1,H
08/05/2022,,Reims,Lens,1,2,A
08/05/2022,17:05,Lorient,Marseille,0,3,A
08/05/2022,20:45,PSG,Troyes,2,2,D
11/05/2022,19:00,Nice,Saint-Etienne,4,2,H
11/05/2022,21:00,Nantes,Rennes,2,1,H
14/05/2022,21:00,Monaco,Brest,4,2,H
14/05/2022,,Saint-Etienne,Reims,1,2,A
14/05/2022,,Troyes,Lens,1,3,A
14/05/2022,,Metz,Angers,1,0,H
14/05/2022,,Bordeaux,Lorient,0,0,D
14/05/2022,,Montpellier,PSG,0,4,A
14/05/2022,,Nice,Lille,1,3,A
14/05/2022,,Lyon,Nantes,3,2,H
14/05/2022,,Strasbourg,Clermont,1,0,H
14/05/2022,,Rennes,Marseille,2,0,H
21/05/2022,21:00,Clermont,Lyon,1,2,A
21/05/2022,,Lorient,Troyes,1,1,D
21/05/2022,,Nantes,Saint-Etienne,1,1,D
21/05/2022,,Marseille,Strasbourg,4,0,H
21/05/2022,,Lille,Rennes,2,2,D
21/05/2022,,PSG,Metz,5,0,H
21/05/2022,,Lens,Monaco,2,2,D
21/05/2022,,Angers,Montpellier,2,0,H
21/05/2022,,Brest,Bordeaux,2,4,A
21/05/2022,,Reims,Nice,2,3,A
05/08/2022,21:00,Lyon,Ajaccio,2,1,H
06/08/2022,17:00,Strasbourg,Monaco,1,2,A
06/08/2022,21:00,Clermont,PSG,0,5,A
07/08/2022,13:00,Toulouse,Nice,1,1,D
07/08/2022,15:00,Montpellier,Troyes,3,2,H
07/08/2022,,Lille,Auxerre,4,1,H
07/08/2022,,Lens,Brest,3,2,H
07/08/2022,,Angers,Nantes,0,0,D
07/08/2022,17:05,Rennes,Lorient,0,1,A
07/08/2022,20:45,Marseille,Reims,4,1,H
12/08/2022,21:00,Nantes,Lille,1,1,D
13/08/2022,17:00,Monaco,Rennes,1,1,D
13/08/2022,21:00,PSG,Montpellier,5,2,H
14/08/2022,15:00,Ajaccio,Lens,0,0,D
14/08/2022,,Auxerre,Angers,2,2,D
14/08/2022,,Troyes,Toulouse,0,3,A
14/08/2022,,Reims,Clermont,2,4,A
14/08/2022,17:05,Nice,Strasbourg,1,1,D
14/08/2022,20:45,Brest,Marseille,1,1,D
07/09/2022,19:00,Lorient,Lyon,3,1,H
19/08/2022,21:00,Lyon,Troyes,4,1,H
20/08/2022,17:00,Monaco,Lens,1,4,A
20/08/2022,21:00,Marseille,Nantes,2,1,H
21/08/2022,13:00,Strasbourg,Reims,1,1,D
21/08/2022,15:00,Clermont,Nice,1,0,H
21/08/2022,,Toulouse,Lorient,2,2,D
21/08/2022,,Montpellier,Auxerre,1,2,A
21/08/2022,,Angers,Brest,1,3,A
21/08/2022,17:05,Rennes,Ajaccio,2,1,H
21/08/2022,20:45,Lille,PSG,1,7,A
26/08/2022,21:00,Ajaccio,Lille,1,3,A
27/08/2022,17:00,Auxerre,Strasbourg,1,0,H
27/08/2022,21:00,Lens,Rennes,2,1,H
28/08/2022,13:00,Nantes,Toulouse,3,1,H
28/08/2022,15:00,Troyes,Angers,3,1,H
28/08/2022,,Lorient,Clermont,2,1,H
28/08/2022,,Nice,Marseille,0,3,A
28/08/2022,,Brest,Montpellier,0,7,A
28/08/2022,17:05,Reims,Lyon,1,1,D
28/08/2022,20:45,PSG,Monaco,1,1,D
31/08/2022,19:00,Monaco,Troyes,2,4,A
31/08/2022,,Montpellier,Ajaccio,2,0,H
31/08/2022,,Lyon,Auxerre,2,1,H
31/08/2022,,Strasbourg,Nantes,1,1,D
31/08/2022,,Angers,Reims,2,4,A
31/08/2022,21:00,Toulouse,PSG,0,3,A
31/08/2022,,Marseille,Clermont,1,0,H
31/08/2022,,Lille,Nice,1,2,A
31/08/2022,,Lens,Lorient,5,2,H
31/08/2022,,Rennes,Brest,3,1,H
03/09/2022,17:00,Auxerre,Marseille,0,2,A
03/09/2022,19:00,Lyon,Angers,5,0,H
03/09/2022,21:00,Nantes,PSG,0,3,A
04/09/2022,13:00,Montpellier,Lille,1,3,A
04/09/2022,15:00,Ajaccio,Lorient,0,1,A
04/09/2022,,Clermont,Toulouse,2,0,H
04/09/2022,,Brest,Strasbourg,1,1,D
04/09/2022,,Reims,Lens,1,1,D
04/09/2022,17:05,Troyes,Rennes,1,1,D
04/09/2022,20:45,Nice,Monaco,0,1,A
09/09/2022,21:00,Lens,Troyes,1,0,H
10/09/2022,17:00,PSG,Brest,1,0,H
10/09/2022,21:00,Marseille,Lille,2,1,H
11/09/2022,13:00,Strasbourg,Clermont,0,0,D
11/09/2022,15:00,Ajaccio,Nice,0,1,A
11/09/2022,,Lorient,Nantes,3,2,H
11/09/2022,,Toulouse,Reims,1,0,H
11/09/2022,,Angers,Montpellier,2,1,H
11/09/2022,17:05,Rennes,Auxerre,5,0,H
11/09/2022,20:45,Monaco,Lyon,2,1,H
16/09/2022,21:00,Auxerre,Lorient,1,3,A
17/09/2022,17:00,Montpellier,Strasbourg,2,1,H
17/09/2022,21:00,Lille,Toulouse,2,1,H
18/09/2022,13:00,Reims,Monaco,0,3,A
18/09/2022,15:00,Clermont,Troyes,1,3,A
18/09/2022,,Nice,Angers,0,1,A
18/09/2022,,Marseille,Rennes,1,1,D
18/09/2022,,Brest,Ajaccio,0,1,A
18/09/2022,17:05,Nantes,Lens,0,0,D
18/09/2022,20:45,Lyon,PSG,0,1,A
30/09/2022,21:00,Angers,Marseille,0,3,A
01/10/2022,17:00,Strasbourg,Rennes,1,3,A
01/10/2022,21:00,PSG,Nice,2,1,H
02/10/2022,13:00,Lorient,Lille,2,1,H
02/10/2022,15:00,Ajaccio,Clermont,1,3,A
02/10/2022,,Auxerre,Brest,1,1,D
02/10/2022,,Troyes,Reims,2,2,D
02/10/2022,,Toulouse,Montpellier,4,2,H
02/10/2022,17:05,Monaco,Nantes,4,1,H
02/10/2022,20:45,Lens,Lyon,1,0,H
07/10/2022,21:00,Lyon,Toulouse,1,1,D
08/10/2022,17:00,Marseille,Ajaccio,1,2,A
08/10/2022,21:00,Reims,PSG,0,0,D
09/10/2022,13:00,Montpellier,Monaco,0,2,A
09/10/2022,15:00,Clermont,Auxerre,2,1,H
09/10/2022,,Nice,Troyes,3,2,H
09/10/2022,,Angers,Strasbourg,2,3,A
09/10/2022,,Brest,Lorient,1,2,A
09/10/2022,17:05,Rennes,Nantes,3,0,H
09/10/2022,20:45,Lille,Lens,1,0,H
14/10/2022,21:00,Strasbourg,Lille,0,3,A
15/10/2022,17:00,Lorient,Reims,0,0,D
15/10/2022,21:00,Lens,Montpellier,1,0,H
16/10/2022,13:00,Toulouse,Angers,3,2,H
16/10/2022,15:00,Auxerre,Nice,1,1,D
16/10/2022,,Troyes,Ajaccio,1,1,D
16/10/2022,,Nantes,Brest,4,1,H
16/10/2022,,Rennes,Lyon,3,2,H
16/10/2022,17:05,Monaco,Clermont,1,1,D
16/10/2022,20:45,PSG,Marseille,1,0,H
21/10/2022,21:00,Ajaccio,PSG,0,3,A
22/10/2022,17:00,Montpellier,Lyon,1,2,A
22/10/2022,21:00,Marseille,Lens,0,1,A
23/10/2022,13:00,Angers,Rennes,1,2,A
23/10/2022,15:00,Clermont,Brest,1,3,A
23/10/2022,,Troyes,Lorient,2,2,D
23/10/2022,,Toulouse,Strasbourg,2,2,D
23/10/2022,,Reims,Auxerre,2,1,H
23/10/2022,17:05,Nice,Nantes,1,1,D
23/10/2022,20:45,Lille,Monaco,4,3,H
28/10/2022,21:00,Lens,Toulouse,3,0,H
29/10/2022,17:00,PSG,Troyes,4,3,H
29/10/2022,21:00,Strasbourg,Marseille,2,2,D
30/10/2022,13:00,Auxerre,Ajaccio,1,0,H
30/10/2022,15:00,Monaco,Angers,2,0,H
30/10/2022,,Nantes,Clermont,1,1,D
30/10/2022,,Brest,Reims,0,0,D
30/10/2022,,Rennes,Montpellier,3,0,H
30/10/2022,17:05,Lorient,Nice,1,2,A
30/10/2022,20:45,Lyon,Lille,1,0,H
04/11/2022,21:00,Troyes,Auxerre,1,1,D
05/11/2022,17:00,Ajaccio,Strasbourg,4,2,H
05/11/2022,21:00,Angers,Lens,1,2,A
06/11/2022,13:00,Lorient,PSG,1,2,A
06/11/2022,15:00,Clermont,Montpellier,1,1,D
06/11/2022,,Toulouse,Monaco,0,2,A
06/11/2022,,Nice,Brest,1,0,H
06/11/2022,,Reims,Nantes,1,0,H
06/11/2022,17:05,Lille,Rennes,1,1,D
06/11/2022,20:45,Marseille,Lyon,1,0,H
11/11/2022,21:00,Lyon,Nice,1,1,D
12/11/2022,17:00,Lens,Clermont,2,1,H
12/11/2022,21:00,Rennes,Toulouse,2,1,H
13/11/2022,13:00,PSG,Auxerre,5,0,H
13/11/2022,15:00,Nantes,Ajaccio,2,2,D
13/11/2022,,Montpellier,Reims,1,1,D
13/11/2022,,Lille,Angers,1,0,H
13/11/2022,,Brest,Troyes,2,1,H
13/11/2022,17:05,Strasbourg,Lorient,1,1,D
13/11/2022,20:45,Monaco,Marseille,2,3,A
28/12/2022,15:00,Ajaccio,Angers,1,0,H
28/12/2022,,Troyes,Nantes,0,0,D
28/12/2022,17:00,Auxerre,Monaco,2,3,A
28/12/2022,19:00,Clermont,Lille,0,2,A
28/12/2022,21:00,PSG,Strasbourg,2,1,H
28/12/2022,,Brest,Lyon,2,4,A
29/12/2022,17:00,Lorient,Montpellier,0,2,A
29/12/2022,19:00,Reims,Rennes,3,1,H
29/12/2022,21:00,Nice,Lens,0,0,D
29/12/2022,,Marseille,Toulouse,6,1,H
01/01/2023,15:00,Monaco,Brest,1,0,H
01/01/2023,,Nantes,Auxerre,1,0,H
01/01/2023,,Toulouse,Ajaccio,2,0,H
01/01/2023,,Angers,Lorient,1,2,A
01/01/2023,17:00,Lyon,Clermont,0,1,A
01/01/2023,20:45,Lens,PSG,3,1,H
02/01/2023,15:00,Strasbourg,Troyes,2,3,A
02/01/2023,17:00,Lille,Reims,1,1,D
02/01/2023,19:00,Montpellier,Marseille,1,2,A
02/01/2023,21:00,Rennes,Nice,2,1,H
11/01/2023,19:00,Ajaccio,Reims,0,1,A
11/01/2023,,Auxerre,Toulouse,0,5,A
11/01/2023,,Clermont,Rennes,2,1,H
11/01/2023,,Nantes,Lyon,0,0,D
11/01/2023,,Brest,Lille,0,0,D
11/01/2023,21:00,Troyes,Marseille,0,2,A
11/01/2023,,Lorient,Monaco,2,2,D
11/01/2023,,Nice,Montpellier,6,1,H
11/01/2023,,PSG,Angers,2,0,H
11/01/2023,,Strasbourg,Lens,2,2,D
14/01/2023,17:00,Lens,Auxerre,1,0,H
14/01/2023,19:00,Marseille,Lorient,3,1,H
14/01/2023,21:00,Lyon,Strasbourg,1,2,A
15/01/2023,13:00,Lille,Troyes,5,1,H
15/01/2023,15:00,Toulouse,Brest,1,1,D
15/01/2023,,Montpellier,Nantes,0,3,A
15/01/2023,,Angers,Clermont,1,2,A
15/01/2023,,Reims,Nice,0,0,D
15/01/2023,17:05,Monaco,Ajaccio,7,1,H
15/01/2023,20:45,Rennes,PSG,1,0,H
27/01/2023,21:00,Lorient,Rennes,2,1,H
28/01/2023,17:00,Troyes,Lens,1,1,D
28/01/2023,21:00,Marseille,Monaco,1,1,D
29/01/2023,13:00,Nice,Lille,1,0,H
29/01/2023,15:00,Auxerre,Montpellier,0,2,A
29/01/2023,,Clermont,Nantes,0,0,D
29/01/2023,,Strasbourg,Toulouse,1,2,A
29/01/2023,,Brest,Angers,4,0,H
29/01/2023,17:05,Ajaccio,Lyon,0,2,A
29/01/2023,20:45,PSG,Reims,1,1,D
01/02/2023,19:00,Nantes,Marseille,0,2,A
01/02/2023,,Toulouse,Troyes,4,1,H
01/02/2023,,Lille,Clermont,0,0,D
01/02/2023,,Angers,Ajaccio,1,2,A
01/02/2023,,Reims,Lorient,4,2,H
01/02/2023,21:00,Monaco,Auxerre,3,2,H
01/02/2023,,Montpellier,PSG,1,3,A
01/02/2023,,Lyon,Brest,0,0,D
01/02/2023,,Lens,Nice,0,1,A
01/02/2023,,Rennes,Strasbourg,3,0,H
04/02/2023,17:00,PSG,Toulouse,2,1,H
04/02/2023,19:00,Troyes,Lyon,1,3,A
04/02/2023,21:00,Rennes,Lille,1,3,A
05/02/2023,13:00,Clermont,Monaco,0,2,A
05/02/2023,15:00,Ajaccio,Nantes,0,2,A
05/02/2023,,Auxerre,Reims,0,0,D
05/02/2023,,Lorient,Angers,0,0,D
05/02/2023,,Strasbourg,Montpellier,2,0,H
05/02/2023,17:05,Brest,Lens,1,1,D
05/02/2023,20:45,Marseille,Nice,1,3,A
10/02/2023,21:00,Nice,Ajaccio,3,0,H
11/02/2023,17:00,Monaco,PSG,3,1,H
11/02/2023,21:45,Clermont,Marseille,0,2,A
12/02/2023,13:00,Toulouse,Rennes,3,1,H
12/02/2023,15:00,Montpellier,Brest,3,0,H
12/02/2023,,Lille,Strasbourg,2,0,H
12/02/2023,,Angers,Auxerre,1,1,D
12/02/2023,,Reims,Troyes,4,0,H
12/02/2023,17:05,Nantes,Lorient,1,0,H
12/02/2023,20:45,Lyon,Lens,2,1,H
17/02/2023,21:00,Auxerre,Lyon,2,1,H
18/02/2023,17:00,Nice,Reims,0,0,D
18/02/2023,21:00,Strasbourg,Angers,2,1,H
19/02/2023,13:00,PSG,Lille,4,3,H
19/02/2023,15:00,Troyes,Montpellier,0,1,A
19/02/2023,,Lorient,Ajaccio,3,0,H
19/02/2023,,Brest,Monaco,1,2,A
19/02/2023,,Rennes,Clermont,2,0,H
19/02/2023,17:05,Lens,Nantes,3,1,H
19/02/2023,20:45,Toulouse,Marseille,2,3,A
24/02/2023,21:00,Lille,Brest,2,1,H
25/02/2023,17:00,Angers,Lyon,1,3,A
25/02/2023,21:00,Montpellier,Lens,1,1,D
26/02/2023,13:00,Lorient,Auxerre,0,1,A
26/02/2023,15:00,Ajaccio,Troyes,2,1,H
26/02/2023,,Clermont,Strasbourg,1,1,D
26/02/2023,,Nantes,Rennes,0,1,A
26/02/2023,,Reims,Toulouse,3,0,H
26/02/2023,17:05,Monaco,Nice,0,3,A
26/02/2023,20:45,Marseille,PSG,0,3,A
03/03/2023,21:00,Nice,Auxerre,1,1,D
04/03/2023,17:00,Lens,Lille,1,1,D
04/03/2023,21:00,PSG,Nantes,4,2,H
05/03/2023,13:00,Troyes,Monaco,2,2,D
05/03/2023,15:00,Toulouse,Clermont,0,1,A
05/03/2023,,Montpellier,Angers,5,0,H
05/03/2023,,Strasbourg,Brest,0,1,A
05/03/2023,,Reims,Ajaccio,1,0,H
05/03/2023,17:05,Lyon,Lorient,0,0,D
05/03/2023,20:45,Rennes,Marseille,0,1,A
10/03/2023,21:00,Lille,Lyon,3,3,D
11/03/2023,17:00,Auxerre,Rennes,0,0,D
11/03/2023,21:00,Brest,PSG,1,2,A
12/03/2023,13:00,Clermont,Lens,0,4,A
12/03/2023,15:00,Ajaccio,Montpellier,0,1,A
12/03/2023,,Lorient,Troyes,2,0,H
12/03/2023,,Nantes,Nice,2,2,D
12/03/2023,,Angers,Toulouse,0,2,A
12/03/2023,17:05,Monaco,Reims,0,1,A
12/03/2023,20:45,Marseille,Strasbourg,2,2,D
17/03/2023,21:00,Lyon,Nantes,1,1,D
18/03/2023,17:00,Toulouse,Lille,0,2,A
18/03/2023,21:00,Lens,Angers,3,0,H
19/03/2023,13:00,Ajaccio,Monaco,0,2,A
19/03/2023,15:00,Troyes,Brest,2,2,D
19/03/2023,,Montpellier,Clermont,2,1,H
19/03/2023,,Nice,Lorient,1,1,D
19/03/2023,,Strasbourg,Auxerre,2,0,H
19/03/2023,17:05,PSG,Rennes,0,2,A
19/03/2023,20:45,Reims,Marseille,1,2,A
31/03/2023,21:00,Marseille,Montpellier,1,1,D
01/04/2023,17:00,Auxerre,Troyes,1,0,H
01/04/2023,21:00,Rennes,Lens,0,1,A
02/04/2023,13:00,Lille,Lorient,3,1,H
02/04/2023,15:00,Clermont,Ajaccio,2,1,H
02/04/2023,,Nantes,Reims,0,3,A
02/04/2023,,Angers,Nice,1,1,D
02/04/2023,,Brest,Toulouse,3,1,H
02/04/2023,17:05,Monaco,Strasbourg,4,3,H
02/04/2023,20:45,PSG,Lyon,0,1,A
07/04/2023,21:00,Lens,Strasbourg,2,1,H
08/04/2023,17:00,Angers,Lille,1,0,H
08/04/2023,21:00,Nice,PSG,0,2,A
09/04/2023,13:00,Lyon,Rennes,3,1,H
09/04/2023,15:00,Ajaccio,Auxerre,0,3,A
09/04/2023,,Troyes,Clermont,0,2,A
09/04/2023,,Montpellier,Toulouse,1,2,A
09/04/2023,,Reims,Brest,1,1,D
09/04/2023,17:05,Nantes,Monaco,2,2,D
09/04/2023,20:45,Lorient,Marseille,0,0,D
14/04/2023,21:00,Toulouse,Lyon,1,2,A
15/04/2023,17:00,Rennes,Reims,3,0,H
15/04/2023,21:00,PSG,Lens,3,1,H
16/04/2023,13:00,Lille,Montpellier,2,1,H
16/04/2023,15:00,Auxerre,Nantes,2,1,H
16/04/2023,,Clermont,Angers,2,1,H
16/04/2023,,Strasbourg,Ajaccio,3,1,H
16/04/2023,,Brest,Nice,1,0,H
16/04/2023,17:05,Monaco,Lorient,3,1,H
16/04/2023,20:45,Marseille,Troyes,3,1,H
21/04/2023,21:00,Angers,PSG,1,2,A
22/04/2023,17:00,Auxerre,Lille,1,1,D
22/04/2023,21:00,Lens,Monaco,3,0,H
23/04/2023,13:00,Reims,Strasbourg,0,2,A
23/04/2023,15:00,Ajaccio,Brest,0,0,D
23/04/2023,,Lorient,Toulouse,0,1,A
23/04/2023,,Nantes,Troyes,2,2,D
23/04/2023,,Nice,Clermont,1,2,A
23/04/2023,17:05,Montpellier,Rennes,1,0,H
23/04/2023,20:45,Lyon,Marseille,1,2,A
28/04/2023,21:00,Strasbourg,Lyon,1,2,A
29/04/2023,17:00,Lille,Ajaccio,3,0,H
30/04/2023,13:00,Monaco,Montpellier,0,4,A
30/04/2023,15:00,Clermont,Reims,1,0,H
30/04/2023,,Troyes,Nice,0,1,A
30/04/2023,,Rennes,Angers,4,2,H
30/04/2023,17:05,PSG,Lorient,1,3,A
30/04/2023,20:45,Marseille,Auxerre,2,1,H
02/05/2023,21:00,Toulouse,Lens,0,1,A
03/05/2023,21:00,Brest,Nantes,2,0,H
06/05/2023,17:00,Nice,Rennes,2,1,H
06/05/2023,19:00,Reims,Lille,1,0,H
06/05/2023,21:00,Lens,Marseille,2,1,H
07/05/2023,13:00,Angers,Monaco,1,2,A
07/05/2023,15:00,Ajaccio,Toulouse,0,0,D
07/05/2023,,Auxerre,Clermont,1,1,D
07/05/2023,,Lorient,Brest,2,1,H
07/05/2023,,Nantes,Strasbourg,0,2,A
07/05/2023,17:05,Lyon,Montpellier,5,4,H
07/05/2023,20:45,Troyes,PSG,1,3,A
12/05/2023,21:00,Lens,Reims,2,1,H
13/05/2023,17:00,Strasbourg,Nice,2,0,H
13/05/2023,21:00,PSG,Ajaccio,5,0,H
14/05/2023,13:00,Clermont,Lyon,2,1,H
14/05/2023,15:00,Montpellier,Lorient,1,1,D
14/05/2023,,Brest,Auxerre,1,0,H
14/05/2023,,Rennes,Troyes,4,0,H
14/05/2023,16:30,Toulouse,Nantes,0,0,D
14/05/2023,17:05,Monaco,Lille,0,0,D
14/05/2023,20:45,Marseille,Angers,3,1,H
19/05/2023,21:00,Lyon,Monaco,3,1,H
20/05/2023,17:00,Nantes,Montpellier,0,3,A
20/05/2023,21:00,Lille,Marseille,2,1,H
21/05/2023,13:00,Ajaccio,Rennes,0,5,A
21/05/2023,15:00,Troyes,Strasbourg,1,1,D
21/05/2023,,Nice,Toulouse,0,0,D
21/05/2023,,Brest,Clermont,2,1,H
21/05/2023,,Reims,Angers,2,2,D
21/05/2023,17:05,Lorient,Lens,1,3,A
21/05/2023,20:45,Auxerre,PSG,1,2,A
27/05/2023,21:00,Clermont,Lorient,2,0,H
27/05/2023,,Toulouse,Auxerre,1,1,D
27/05/2023,,Montpellier,Nice,2,3,A
27/05/2023,,Marseille,Brest,1,2,A
27/05/2023,,Lyon,Reims,3,0,H
27/05/2023,,Lille,Nantes,2,1,H
27/05/2023,,Strasbourg,PSG,1,1,D
27/05/2023,,Lens,Ajaccio,3,0,H
27/05/2023,,Angers,Troyes,2,1,H
27/05/2023,,Rennes,Monaco,2,0,H
03/06/2023,21:00,Ajaccio,Marseille,1,0,H
03/06/2023,,Auxerre,Lens,1,3,A
03/06/2023,,Monaco,Toulouse,1,2,A
03/06/2023,,Troyes,Lille,1,1,D
03/06/2023,,Lorient,Strasbourg,2,1,H
03/06/2023,,Nantes,Angers,1,0,H
03/06/2023,,Nice,Lyon,3,1,H
03/06/2023,,PSG,Clermont,2,3,A
03/06/2023,,Brest,Rennes,1,2,A
03/06/2023,,Reims,Montpellier,1,3,A
11/08/2023,21:00,Nice,Lille,1,1,D
12/08/2023,17:00,Marseille,Reims,2,1,H
12/08/2023,21:00,PSG,Lorient,0,0,D
13/08/2023,13:00,Brest,Lens,3,2,H
13/08/2023,15:00,Clermont,Monaco,2,4,A
13/08/2023,,Nantes,Toulouse,1,2,A
13/08/2023,,Montpellier,Le Havre,2,2,D
13/08/2023,17:05,Rennes,Metz,5,1,H
13/08/2023,20:45,Strasbourg,Lyon,2,1,H
18/08/2023,21:00,Metz,Marseille,2,2,D
19/08/2023,19:00,Lyon,Montpellier,1,4,A
19/08/2023,21:00,Toulouse,PSG,1,1,D
20/08/2023,13:00,Lille,Nantes,2,0,H
20/08/2023,15:00,Le Havre,Brest,1,2,A
20/08/2023,,Lorient,Nice,1,1,D
20/08/2023,,Reims,Clermont,2,0,H
20/08/2023,19:00,Monaco,Strasbourg,3,0,H
20/08/2023,20:45,Lens,Rennes,1,1,D
25/08/2023,21:00,Nantes,Monaco,3,3,D
26/08/2023,19:00,Marseille,Brest,2,0,H
26/08/2023,21:00,PSG,Lens,3,1,H
27/08/2023,13:00,Rennes,Le Havre,2,2,D
27/08/2023,15:00,Clermont,Metz,0,1,A
27/08/2023,,Montpellier,Reims,1,3,A
27/08/2023,,Strasbourg,Toulouse,2,0,H
27/08/2023,17:05,Lorient,Lille,4,1,H
27/08/2023,20:45,Nice,Lyon,0,0,D
01/09/2023,21:00,Nantes,Marseille,1,1,D
02/09/2023,17:00,Brest,Rennes,0,0,D
02/09/2023,21:00,Monaco,Lens,3,0,H
03/09/2023,13:00,Toulouse,Clermont,2,2,D
03/09/2023,15:00,Le Havre,Lorient,3,0,H
03/09/2023,,Metz,Reims,2,2,D
03/09/2023,,Lille,Montpellier,1,0,H
03/09/2023,17:05,Nice,Strasbourg,2,0,H
03/09/2023,20:45,Lyon,PSG,1,4,A
15/09/2023,21:00,PSG,Nice,2,3,A
16/09/2023,17:00,Rennes,Lille,2,2,D
16/09/2023,21:00,Lens,Metz,0,1,A
17/09/2023,13:00,Lorient,Monaco,2,2,D
17/09/2023,15:00,Clermont,Nantes,0,1,A
17/09/2023,,Strasbourg,Montpellier,2,2,D
17/09/2023,,Reims,Brest,1,2,A
17/09/2023,17:05,Marseille,Toulouse,0,0,D
17/09/2023,20:45,Lyon,Le Havre,0,0,D
22/09/2023,21:00,Monaco,Nice,0,1,A
23/09/2023,17:00,Nantes,Lorient,5,3,H
23/09/2023,21:00,Brest,Lyon,1,0,H
24/09/2023,13:00,Metz,Strasbourg,0,1,A
24/09/2023,15:00,Le Havre,Clermont,2,1,H
24/09/2023,,Lens,Toulouse,2,1,H
24/09/2023,17:05,Montpellier,Rennes,0,0,D
24/09/2023,20:45,PSG,Marseille,4,0,H
26/09/2023,21:00,Lille,Reims,1,2,A
29/09/2023,21:00,Strasbourg,Lens,0,1,A
30/09/2023,17:00,Clermont,PSG,0,0,D
30/09/2023,21:00,Monaco,Marseille,3,2,H
01/10/2023,13:00,Reims,Lyon,2,0,H
01/10/2023,15:00,Le Havre,Lille,0,2,A
01/10/2023,,Toulouse,Metz,3,0,H
01/10/2023,,Nice,Brest,0,0,D
01/10/2023,17:05,Lorient,Montpellier,0,3,A
01/10/2023,20:45,Rennes,Nantes,3,1,H
06/10/2023,21:00,Strasbourg,Nantes,1,2,A
07/10/2023,17:00,Metz,Nice,0,1,A
07/10/2023,21:00,Reims,Monaco,1,3,A
08/10/2023,13:00,Marseille,Le Havre,3,0,H
08/10/2023,15:00,Lyon,Lorient,3,3,D
08/10/2023,,Brest,Toulouse,1,1,D
08/10/2023,17:05,Lens,Lille,1,1,D
08/10/2023,21:00,Rennes,PSG,1,3,A
20/10/2023,21:00,Le Havre,Lens,0,0,D
21/10/2023,17:00,PSG,Strasbourg,3,0,H
21/10/2023,21:00,Nice,Marseille,1,0,H
22/10/2023,13:00,Lorient,Rennes,2,1,H
22/10/2023,15:00,Nantes,Montpellier,2,0,H
22/10/2023,,Toulouse,Reims,1,1,D
22/10/2023,,Lille,Brest,1,0,H
22/10/2023,17:05,Monaco,Metz,2,1,H
22/10/2023,20:45,Lyon,Clermont,1,2,A
27/10/2023,21:00,Clermont,Nice,0,1,A
28/10/2023,17:00,Reims,Lorient,1,0,H
28/10/2023,21:00,Lens,Nantes,4,0,H
29/10/2023,13:00,Brest,PSG,2,3,A
29/10/2023,15:00,Metz,Le Havre,0,0,D
29/10/2023,,Montpellier,Toulouse,3,0,H
29/10/2023,,Lille,Monaco,2,0,H
29/10/2023,17:05,Rennes,Strasbourg,1,1,D
03/11/2023,21:00,PSG,Montpellier,3,0,H
04/11/2023,17:00,Lorient,Lens,0,0,D
04/11/2023,21:00,Marseille,Lille,0,0,D
05/11/2023,13:00,Lyon,Metz,1,1,D
05/11/2023,15:00,Nantes,Reims,0,1,A
05/11/2023,,Toulouse,Le Havre,1,2,A
05/11/2023,,Strasbourg,Clermont,0,0,D
05/11/2023,17:05,Monaco,Brest,2,0,H
05/11/2023,20:45,Nice,Rennes,2,0,H
10/11/2023,21:00,Montpellier,Nice,0,0,D
11/11/2023,17:00,Reims,PSG,0,3,A
11/11/2023,21:00,Le Havre,Monaco,0,0,D
12/11/2023,15:00,Clermont,Lorient,1,0,H
12/11/2023,,Metz,Nantes,3,1,H
12/11/2023,,Lille,Toulouse,1,1,D
12/11/2023,17:05,Rennes,Lyon,0,1,A
12/11/2023,20:45,Lens,Marseille,1,0,H
24/11/2023,21:00,PSG,Monaco,5,2,H
25/11/2023,17:00,Clermont,Lens,0,3,A
25/11/2023,21:00,Strasbourg,Marseille,1,1,D
26/11/2023,13:00,Nice,Toulouse,1,0,H
26/11/2023,15:00,Lorient,Metz,2,3,A
26/11/2023,,Nantes,Le Havre,0,0,D
26/11/2023,,Montpellier,Brest,1,3,A
26/11/2023,17:05,Rennes,Reims,3,1,H
26/11/2023,20:45,Lyon,Lille,0,2,A
29/11/2023,19:00,Montpellier,Clermont,1,1,D
01/12/2023,21:00,Reims,Strasbourg,2,1,H
02/12/2023,17:00,Lens,Lyon,3,2,H
02/12/2023,21:00,Nantes,Nice,1,0,H
03/12/2023,13:00,Le Havre,PSG,0,2,A
03/12/2023,15:00,Monaco,Montpellier,2,0,H
03/12/2023,,Toulouse,Lorient,1,1,D
03/12/2023,,Brest,Clermont,3,0,H
03/12/2023,17:05,Lille,Metz,2,0,H
03/12/2023,20:45,Marseille,Rennes,2,0,H
06/12/2023,21:00,Marseille,Lyon,3,0,H
07/12/2023,20:30,Brest,Strasbourg,1,1,D
08/12/2023,21:00,Montpellier,Lens,0,0,D
09/12/2023,17:00,Rennes,Monaco,1,2,A
09/12/2023,21:00,PSG,Nantes,2,1,H
10/12/2023,13:00,Nice,Reims,2,1,H
10/12/2023,15:00,Clermont,Lille,0,0,D
10/12/2023,,Metz,Brest,0,1,A
10/12/2023,,Strasbourg,Le Havre,2,1,H
10/12/2023,17:05,Lyon,Toulouse,3,0,H
10/12/2023,20:45,Lorient,Marseille,2,4,A
15/12/2023,21:00,Monaco,Lyon,0,1,A
16/12/2023,17:00,Le Havre,Nice,3,1,H
16/12/2023,21:00,Lens,Reims,2,0,H
17/12/2023,13:00,Nantes,Brest,0,2,A
17/12/2023,15:00,Lorient,Strasbourg,1,2,A
17/12/2023,,Metz,Montpellier,0,1,A
17/12/2023,,Toulouse,Rennes,0,0,D
17/12/2023,17:05,Marseille,Clermont,2,1,H
17/12/2023,20:45,Lille,PSG,1,1,D
20/12/2023,21:00,Clermont,Rennes,1,3,A
20/12/2023,,Toulouse,Monaco,1,2,A
20/12/2023,,Montpellier,Marseille,1,1,D
20/12/2023,,Nice,Lens,2,0,H
20/12/2023,,Lyon,Nantes,1,0,H
20/12/2023,,PSG,Metz,3,1,H
20/12/2023,,Strasbourg,Lille,2,1,H
20/12/2023,,Brest,Lorient,4,0,H
20/12/2023,,Reims,Le Havre,1,0,H
12/01/2024,21:00,Marseille,Strasbourg,1,1,D
13/01/2024,17:00,Monaco,Reims,1,3,A
13/01/2024,21:00,Rennes,Nice,2,0,H
14/01/2024,13:00,Lille,Lorient,3,0,H
14/01/2024,15:00,Metz,Toulouse,0,1,A
14/01/2024,,Nantes,Clermont,1,2,A
14/01/2024,,Brest,Montpellier,2,0,H
14/01/2024,17:05,Le Havre,Lyon,3,1,H
14/01/2024,20:45,Lens,PSG,0,2,A
26/01/2024,21:00,Lyon,Rennes,2,3,A
27/01/2024,17:00,Nice,Metz,1,0,H
27/01/2024,21:00,Marseille,Monaco,2,2,D
28/01/2024,13:00,Montpellier,Lille,0,0,D
28/01/2024,15:00,Clermont,Strasbourg,1,1,D
28/01/2024,,Lorient,Le Havre,3,3,D
28/01/2024,,Reims,Nantes,0,0,D
28/01/2024,17:05,Toulouse,Lens,0,2,A
28/01/2024,20:45,PSG,Brest,2,2,D
02/02/2024,21:00,Strasbourg,PSG,1,2,A
03/02/2024,17:00,Rennes,Montpellier,2,1,H
03/02/2024,21:00,Nantes,Lens,0,1,A
04/02/2024,13:00,Monaco,Le Havre,1,1,D
04/02/2024,15:00,Lille,Clermont,4,0,H
04/02/2024,,Reims,Toulouse,2,3,A
04/02/2024,,Metz,Lorient,1,2,A
04/02/2024,17:05,Brest,Nice,0,0,D
04/02/2024,20:45,Lyon,Marseille,1,0,H
09/02/2024,21:00,Marseille,Metz,1,1,D
10/02/2024,17:00,Lens,Strasbourg,3,1,H
10/02/2024,21:00,PSG,Lille,3,1,H
11/02/2024,13:00,Le Havre,Rennes,0,1,A
11/02/2024,15:00,Clermont,Brest,1,1,D
11/02/2024,,Lorient,Reims,2,0,H
11/02/2024,,Toulouse,Nantes,1,2,A
11/02/2024,17:05,Montpellier,Lyon,1,2,A
11/02/2024,20:45,Nice,Monaco,2,3,A
16/02/2024,21:00,Lyon,Nice,1,0,H
17/02/2024,17:00,Lille,Le Havre,3,0,H
17/02/2024,21:00,Nantes,PSG,0,2,A
18/02/2024,13:00,Strasbourg,Lorient,1,3,A
18/02/2024,15:00,Monaco,Toulouse,1,2,A
18/02/2024,,Montpellier,Metz,3,0,H
18/02/2024,,Rennes,Clermont,3,1,H
18/02/2024,17:05,Reims,Lens,1,1,D
18/02/2024,20:45,Brest,Marseille,1,0,H
23/02/2024,21:00,Metz,Lyon,1,2,A
24/02/2024,17:00,Lorient,Nantes,0,1,A
24/02/2024,21:00,Strasbourg,Brest,0,3,A
25/02/2024,13:00,Lens,Monaco,2,3,A
25/02/2024,15:00,Le Havre,Reims,1,2,A
25/02/2024,,Toulouse,Lille,3,1,H
25/02/2024,,Nice,Clermont,0,0,D
25/02/2024,17:05,PSG,Rennes,1,1,D
25/02/2024,20:45,Marseille,Montpellier,4,1,H
01/03/2024,21:00,Monaco,PSG,0,0,D
02/03/2024,17:00,Reims,Lille,0,1,A
02/03/2024,21:00,Clermont,Marseille,1,5,A
03/03/2024,13:00,Toulouse,Nice,2,1,H
03/03/2024,15:00,Nantes,Metz,0,2,A
03/03/2024,,Montpellier,Strasbourg,2,2,D
03/03/2024,,Brest,Le Havre,1,0,H
03/03/2024,17:05,Rennes,Lorient,1,2,A
03/03/2024,20:45,Lyon,Lens,0,3,A
08/03/2024,21:00,Nice,Montpellier,1,2,A
09/03/2024,17:00,Lorient,Lyon,0,2,A
09/03/2024,21:00,Lens,Brest,1,0,H
10/03/2024,13:00,PSG,Reims,2,2,D
10/03/2024,15:00,Le Havre,Toulouse,1,0,H
10/03/2024,,Metz,Clermont,1,0,H
10/03/2024,,Strasbourg,Monaco,0,1,A
10/03/2024,17:00,Lille,Rennes,2,2,D
10/03/2024,20:45,Marseille,Nantes,2,0,H
15/03/2024,21:00,Toulouse,Lyon,2,3,A
16/03/2024,17:00,Nantes,Strasbourg,1,3,A
16/03/2024,21:00,Lens,Nice,1,3,A
17/03/2024,13:00,Brest,Lille,1,1,D
17/03/2024,15:00,Monaco,Lorient,2,2,D
17/03/2024,,Clermont,Le Havre,2,1,H
17/03/2024,,Reims,Metz,2,1,H
17/03/2024,17:05,Rennes,Marseille,2,0,H
17/03/2024,20:45,Montpellier,PSG,2,6,A
29/03/2024,21:00,Lille,Lens,2,1,H
30/03/2024,17:00,Metz,Monaco,2,5,A
30/03/2024,21:00,Lyon,Reims,1,1,D
31/03/2024,13:00,Lorient,Brest,0,1,A
31/03/2024,15:00,Le Havre,Montpellier,0,2,A
31/03/2024,,Clermont,Toulouse,0,3,A
31/03/2024,,Nice,Nantes,1,2,A
31/03/2024,17:05,Strasbourg,Rennes,2,0,H
31/03/2024,20:45,Marseille,PSG,0,2,A
05/04/2024,21:00,Lille,Marseille,3,1,H
06/04/2024,17:00,Lens,Le Havre,1,1,D
06/04/2024,21:00,PSG,Clermont,1,1,D
07/04/2024,13:00,Brest,Metz,4,3,H
07/04/2024,15:00,Toulouse,Strasbourg,0,0,D
07/04/2024,,Montpellier,Lorient,2,0,H
07/04/2024,,Reims,Nice,0,0,D
07/04/2024,17:05,Monaco,Rennes,1,0,H
07/04/2024,20:45,Nantes,Lyon,1,3,A
12/04/2024,21:00,Metz,Lens,2,1,H
13/04/2024,17:00,Strasbourg,Reims,3,1,H
13/04/2024,21:00,Rennes,Toulouse,1,2,A
14/04/2024,13:00,Le Havre,Nantes,0,1,A
14/04/2024,15:00,Clermont,Montpellier,1,1,D
14/04/2024,20:45,Lyon,Brest,4,3,H
19/04/2024,21:00,Nice,Lorient,3,0,H
20/04/2024,17:00,Nantes,Rennes,0,3,A
20/04/2024,21:00,Lens,Clermont,1,0,H
21/04/2024,15:00,Le Havre,Metz,0,1,A
21/04/2024,,Lille,Strasbourg,1,0,H
21/04/2024,,Reims,Montpellier,1,2,A
21/04/2024,17:05,Brest,Monaco,0,2,A
21/04/2024,19:15,Toulouse,Marseille,2,2,D
21/04/2024,21:00,PSG,Lyon,4,1,H
24/04/2024,19:00,Lorient,PSG,1,4,A
24/04/2024,21:00,Monaco,Lille,1,0,H
24/04/2024,,Marseille,Nice,2,2,D
26/04/2024,21:00,Montpellier,Nantes,1,1,D
27/04/2024,21:00,PSG,Le Havre,3,3,D
28/04/2024,13:00,Metz,Lille,1,2,A
28/04/2024,15:00,Clermont,Reims,4,1,H
28/04/2024,,Lorient,Toulouse,1,2,A
28/04/2024,,Strasbourg,Nice,1,3,A
28/04/2024,17:05,Rennes,Brest,4,5,A
28/04/2024,19:00,Lyon,Monaco,3,2,H
28/04/2024,21:00,Marseille,Lens,2,1,H
03/05/2024,19:00,Toulouse,Montpellier,1,2,A
03/05/2024,21:00,Lens,Lorient,2,0,H
04/05/2024,15:00,Le Havre,Strasbourg,3,1,H
04/05/2024,17:00,Monaco,Clermont,4,1,H
04/05/2024,19:00,Metz,Rennes,2,3,A
04/05/2024,21:00,Brest,Nantes,0,0,D
06/05/2024,21:00,Lille,Lyon,3,4,A
10/05/2024,21:00,Nice,Le Havre,1,0,H
10/05/2024,,Brest,Reims,1,1,D
12/05/2024,21:00,Clermont,Lyon,0,1,A
12/05/2024,,Nantes,Lille,1,2,A
12/05/2024,,Montpellier,Monaco,0,2,A
12/05/2024,,Marseille,Lorient,3,1,H
12/05/2024,,PSG,Toulouse,1,3,A
12/05/2024,,Strasbourg,Metz,2,1,H
12/05/2024,,Rennes,Lens,1,1,D
15/05/2024,21:00,Nice,PSG,1,2,A
15/05/2024,,Reims,Marseille,1,0,H
19/05/2024,21:00,Le Havre,Marseille,1,2,A
19/05/2024,,Monaco,Nantes,4,0,H
19/05/2024,,Lorient,Clermont,5,0,H
19/05/2024,,Metz,PSG,0,2,A
19/05/2024,,Toulouse,Brest,0,3,A
19/05/2024,,Lyon,Strasbourg,2,1,H
19/05/2024,,Lille,Nice,2,2,D
19/05/2024,,Lens,Montpellier,2,2,D
19/05/2024,,Reims,Rennes,2,1,H
16/08/2024,20:45,Le Havre,PSG,1,4,A
17/08/2024,17:00,Brest,Marseille,1,5,A
17/08/2024,19:00,Reims,Lille,0,2,A
17/08/2024,21:00,Monaco,Saint-Etienne,1,0,H
18/08/2024,15:00,Auxerre,Nice,2,1,H
18/08/2024,17:00,Montpellier,Strasbourg,1,1,D
18/08/2024,,Toulouse,Nantes,0,0,D
18/08/2024,,Angers,Lens,0,1,A
18/08/2024,20:45,Rennes,Lyon,3,0,H
23/08/2024,20:45,PSG,Montpellier,6,0,H
24/08/2024,17:00,Lyon,Monaco,0,2,A
24/08/2024,19:00,Lille,Angers,2,0,H
24/08/2024,21:00,Saint-Etienne,Le Havre,0,2,A
25/08/2024,15:00,Lens,Brest,2,0,H
25/08/2024,17:00,Strasbourg,Rennes,3,1,H
25/08/2024,,Nantes,Auxerre,2,0,H
25/08/2024,,Nice,Toulouse,1,1,D
25/08/2024,20:45,Marseille,Reims,2,2,D
30/08/2024,20:45,Lyon,Strasbourg,4,3,H
31/08/2024,17:00,Brest,Saint-Etienne,4,0,H
31/08/2024,19:00,Montpellier,Nantes,1,3,A
31/08/2024,21:00,Toulouse,Marseille,1,3,A
01/09/2024,15:00,Monaco,Lens,1,1,D
01/09/2024,17:00,Angers,Nice,1,4,A
01/09/2024,,Le Havre,Auxerre,3,1,H
01/09/2024,,Reims,Rennes,2,1,H
01/09/2024,20:45,Lille,PSG,1,3,A
13/09/2024,20:45,Saint-Etienne,Lille,1,0,H
14/09/2024,17:00,Marseille,Nice,2,0,H
14/09/2024,19:00,Auxerre,Monaco,0,3,A
14/09/2024,21:00,PSG,Brest,3,1,H
15/09/2024,15:00,Rennes,Montpellier,3,0,H
15/09/2024,17:00,Nantes,Reims,1,2,A
15/09/2024,,Toulouse,Le Havre,2,0,H
15/09/2024,,Strasbourg,Angers,1,1,D
15/09/2024,20:45,Lens,Lyon,0,0,D
20/09/2024,20:45,Nice,Saint-Etienne,8,0,H
21/09/2024,17:00,Lille,Strasbourg,3,3,D
21/09/2024,19:00,Rennes,Lens,1,1,D
21/09/2024,21:00,Reims,PSG,1,1,D
22/09/2024,15:00,Monaco,Le Havre,3,1,H
22/09/2024,17:00,Brest,Toulouse,2,0,H
22/09/2024,,Angers,Nantes,1,1,D
22/09/2024,,Montpellier,Auxerre,3,2,H
22/09/2024,20:45,Lyon,Marseille,2,3,A
27/09/2024,19:00,Auxerre,Brest,3,0,H
27/09/2024,21:00,PSG,Rennes,3,1,H
28/09/2024,17:00,Lens,Nice,0,0,D
28/09/2024,19:00,Le Havre,Lille,0,3,A
28/09/2024,21:00,Monaco,Montpellier,2,1,H
29/09/2024,15:00,Toulouse,Lyon,1,2,A
29/09/2024,17:00,Nantes,Saint-Etienne,2,2,D
29/09/2024,,Angers,Reims,1,3,A
29/09/2024,20:45,Strasbourg,Marseille,1,0,H
04/10/2024,20:45,Marseille,Angers,1,1,D
05/10/2024,17:00,Saint-Etienne,Auxerre,3,1,H
05/10/2024,19:00,Lille,Toulouse,2,1,H
05/10/2024,21:00,Rennes,Monaco,1,2,A
06/10/2024,15:00,Lyon,Nantes,2,0,H
06/10/2024,17:00,Brest,Le Havre,2,0,H
06/10/2024,,Strasbourg,Lens,2,2,D
06/10/2024,,Reims,Montpellier,4,2,H
06/10/2024,20:45,Nice,PSG,1,1,D
18/10/2024,20:45,Monaco,Lille,0,0,D
19/10/2024,17:00,Brest,Rennes,1,1,D
19/10/2024,19:00,Saint-Etienne,Lens,0,2,A
19/10/2024,21:00,PSG,Strasbourg,4,2,H
20/10/2024,15:00,Le Havre,Lyon,0,4,A
20/10/2024,17:00,Auxerre,Reims,2,1,H
20/10/2024,,Toulouse,Angers,1,1,D
20/10/2024,,Nantes,Nice,1,1,D
20/10/2024,20:45,Montpellier,Marseille,0,5,A
25/10/2024,20:45,Rennes,Le Havre,1,0,H
26/10/2024,17:00,Angers,Saint-Etienne,4,2,H
26/10/2024,19:00,Reims,Brest,1,2,A
26/10/2024,21:00,Lens,Lille,0,2,A
27/10/2024,15:00,Lyon,Auxerre,2,2,D
27/10/2024,17:00,Nice,Monaco,2,1,H
27/10/2024,,Montpellier,Toulouse,0,3,A
27/10/2024,,Strasbourg,Nantes,3,1,H
27/10/2024,20:45,Marseille,PSG,0,3,A
01/11/2024,19:00,Monaco,Angers,0,1,A
01/11/2024,21:00,Lille,Lyon,1,1,D
02/11/2024,17:00,PSG,Lens,1,0,H
02/11/2024,19:00,Brest,Nice,0,1,A
02/11/2024,21:00,Saint-Etienne,Strasbourg,2,0,H
03/11/2024,15:00,Toulouse,Reims,1,0,H
03/11/2024,17:00,Auxerre,Rennes,4,0,H
03/11/2024,,Le Havre,Montpellier,1,0,H
03/11/2024,20:45,Nantes,Marseille,1,2,A
08/11/2024,20:45,Marseille,Auxerre,1,3,A
09/11/2024,17:00,Strasbourg,Monaco,1,3,A
09/11/2024,19:00,Lens,Nantes,3,2,H
09/11/2024,21:00,Angers,PSG,2,4,A
10/11/2024,15:00,Nice,Lille,2,2,D
10/11/2024,17:00,Montpellier,Brest,3,1,H
10/11/2024,,Le Havre,Reims,0,3,A
10/11/2024,,Rennes,Toulouse,0,2,A
10/11/2024,20:45,Lyon,Saint-Etienne,1,0,H
22/11/2024,19:00,Monaco,Brest,3,2,H
22/11/2024,21:00,PSG,Toulouse,3,0,H
23/11/2024,17:00,Lens,Marseille,1,3,A
23/11/2024,19:00,Saint-Etienne,Montpellier,1,0,H
23/11/2024,21:00,Reims,Lyon,1,1,D
24/11/2024,15:00,Lille,Rennes,1,0,H
24/11/2024,17:00,Nantes,Le Havre,0,2,A
24/11/2024,,Auxerre,Angers,1,0,H
24/11/2024,20:45,Nice,Strasbourg,2,1,H
29/11/2024,20:45,Reims,Lens,0,2,A
30/11/2024,17:00,Rennes,Saint-Etienne,5,0,H
30/11/2024,19:00,Brest,Strasbourg,3,1,H
30/11/2024,21:00,PSG,Nantes,1,1,D
01/12/2024,15:00,Montpellier,Lille,2,2,D
01/12/2024,17:00,Le Havre,Angers,0,1,A
01/12/2024,,Toulouse,Auxerre,2,0,H
01/12/2024,,Lyon,Nice,4,1,H
01/12/2024,20:45,Marseille,Monaco,2,1,H
06/12/2024,19:00,Lille,Brest,3,1,H
06/12/2024,21:00,Auxerre,PSG,0,0,D
07/12/2024,17:00,Monaco,Toulouse,2,0,H
07/12/2024,19:00,Nice,Le Havre,2,1,H
07/12/2024,21:00,Angers,Lyon,0,3,A
08/12/2024,15:00,Lens,Montpellier,2,0,H
08/12/2024,17:00,Strasbourg,Reims,0,0,D
08/12/2024,,Nantes,Rennes,1,0,H
08/12/2024,20:45,Saint-Etienne,Marseille,0,2,A
13/12/2024,20:45,Toulouse,Saint-Etienne,2,1,H
14/12/2024,17:00,Marseille,Lille,1,1,D
14/12/2024,19:00,Auxerre,Lens,2,2,D
14/12/2024,21:00,Reims,Monaco,0,0,D
15/12/2024,15:00,Montpellier,Nice,2,2,D
15/12/2024,17:00,Rennes,Angers,2,0,H
15/12/2024,,Le Havre,Strasbourg,0,3,A
15/12/2024,,Brest,Nantes,4,1,H
15/12/2024,20:45,PSG,Lyon,3,1,H
18/12/2024,21:00,Monaco,PSG,2,4,A
03/01/2025,21:00,Nice,Rennes,3,2,H
04/01/2025,17:00,Saint-Etienne,Reims,3,1,H
04/01/2025,19:00,Lille,Nantes,1,1,D
04/01/2025,21:00,Lyon,Montpellier,1,0,H
05/01/2025,15:00,Lens,Toulouse,0,1,A
05/01/2025,,Angers,Brest,2,0,H
05/01/2025,,Strasbourg,Auxerre,3,1,H
05/01/2025,20:45,Marseille,Le Havre,5,1,H
10/01/2025,19:00,Nantes,Monaco,2,2,D
10/01/2025,21:05,Auxerre,Lille,0,0,D
11/01/2025,17:00,Brest,Lyon,2,1,H
11/01/2025,19:00,Reims,Nice,2,4,A
11/01/2025,21:05,Rennes,Marseille,1,2,A
12/01/2025,15:00,Le Havre,Lens,1,2,A
12/01/2025,17:15,Toulouse,Strasbourg,1,2,A
12/01/2025,,Montpellier,Angers,1,3,A
12/01/2025,20:45,PSG,Saint-Etienne,2,1,H
17/01/2025,19:00,Montpellier,Monaco,2,1,H
17/01/2025,21:05,Lille,Nice,2,1,H
18/01/2025,17:00,Lens,PSG,1,2,A
18/01/2025,19:00,Rennes,Brest,1,2,A
18/01/2025,21:05,Lyon,Toulouse,0,0,D
19/01/2025,15:00,Saint-Etienne,Nantes,1,1,D
19/01/2025,17:15,Reims,Le Havre,1,1,D
19/01/2025,,Angers,Auxerre,2,0,H
19/01/2025,20:45,Marseille,Strasbourg,1,1,D
24/01/2025,20:45,Auxerre,Saint-Etienne,1,1,D
25/01/2025,17:00,Monaco,Rennes,3,2,H
25/01/2025,19:00,Strasbourg,Lille,2,1,H
25/01/2025,21:05,PSG,Reims,1,1,D
26/01/2025,15:00,Le Havre,Brest,0,1,A
26/01/2025,17:15,Nantes,Lyon,1,1,D
26/01/2025,,Toulouse,Montpellier,1,2,A
26/01/2025,,Lens,Angers,1,0,H
26/01/2025,20:45,Nice,Marseille,2,0,H
31/01/2025,20:45,Montpellier,Lens,0,2,A
01/02/2025,17:00,Brest,PSG,2,5,A
01/02/2025,19:00,Monaco,Auxerre,4,2,H
01/02/2025,21:05,Lille,Saint-Etienne,4,1,H
02/02/2025,15:00,Toulouse,Nice,1,1,D
02/02/2025,17:15,Reims,Nantes,1,2,A
02/02/2025,,Angers,Le Havre,1,1,D
02/02/2025,,Rennes,Strasbourg,1,0,H
02/02/2025,20:45,Marseille,Lyon,3,2,H
07/02/2025,19:00,Nantes,Brest,0,2,A
07/02/2025,21:05,PSG,Monaco,4,1,H
08/02/2025,17:00,Nice,Lens,2,0,H
08/02/2025,19:00,Lille,Le Havre,1,2,A
08/02/2025,21:05,Saint-Etienne,Rennes,0,2,A
09/02/2025,15:00,Lyon,Reims,4,0,H
09/02/2025,17:15,Auxerre,Toulouse,2,2,D
09/02/2025,,Strasbourg,Montpellier,2,0,H
09/02/2025,20:45,Angers,Marseille,0,2,A
14/02/2025,20:45,Brest,Auxerre,2,2,D
15/02/2025,17:00,Marseille,Saint-Etienne,5,1,H
15/02/2025,19:00,Monaco,Nantes,7,1,H
15/02/2025,21:05,Toulouse,PSG,0,1,A
16/02/2025,15:00,Montpellier,Lyon,1,4,A
16/02/2025,17:15,Lens,Strasbourg,0,2,A
16/02/2025,,Reims,Angers,0,1,A
16/02/2025,,Le Havre,Nice,1,3,A
16/02/2025,20:45,Rennes,Lille,0,2,A
21/02/2025,20:45,Rennes,Reims,1,0,H
22/02/2025,17:00,Lille,Monaco,2,1,H
22/02/2025,19:00,Saint-Etienne,Angers,3,3,D
22/02/2025,21:05,Auxerre,Marseille,3,0,H
23/02/2025,15:00,Nantes,Lens,3,1,H
23/02/2025,17:15,Le Havre,Toulouse,1,4,A
23/02/2025,,Strasbourg,Brest,0,0,D
23/02/2025,,Nice,Montpellier,2,0,H
23/02/2025,20:45,Lyon,PSG,2,3,A
28/02/2025,20:45,Monaco,Reims,3,0,H
01/03/2025,17:00,Saint-Etienne,Nice,1,3,A
01/03/2025,19:00,Lens,Le Havre,3,4,A
01/03/2025,21:05,PSG,Lille,4,1,H
02/03/2025,15:00,Lyon,Brest,2,1,H
02/03/2025,17:15,Montpellier,Rennes,0,4,A
02/03/2025,,Auxerre,Strasbourg,0,1,A
02/03/2025,,Angers,Toulouse,0,4,A
02/03/2025,20:45,Marseille,Nantes,2,0,H
07/03/2025,20:45,Toulouse,Monaco,1,1,D
08/03/2025,17:00,Rennes,PSG,1,4,A
08/03/2025,19:00,Lille,Montpellier,1,0,H
08/03/2025,21:05,Marseille,Lens,0,1,A
09/03/2025,15:00,Brest,Angers,2,0,H
09/03/2025,17:15,Le Havre,Saint-Etienne,1,1,D
09/03/2025,,Reims,Auxerre,0,2,A
09/03/2025,,Nantes,Strasbourg,0,1,A
09/03/2025,20:45,Nice,Lyon,0,2,A
14/03/2025,20:45,Nice,Auxerre,1,1,D
15/03/2025,17:00,Nantes,Lille,1,0,H
15/03/2025,19:00,Angers,Monaco,0,2,A
15/03/2025,21:05,Lens,Rennes,1,0,H
16/03/2025,15:00,Lyon,Le Havre,4,2,H
16/03/2025,17:15,Montpellier,Saint-Etienne,0,2,A
16/03/2025,,Brest,Reims,0,0,D
16/03/2025,,Strasbourg,Toulouse,2,1,H
16/03/2025,20:45,PSG,Marseille,3,1,H
28/03/2025,20:45,Strasbourg,Lyon,4,2,H
29/03/2025,17:00,Reims,Marseille,3,1,H
29/03/2025,19:00,Saint-Etienne,PSG,1,6,A
29/03/2025,21:05,Monaco,Nice,2,1,H
30/03/2025,15:00,Toulouse,Brest,2,4,A
30/03/2025,17:15,Angers,Rennes,0,3,A
30/03/2025,,Auxerre,Montpellier,1,0,H
30/03/2025,,Le Havre,Nantes,3,2,H
30/03/2025,20:45,Lille,Lens,1,0,H
04/04/2025,20:45,Nice,Nantes,1,2,A
05/04/2025,17:00,PSG,Angers,1,0,H
05/04/2025,19:00,Brest,Monaco,2,1,H
05/04/2025,21:05,Lyon,Lille,2,1,H
06/04/2025,15:00,Lens,Saint-Etienne,1,0,H
06/04/2025,17:15,Montpellier,Le Havre,0,2,A
06/04/2025,,Reims,Strasbourg,0,1,A
06/04/2025,,Rennes,Auxerre,0,1,A
06/04/2025,20:45,Marseille,Toulouse,3,2,H
11/04/2025,20:45,Lens,Reims,0,2,A
12/04/2025,17:00,Monaco,Marseille,3,0,H
12/04/2025,19:00,Toulouse,Lille,1,2,A
12/04/2025,21:05,Strasbourg,Nice,2,2,D
13/04/2025,15:00,Saint-Etienne,Brest,3,3,D
13/04/2025,17:15,Le Havre,Rennes,1,5,A
13/04/2025,,Angers,Montpellier,2,0,H
13/04/2025,20:45,Auxerre,Lyon,1,3,A
18/04/2025,20:45,Rennes,Nantes,2,1,H
19/04/2025,17:00,PSG,Le Havre,2,1,H
19/04/2025,19:00,Monaco,Strasbourg,0,0,D
19/04/2025,21:05,Marseille,Montpellier,5,1,H
20/04/2025,15:00,Lille,Auxerre,3,1,H
20/04/2025,17:15,Nice,Angers,2,1,H
20/04/2025,,Brest,Lens,1,3,A
20/04/2025,,Reims,Toulouse,1,0,H
20/04/2025,20:45,Saint-Etienne,Lyon,2,1,H
22/04/2025,20:45,Nantes,PSG,1,1,D
25/04/2025,20:45,PSG,Nice,1,3,A
26/04/2025,17:00,Strasbourg,Saint-Etienne,3,1,H
26/04/2025,19:00,Le Havre,Monaco,1,1,D
26/04/2025,21:05,Lyon,Rennes,4,1,H
27/04/2025,15:00,Angers,Lille,0,2,A
27/04/2025,17:15,Nantes,Toulouse,0,0,D
27/04/2025,,Montpellier,Reims,0,0,D
27/04/2025,,Lens,Auxerre,0,4,A
27/04/2025,20:45,Marseille,Brest,4,1,H
02/05/2025,20:45,Nice,Reims,1,0,H
03/05/2025,17:00,Strasbourg,PSG,2,1,H
03/05/2025,19:00,Toulouse,Rennes,2,1,H
03/05/2025,21:05,Saint-Etienne,Monaco,1,3,A
04/05/2025,15:00,Nantes,Angers,0,1,A
04/05/2025,17:15,Lyon,Lens,1,2,A
04/05/2025,,Brest,Montpellier,1,0,H
04/05/2025,,Auxerre,Le Havre,1,2,A
04/05/2025,20:45,Lille,Marseille,1,1,D
10/05/2025,21:00,Reims,Saint-Etienne,0,2,A
10/05/2025,,Auxerre,Nantes,1,1,D
10/05/2025,,Angers,Strasbourg,2,1,H
10/05/2025,,Le Havre,Marseille,1,3,A
10/05/2025,,Rennes,Nice,2,0,H
10/05/2025,,Montpellier,PSG,1,4,A
10/05/2025,,Toulouse,Lens,1,1,D
10/05/2025,,Brest,Lille,2,0,H
10/05/2025,,Monaco,Lyon,2,0,H
17/05/2025,21:00,Marseille,Rennes,4,2,H
17/05/2025,,Lyon,Angers,2,0,H
17/05/2025,,Nice,Brest,6,0,H
17/05/2025,,Saint-Etienne,Toulouse,2,3,A
17/05/2025,,Lille,Reims,2,1,H
17/05/2025,,Strasbourg,Le Havre,2,3,A
17/05/2025,,Nantes,Montpellier,3,0,H
17/05/2025,,Lens,Monaco,4,0,H
17/05/2025,,PSG,Auxerre,3,1,H
15/08/2025,20:45,Rennes,Marseille,1,0,H
16/08/2025,17:00,Lens,Lyon,0,1,A
16/08/2025,19:00,Monaco,Le Havre,3,1,H
16/08/2025,21:05,Nice,Toulouse,0,1,A
17/08/2025,15:00,Brest,Lille,3,3,D
17/08/2025,17:15,Metz,Strasbourg,0,1,A
17/08/2025,17:15,Angers,Paris FC,1,0,H
17/08/2025,17:15,Auxerre,Lorient,1,0,H
17/08/2025,20:45,Nantes,PSG,0,1,A
22/08/2025,20:45,PSG,Angers,1,0,H
23/08/2025,17:00,Marseille,Paris FC,5,2,H
23/08/2025,19:00,Nice,Auxerre,3,1,H
23/08/2025,21:05,Lyon,Metz,3,0,H
24/08/2025,15:00,Lorient,Rennes,4,0,H
24/08/2025,17:15,Le Havre,Lens,1,2,A
24/08/2025,17:15,Strasbourg,Nantes,1,0,H
24/08/2025,17:15,Toulouse,Brest,2,0,H
24/08/2025,20:45,Lille,Monaco,1,0,H
29/08/2025,20:45,Lens,Brest,3,1,H
30/08/2025,17:00,Lorient,Lille,1,7,A
30/08/2025,19:00,Nantes,Auxerre,1,0,H
30/08/2025,21:05,Toulouse,PSG,3,6,A
31/08/2025,15:00,Angers,Rennes,1,1,D
31/08/2025,17:15,Le Havre,Nice,3,1,H
31/08/2025,17:15,Paris FC,Metz,3,2,H
31/08/2025,17:15,Monaco,Strasbourg,3,2,H
31/08/2025,20:45,Lyon,Marseille,1,0,H
12/09/2025,20:45,Marseille,Lorient,4,0,H
13/09/2025,17:00,Nice,Nantes,1,0,H
13/09/2025,21:05,Auxerre,Monaco,1,2,A
14/09/2025,15:00,Lille,Toulouse,2,1,H
14/09/2025,17:15,PSG,Lens,2,0,H
14/09/2025,17:15,Strasbourg,Le Havre,1,0,H
14/09/2025,17:15,Metz,Angers,1,1,D
14/09/2025,17:15,Brest,Paris FC,1,2,A
14/09/2025,20:45,Rennes,Lyon,3,1,H
19/09/2025,20:45,Lyon,Angers,1,0,H
20/09/2025,17:00,Nantes,Rennes,2,2,D
20/09/2025,19:00,Brest,Nice,4,1,H
20/09/2025,21:05,Lens,Lille,3,0,H
21/09/2025,15:00,Paris FC,Strasbourg,2,3,A
21/09/2025,17:15,Monaco,Metz,5,2,H
21/09/2025,17:15,Auxerre,Toulouse,1,0,H
21/09/2025,17:15,Le Havre,Lorient,1,1,D
22/09/2025,20:00,Marseille,PSG,1,0,H
26/09/2025,20:45,Strasbourg,Marseille,1,2,A
27/09/2025,17:00,Lorient,Monaco,3,1,H
27/09/2025,19:00,Toulouse,Nantes,2,2,D
27/09/2025,21:05,PSG,Auxerre,2,0,H
28/09/2025,15:00,Nice,Paris FC,1,1,D
28/09/2025,17:15,Lille,Lyon,0,1,A
28/09/2025,17:15,Angers,Brest,0,2,A
28/09/2025,17:15,Metz,Le Havre,0,0,D
28/09/2025,20:45,Rennes,Lens,0,0,D
03/10/2025,20:45,Paris FC,Lorient,2,0,H
04/10/2025,17:00,Metz,Marseille,0,3,A
04/10/2025,19:00,Brest,Nantes,0,0,D
04/10/2025,21:05,Auxerre,Lens,1,2,A
05/10/2025,15:00,Lyon,Toulouse,1,2,A
05/10/2025,17:15,Monaco,Nice,2,2,D
05/10/2025,17:15,Le Havre,Rennes,2,2,D
05/10/2025,17:15,Strasbourg,Angers,5,0,H
05/10/2025,20:45,Lille,PSG,1,1,D
17/10/2025,20:45,PSG,Strasbourg,3,3,D
18/10/2025,17:00,Nice,Lyon,3,2,H
18/10/2025,19:00,Angers,Monaco,1,1,D
18/10/2025,21:05,Marseille,Le Havre,6,2,H
19/10/2025,15:00,Lens,Paris FC,2,1,H
19/10/2025,17:15,Toulouse,Metz,4,0,H
19/10/2025,17:15,Rennes,Auxerre,2,2,D
19/10/2025,17:15,Lorient,Brest,3,3,D
19/10/2025,20:45,Nantes,Lille,0,2,A
24/10/2025,20:45,Paris FC,Nantes,1,2,A
25/10/2025,17:00,Brest,PSG,0,3,A
25/10/2025,19:00,Monaco,Toulouse,1,0,H
25/10/2025,21:05,Lens,Marseille,2,1,H
26/10/2025,15:00,Lille,Metz,6,1,H
26/10/2025,17:15,Angers,Lorient,2,0,H
26/10/2025,17:15,Auxerre,Le Havre,0,1,A
26/10/2025,17:15,Rennes,Nice,1,2,A
26/10/2025,20:45,Lyon,Strasbourg,2,1,H
29/10/2025,19:00,Lorient,PSG,1,1,D
29/10/2025,19:00,Metz,Lens,2,0,H
29/10/2025,19:00,Nice,Lille,2,0,H
29/10/2025,19:00,Le Havre,Brest,1,0,H
29/10/2025,21:05,Paris FC,Lyon,3,3,D
29/10/2025,21:05,Marseille,Angers,2,2,D
29/10/2025,21:05,Strasbourg,Auxerre,3,0,H
29/10/2025,21:05,Toulouse,Rennes,2,2,D
29/10/2025,21:05,Nantes,Monaco,3,5,A
01/11/2025,17:00,PSG,Nice,1,0,H
01/11/2025,19:00,Monaco,Paris FC,0,1,A
01/11/2025,21:05,Auxerre,Marseille,0,1,A
02/11/2025,15:00,Rennes,Strasbourg,4,1,H
02/11/2025,17:15,Nantes,Metz,0,2,A
02/11/2025,17:15,Lens,Lorient,3,0,H
02/11/2025,17:15,Toulouse,Le Havre,0,0,D
02/11/2025,17:15,Lille,Angers,1,0,H
02/11/2025,20:45,Brest,Lyon,0,0,D
07/11/2025,20:45,Paris FC,Rennes,0,1,A
08/11/2025,17:00,Marseille,Brest,3,0,H
08/11/2025,19:00,Le Havre,Nantes,1,1,D
08/11/2025,21:05,Monaco,Lens,1,4,A
09/11/2025,15:00,Lorient,Toulouse,1,1,D
09/11/2025,17:15,Metz,Nice,2,1,H
09/11/2025,17:15,Strasbourg,Lille,2,0,H
09/11/2025,17:15,Angers,Auxerre,2,0,H
09/11/2025,20:45,Lyon,PSG,2,3,A
21/11/2025,20:45,Nice,Marseille,1,5,A
22/11/2025,17:00,Lens,Strasbourg,1,0,H
22/11/2025,19:00,Rennes,Monaco,4,1,H
22/11/2025,21:05,PSG,Le Havre,3,0,H
23/11/2025,15:00,Auxerre,Lyon,0,0,D
23/11/2025,17:15,Brest,Metz,3,2,H
23/11/2025,17:15,Toulouse,Angers,0,1,A
23/11/2025,17:15,Nantes,Lorient,1,1,D
23/11/2025,20:45,Lille,Paris FC,4,2,H
28/11/2025,20:45,Metz,Rennes,0,1,A
29/11/2025,17:00,Monaco,PSG,1,0,H
29/11/2025,19:00,Paris FC,Auxerre,1,1,D
29/11/2025,21:05,Marseille,Toulouse,2,2,D
30/11/2025,15:00,Strasbourg,Brest,1,2,A
30/11/2025,17:15,Angers,Lens,1,2,A
30/11/2025,17:15,Lorient,Nice,3,1,H
30/11/2025,17:15,Le Havre,Lille,0,1,A
30/11/2025,20:45,Lyon,Nantes,3,0,H
05/12/2025,19:00,Brest,Monaco,1,0,H
05/12/2025,21:00,Lille,Marseille,1,0,H
06/12/2025,17:00,Nantes,Lens,1,2,A
06/12/2025,19:00,Toulouse,Strasbourg,1,0,H
06/12/2025,21:05,PSG,Rennes,5,0,H
07/12/2025,15:00,Nice,Angers,0,1,A
07/12/2025,17:15,Le Havre,Paris FC,0,0,D
07/12/2025,17:15,Auxerre,Metz,3,1,H
07/12/2025,20:45,Lorient,Lyon,1,0,H
12/12/2025,20:45,Angers,Nantes,4,1,H
13/12/2025,17:00,Rennes,Brest,3,1,H
13/12/2025,19:00,Metz,PSG,2,3,A
13/12/2025,21:05,Paris FC,Toulouse,0,3,A
14/12/2025,15:00,Lyon,Le Havre,1,0,H
14/12/2025,17:15,Auxerre,Lille,3,4,A
14/12/2025,17:15,Strasbourg,Lorient,0,0,D
14/12/2025,17:15,Lens,Nice,2,0,H
14/12/2025,20:45,Marseille,Monaco,1,0,H
02/01/2026,20:45,Toulouse,Lens,0,3,A
03/01/2026,17:00,Monaco,Lyon,1,3,A
03/01/2026,19:00,Nice,Strasbourg,1,1,D
03/01/2026,21:05,Lille,Rennes,0,2,A
04/01/2026,15:00,Marseille,Nantes,0,2,A
04/01/2026,17:15,Brest,Auxerre,2,0,H
04/01/2026,17:15,Lorient,Metz,1,1,D
04/01/2026,17:15,Le Havre,Angers,2,1,H
04/01/2026,20:45,PSG,Paris FC,2,1,H
16/01/2026,19:00,Monaco,Lorient,1,3,A
16/01/2026,21:00,PSG,Lille,3,0,H
17/01/2026,17:00,Lens,Auxerre,1,0,H
17/01/2026,19:00,Toulouse,Nice,5,1,H
17/01/2026,21:05,Angers,Marseille,2,5,A
18/01/2026,15:00,Strasbourg,Metz,2,1,H
18/01/2026,17:15,Nantes,Paris FC,1,2,A
18/01/2026,17:15,Rennes,Le Havre,1,1,D
18/01/2026,20:45,Lyon,Brest,2,1,H
23/01/2026,20:00,Auxerre,PSG,0,1,A
24/01/2026,17:00,Rennes,Lorient,0,2,A
24/01/2026,19:00,Le Havre,Monaco,0,0,D
24/01/2026,21:05,Marseille,Lens,3,1,H
25/01/2026,15:00,Nantes,Nice,1,4,A
25/01/2026,17:15,Metz,Lyon,2,5,A
25/01/2026,17:15,Paris FC,Angers,0,0,D
25/01/2026,17:15,Brest,Toulouse,0,2,A
25/01/2026,20:45,Lille,Strasbourg,1,4,A
30/01/2026,20:45,Lens,Le Havre,1,0,H
31/01/2026,17:00,Paris FC,Marseille,2,2,D
31/01/2026,19:00,Lorient,Nantes,2,1,H
31/01/2026,21:05,Monaco,Rennes,4,0,H
01/02/2026,15:00,Lyon,Lille,1,0,H
01/02/2026,17:15,Angers,Metz,1,0,H
01/02/2026,17:15,Toulouse,Auxerre,0,0,D
01/02/2026,17:15,Nice,Brest,2,2,D
01/02/2026,20:45,Strasbourg,PSG,1,2,A
06/02/2026,20:45,Metz,Lille,0,0,D
07/02/2026,17:00,Lens,Rennes,3,1,H
07/02/2026,19:00,Brest,Lorient,2,0,H
07/02/2026,21:05,Nantes,Lyon,0,1,A
08/02/2026,15:00,Nice,Monaco,0,0,D
08/02/2026,17:15,Auxerre,Paris FC,0,0,D
08/02/2026,17:15,Le Havre,Strasbourg,2,1,H
08/02/2026,17:15,Angers,Toulouse,1,0,H
08/02/2026,20:45,PSG,Marseille,5,0,H
13/02/2026,19:00,Rennes,PSG,3,1,H
13/02/2026,21:05,Monaco,Nantes,3,1,H
14/02/2026,17:00,Marseille,Strasbourg,2,2,D
14/02/2026,19:00,Lille,Brest,1,1,D
14/02/2026,21:05,Paris FC,Lens,0,5,A
15/02/2026,15:00,Le Havre,Toulouse,2,1,H
15/02/2026,17:15,Lorient,Angers,2,0,H
15/02/2026,17:15,Metz,Auxerre,1,3,A
15/02/2026,20:45,Lyon,Nice,2,0,H
20/02/2026,20:45,Brest,Marseille,2,0,H
21/02/2026,17:00,Lens,Monaco,2,3,A
21/02/2026,19:00,Toulouse,Paris FC,1,1,D
21/02/2026,21:05,PSG,Metz,3,0,H
22/02/2026,15:00,Auxerre,Rennes,0,3,A
22/02/2026,17:15,Angers,Lille,0,1,A
22/02/2026,17:15,Nantes,Le Havre,2,0,H
22/02/2026,17:15,Nice,Lorient,3,3,D
22/02/2026,20:45,Strasbourg,Lyon,3,1,H
27/02/2026,20:45,Strasbourg,Lens,1,1,D
28/02/2026,17:00,Rennes,Toulouse,1,0,H
28/02/2026,19:00,Monaco,Angers,2,0,H
28/02/2026,21:05,Le Havre,PSG,0,1,A
01/03/2026,15:00,Paris FC,Nice,1,0,H
01/03/2026,17:15,Lorient,Auxerre,2,2,D
01/03/2026,17:15,Metz,Brest,0,1,A
01/03/2026,17:15,Lille,Nantes,1,0,H
01/03/2026,20:45,Marseille,Lyon,3,2,H
06/03/2026,20:45,PSG,Monaco,1,3,A
07/03/2026,17:00,Nantes,Angers,0,1,A
07/03/2026,19:00,Auxerre,Strasbourg,0,0,D
07/03/2026,21:05,Toulouse,Marseille,0,1,A
08/03/2026,15:00,Lens,Metz,3,0,H
08/03/2026,17:15,Nice,Rennes,0,4,A
08/03/2026,17:15,Brest,Le Havre,2,0,H
08/03/2026,17:15,Lille,Lorient,1,1,D
08/03/2026,20:45,Lyon,Paris FC,1,1,D
13/03/2026,20:45,Marseille,Auxerre,1,0,H
14/03/2026,17:00,Lorient,Lens,2,1,H
14/03/2026,19:00,Angers,Nice,0,2,A
14/03/2026,21:05,Monaco,Brest,2,0,H
15/03/2026,15:00,Strasbourg,Paris FC,0,0,D
15/03/2026,17:15,Le Havre,Lyon,0,0,D
15/03/2026,17:15,Metz,Toulouse,3,4,A
15/03/2026,20:45,Rennes,Lille,1,2,A
20/03/2026,20:45,Lens,Angers,5,1,H
21/03/2026,17:00,Toulouse,Lorient,1,0,H
21/03/2026,19:00,Auxerre,Brest,3,0,H
21/03/2026,21:05,Nice,PSG,0,4,A
22/03/2026,15:00,Lyon,Monaco,1,2,A
22/03/2026,17:15,Rennes,Metz,0,0,D
22/03/2026,17:15,Marseille,Lille,1,2,A
22/03/2026,17:15,Paris FC,Le Havre,3,2,H
22/03/2026,20:45,Nantes,Strasbourg,2,3,A
03/04/2026,20:45,PSG,Toulouse,3,1,H
04/04/2026,17:00,Strasbourg,Nice,3,1,H
04/04/2026,19:00,Brest,Rennes,3,4,A
04/04/2026,21:05,Lille,Lens,3,0,H
05/04/2026,15:00,Angers,Lyon,0,0,D
05/04/2026,17:15,Lorient,Paris FC,1,1,D
05/04/2026,17:15,Metz,Nantes,0,0,D
05/04/2026,17:15,Le Havre,Auxerre,1,1,D
05/04/2026,20:45,Monaco,Marseille,2,1,H
10/04/2026,19:00,Paris FC,Monaco,4,1,H
10/04/2026,21:05,Marseille,Metz,3,1,H
11/04/2026,19:00,Auxerre,Nantes,0,0,D
11/04/2026,21:05,Rennes,Angers,2,1,H
12/04/2026,17:15,Toulouse,Lille,0,4,A
12/04/2026,17:15,Nice,Le Havre,1,1,D
12/04/2026,20:45,Lyon,Lorient,2,0,H
17/04/2026,20:45,Lens,Toulouse,3,2,H
18/04/2026,17:00,Lorient,Marseille,2,0,H
18/04/2026,19:00,Angers,Le Havre,1,1,D
18/04/2026,21:05,Lille,Nice,0,0,D
19/04/2026,15:00,Monaco,Auxerre,2,2,D
19/04/2026,17:15,Metz,Paris FC,1,3,A
19/04/2026,17:15,Strasbourg,Rennes,0,3,A
19/04/2026,17:15,Nantes,Brest,1,1,D
19/04/2026,20:45,PSG,Lyon,1,2,A
22/04/2026,19:00,PSG,Nantes,3,0,H
24/04/2026,20:45,Brest,Lens,3,3,D
25/04/2026,15:00,Lyon,Auxerre,3,2,H
25/04/2026,19:00,Angers,PSG,0,3,A
25/04/2026,21:05,Toulouse,Monaco,2,2,D
26/04/2026,15:00,Lorient,Strasbourg,2,3,A
26/04/2026,17:15,Paris FC,Lille,0,1,A
26/04/2026,17:15,Le Havre,Metz,4,4,D
26/04/2026,17:15,Rennes,Nantes,2,1,H
26/04/2026,20:45,Marseille,Nice,1,1,D
02/05/2026,15:00,Nantes,Marseille,3,0,H
02/05/2026,17:00,PSG,Lorient,2,2,D
02/05/2026,19:00,Metz,Monaco,1,2,A
02/05/2026,21:05,Nice,Lens,1,1,D
03/05/2026,15:00,Lille,Le Havre,1,1,D
03/05/2026,17:15,Strasbourg,Toulouse,1,2,A
03/05/2026,17:15,Paris FC,Brest,4,0,H
03/05/2026,17:15,Auxerre,Angers,3,1,H
03/05/2026,20:45,Lyon,Rennes,4,2,H
08/05/2026,20:45,Lens,Nantes,1,0,H
10/05/2026,21:00,Angers,Strasbourg,1,1,D
10/05/2026,21:00,Rennes,Paris FC,2,1,H
10/05/2026,21:00,Auxerre,Nice,2,1,H
10/05/2026,21:00,Le Havre,Marseille,0,1,A
10/05/2026,21:00,PSG,Brest,1,0,H
10/05/2026,21:00,Toulouse,Lyon,2,1,H
10/05/2026,21:00,Monaco,Lille,0,1,A
10/05/2026,21:00,Metz,Lorient,0,4,A
13/05/2026,19:00,Brest,Strasbourg,1,2,A
13/05/2026,21:00,Lens,PSG,0,2,A
17/05/2026,21:00,Nice,Metz,0,0,D
17/05/2026,21:00,Lille,Auxerre,0,2,A
17/05/2026,21:00,Marseille,Rennes,3,1,H
17/05/2026,21:00,Strasbourg,Monaco,5,4,H
17/05/2026,21:00,Lyon,Lens,0,4,A
17/05/2026,21:00,Paris FC,PSG,2,1,H
17/05/2026,21:00,Brest,Angers,1,1,D
17/05/2026,21:00,Lorient,Le Havre,0,2,A
17/05/2026,21:00,Nantes,Toulouse,0,0,D
21/08/2026,20:45,Marseille,Strasbourg,4,0,H
22/08/2026,17:15,Lens,Auxerre,5,2,H
22/08/2026,20:45,Le Mans,Brest,2,2,D
22/08/2026,,Troyes,Paris FC,0,0,D
22/08/2026,,Nice,Lorient,0,0,D
22/08/2026,,Toulouse,Lyon,0,2,A
23/08/2026,15:00,Angers,Lille,0,2,A
23/08/2026,17:15,Le Havre,Monaco,0,1,A
23/08/2026,20:45,Rennes,PSG,2,2,D
28/08/2026,20:45,Lille,PSG,2,2,D
29/08/2026,17:15,Strasbourg,Lens,2,1,H
29/08/2026,20:45,Lorient,Troyes,1,2,A
29/08/2026,,Lyon,Le Havre,1,1,D
29/08/2026,,Auxerre,Angers,1,3,A
29/08/2026,,Brest,Toulouse,2,2,D
30/08/2026,15:00,Paris FC,Nice,3,0,H
30/08/2026,17:15,Rennes,Le Mans,3,2,H
30/08/2026,20:45,Monaco,Marseille,2,0,H
