Date,Time,HomeTeam,AwayTeam,FTHG,FTAG,FTR
08/08/2015,12:45,Man United,Tottenham,1,0,H
08/08/2015,15:00,Bournemouth,Aston Villa,0,1,A
08/08/2015,,Everton,Watford,2,2,D
08/08/2015,,Leicester,Sunderland,4,2,H
08/08/2015,,Norwich,Crystal Palace,1,3,A
08/08/2015,17:30,Chelsea,Swansea,2,2,D
09/08/2015,13:30,Newcastle,Southampton,2,2,D
09/08/2015,16:00,Stoke,Liverpool,0,1,A
09/08/2015,13:30,Arsenal,West Ham,0,2,A
10/08/2015,20:00,West Brom,Man City,0,3,A
14/08/2015,19:45,Aston Villa,Man United,0,1,A
15/08/2015,12:45,Southampton,Everton,0,3,A
15/08/2015,15:00,Sunderland,Norwich,1,3,A
15/08/2015,,Swansea,Newcastle,2,0,H
15/08/2015,,Tottenham,Stoke,2,2,D
15/08/2015,,Watford,West Brom,0,0,D
15/08/2015,,West Ham,Leicester,1,2,A
16/08/2015,16:00,Man City,Chelsea,3,0,H
16/08/2015,13:30,Crystal Palace,Arsenal,1,2,A
17/08/2015,20:00,Liverpool,Bournemouth,1,0,H
22/08/2015,12:45,Man United,Newcastle,0,0,D
22/08/2015,15:00,Crystal Palace,Aston Villa,2,1,H
22/08/2015,,Leicester,Tottenham,1,1,D
22/08/2015,,Norwich,Stoke,1,1,D
22/08/2015,,Sunderland,Swansea,1,1,D
22/08/2015,,West Ham,Bournemouth,3,4,A
23/08/2015,16:00,Everton,Man City,0,2,A
23/08/2015,,Watford,Southampton,0,0,D
23/08/2015,13:30,West Brom,Chelsea,2,3,A
24/08/2015,20:00,Arsenal,Liverpool,0,0,D
29/08/2015,12:45,Newcastle,Arsenal,0,1,A
29/08/2015,15:00,Bournemouth,Leicester,1,1,D
29/08/2015,,Aston Villa,Sunderland,2,2,D
29/08/2015,,Chelsea,Crystal Palace,1,2,A
29/08/2015,,Liverpool,West Ham,0,3,A
29/08/2015,,Man City,Watford,2,0,H
29/08/2015,,Stoke,West Brom,0,1,A
29/08/2015,17:30,Tottenham,Everton,0,0,D
30/08/2015,16:00,Swansea,Man United,2,1,H
30/08/2015,13:30,Southampton,Norwich,3,0,H
12/09/2015,12:45,Everton,Chelsea,3,1,H
12/09/2015,15:00,Arsenal,Stoke,2,0,H
12/09/2015,,Crystal Palace,Man City,0,1,A
12/09/2015,,Norwich,Bournemouth,3,1,H
12/09/2015,,Watford,Swansea,1,0,H
12/09/2015,,West Brom,Southampton,0,0,D
12/09/2015,17:30,Man United,Liverpool,3,1,H
13/09/2015,16:00,Leicester,Aston Villa,3,2,H
13/09/2015,13:30,Sunderland,Tottenham,0,1,A
14/09/2015,20:00,West Ham,Newcastle,2,0,H
19/09/2015,12:45,Chelsea,Arsenal,2,0,H
19/09/2015,15:00,Bournemouth,Sunderland,2,0,H
19/09/2015,,Aston Villa,West Brom,0,1,A
19/09/2015,,Newcastle,Watford,1,2,A
19/09/2015,,Stoke,Leicester,2,2,D
19/09/2015,,Swansea,Everton,0,0,D
19/09/2015,17:30,Man City,West Ham,1,2,A
20/09/2015,13:30,Tottenham,Crystal Palace,1,0,H
20/09/2015,16:00,Liverpool,Norwich,1,1,D
20/09/2015,,Southampton,Man United,2,3,A
26/09/2015,15:00,Leicester,Arsenal,2,5,A
26/09/2015,,Liverpool,Aston Villa,3,2,H
26/09/2015,,Man United,Sunderland,3,0,H
26/09/2015,,Southampton,Swansea,3,1,H
26/09/2015,,Stoke,Bournemouth,2,1,H
26/09/2015,,West Ham,Norwich,2,2,D
26/09/2015,17:30,Newcastle,Chelsea,2,2,D
26/09/2015,12:45,Tottenham,Man City,4,1,H
27/09/2015,16:00,Watford,Crystal Palace,0,1,A
28/09/2015,20:00,West Brom,Everton,2,3,A
03/10/2015,15:00,Bournemouth,Watford,1,1,D
03/10/2015,,Aston Villa,Stoke,0,1,A
03/10/2015,,Man City,Newcastle,6,1,H
03/10/2015,,Norwich,Leicester,1,2,A
03/10/2015,,Sunderland,West Ham,2,2,D
03/10/2015,17:30,Chelsea,Southampton,1,3,A
03/10/2015,12:45,Crystal Palace,West Brom,2,0,H
04/10/2015,13:30,Everton,Liverpool,1,1,D
04/10/2015,16:00,Arsenal,Man United,3,0,H
04/10/2015,,Swansea,Tottenham,2,2,D
17/10/2015,12:45,Tottenham,Liverpool,0,0,D
17/10/2015,15:00,Chelsea,Aston Villa,2,0,H
17/10/2015,,Crystal Palace,West Ham,1,3,A
17/10/2015,,Everton,Man United,0,3,A
17/10/2015,,Man City,Bournemouth,5,1,H
17/10/2015,,Southampton,Leicester,2,2,D
17/10/2015,,West Brom,Sunderland,1,0,H
17/10/2015,17:30,Watford,Arsenal,0,3,A
18/10/2015,16:00,Newcastle,Norwich,6,2,H
19/10/2015,20:00,Swansea,Stoke,0,1,A
24/10/2015,15:00,Aston Villa,Swansea,1,2,A
24/10/2015,,Leicester,Crystal Palace,1,0,H
24/10/2015,,Norwich,West Brom,0,1,A
24/10/2015,,Stoke,Watford,0,2,A
24/10/2015,,West Ham,Chelsea,2,1,H
24/10/2015,17:30,Arsenal,Everton,2,1,H
25/10/2015,14:05,Bournemouth,Tottenham,1,5,A
25/10/2015,,Man United,Man City,0,0,D
25/10/2015,16:15,Liverpool,Southampton,1,1,D
25/10/2015,12:00,Sunderland,Newcastle,3,0,H
31/10/2015,12:45,Chelsea,Liverpool,1,3,A
31/10/2015,15:00,Crystal Palace,Man United,0,0,D
31/10/2015,,Man City,Norwich,2,1,H
31/10/2015,,Newcastle,Stoke,0,0,D
31/10/2015,,Swansea,Arsenal,0,3,A
31/10/2015,,Watford,West Ham,2,0,H
31/10/2015,,West Brom,Leicester,2,3,A
01/11/2015,16:00,Southampton,Bournemouth,2,0,H
01/11/2015,13:30,Everton,Sunderland,6,2,H
02/11/2015,20:00,Tottenham,Aston Villa,3,1,H
07/11/2015,12:45,Bournemouth,Newcastle,0,1,A
07/11/2015,15:00,Leicester,Watford,2,1,H
07/11/2015,,Man United,West Brom,2,0,H
07/11/2015,,Norwich,Swansea,1,0,H
07/11/2015,,Sunderland,Southampton,0,1,A
07/11/2015,,West Ham,Everton,1,1,D
07/11/2015,17:30,Stoke,Chelsea,1,0,H
08/11/2015,13:30,Aston Villa,Man City,0,0,D
08/11/2015,16:00,Arsenal,Tottenham,1,1,D
08/11/2015,,Liverpool,Crystal Palace,1,2,A
21/11/2015,12:45,Watford,Man United,1,2,A
21/11/2015,15:00,Chelsea,Norwich,1,0,H
21/11/2015,,Everton,Aston Villa,4,0,H
21/11/2015,,Newcastle,Leicester,0,3,A
21/11/2015,,Southampton,Stoke,0,1,A
21/11/2015,,Swansea,Bournemouth,2,2,D
21/11/2015,,West Brom,Arsenal,2,1,H
21/11/2015,17:30,Man City,Liverpool,1,4,A
22/11/2015,16:00,Tottenham,West Ham,4,1,H
23/11/2015,20:00,Crystal Palace,Sunderland,0,1,A
28/11/2015,15:00,Bournemouth,Everton,3,3,D
28/11/2015,,Aston Villa,Watford,2,3,A
28/11/2015,,Crystal Palace,Newcastle,5,1,H
28/11/2015,,Man City,Southampton,3,1,H
28/11/2015,,Sunderland,Stoke,2,0,H
28/11/2015,17:30,Leicester,Man United,1,1,D
29/11/2015,14:05,West Ham,West Brom,1,1,D
29/11/2015,16:15,Liverpool,Swansea,1,0,H
29/11/2015,,Norwich,Arsenal,1,1,D
29/11/2015,12:00,Tottenham,Chelsea,0,0,D
05/12/2015,12:45,Stoke,Man City,2,0,H
05/12/2015,15:00,Arsenal,Sunderland,3,1,H
05/12/2015,,Man United,West Ham,0,0,D
05/12/2015,,Southampton,Aston Villa,1,1,D
05/12/2015,,Swansea,Leicester,0,3,A
05/12/2015,,Watford,Norwich,2,0,H
05/12/2015,,West Brom,Tottenham,1,1,D
05/12/2015,17:30,Chelsea,Bournemouth,0,1,A
06/12/2015,16:00,Newcastle,Liverpool,2,0,H
07/12/2015,20:00,Everton,Crystal Palace,1,1,D
12/12/2015,15:00,Crystal Palace,Southampton,1,0,H
12/12/2015,,Man City,Swansea,2,1,H
12/12/2015,,Sunderland,Watford,0,1,A
12/12/2015,,West Ham,Stoke,0,0,D
12/12/2015,17:30,Bournemouth,Man United,2,1,H
12/12/2015,12:45,Norwich,Everton,1,1,D
13/12/2015,13:30,Aston Villa,Arsenal,0,2,A
13/12/2015,16:00,Liverpool,West Brom,2,2,D
13/12/2015,,Tottenham,Newcastle,1,2,A
14/12/2015,20:00,Leicester,Chelsea,2,1,H
19/12/2015,15:00,Chelsea,Sunderland,3,1,H
19/12/2015,,Everton,Leicester,2,3,A
19/12/2015,,Man United,Norwich,1,2,A
19/12/2015,,Southampton,Tottenham,0,2,A
19/12/2015,,Stoke,Crystal Palace,1,2,A
19/12/2015,,West Brom,Bournemouth,1,2,A
19/12/2015,17:30,Newcastle,Aston Villa,1,1,D
20/12/2015,16:00,Swansea,West Ham,0,0,D
20/12/2015,13:30,Watford,Liverpool,3,0,H
21/12/2015,20:00,Arsenal,Man City,2,1,H
26/12/2015,12:45,Stoke,Man United,2,0,H
26/12/2015,15:00,Bournemouth,Crystal Palace,0,0,D
26/12/2015,,Aston Villa,West Ham,1,1,D
26/12/2015,,Chelsea,Watford,2,2,D
26/12/2015,,Liverpool,Leicester,1,0,H
26/12/2015,,Man City,Sunderland,4,1,H
26/12/2015,,Swansea,West Brom,1,0,H
26/12/2015,,Tottenham,Norwich,3,0,H
26/12/2015,17:30,Newcastle,Everton,0,1,A
26/12/2015,19:45,Southampton,Arsenal,4,0,H
28/12/2015,15:00,Crystal Palace,Swansea,0,0,D
28/12/2015,,Everton,Stoke,3,4,A
28/12/2015,,Norwich,Aston Villa,2,0,H
28/12/2015,,Watford,Tottenham,1,2,A
28/12/2015,,West Brom,Newcastle,1,0,H
28/12/2015,17:30,Arsenal,Bournemouth,2,0,H
28/12/2015,,Man United,Chelsea,0,0,D
28/12/2015,,West Ham,Southampton,2,1,H
29/12/2015,19:45,Leicester,Man City,0,0,D
30/12/2015,19:45,Sunderland,Liverpool,0,1,A
02/01/2016,12:45,West Ham,Liverpool,2,0,H
02/01/2016,15:00,Arsenal,Newcastle,1,0,H
02/01/2016,,Leicester,Bournemouth,0,0,D
02/01/2016,,Man United,Swansea,2,1,H
02/01/2016,,Norwich,Southampton,1,0,H
02/01/2016,,Sunderland,Aston Villa,3,1,H
02/01/2016,,West Brom,Stoke,2,1,H
02/01/2016,17:30,Watford,Man City,1,2,A
03/01/2016,16:00,Everton,Tottenham,1,1,D
03/01/2016,13:30,Crystal Palace,Chelsea,0,3,A
12/01/2016,19:45,Aston Villa,Crystal Palace,1,0,H
12/01/2016,,Newcastle,Man United,3,3,D
12/01/2016,,Bournemouth,West Ham,1,3,A
13/01/2016,19:45,Swansea,Sunderland,2,4,A
13/01/2016,,Chelsea,West Brom,2,2,D
13/01/2016,,Man City,Everton,0,0,D
13/01/2016,,Southampton,Watford,2,0,H
13/01/2016,,Stoke,Norwich,3,1,H
13/01/2016,20:00,Liverpool,Arsenal,3,3,D
13/01/2016,,Tottenham,Leicester,0,1,A
16/01/2016,12:45,Tottenham,Sunderland,4,1,H
16/01/2016,15:00,Bournemouth,Norwich,3,0,H
16/01/2016,,Chelsea,Everton,3,3,D
16/01/2016,,Man City,Crystal Palace,4,0,H
16/01/2016,,Newcastle,West Ham,2,1,H
16/01/2016,,Southampton,West Brom,3,0,H
16/01/2016,17:30,Aston Villa,Leicester,1,1,D
17/01/2016,16:15,Stoke,Arsenal,0,0,D
17/01/2016,14:05,Liverpool,Man United,0,1,A
18/01/2016,20:00,Swansea,Watford,1,0,H
23/01/2016,12:45,Norwich,Liverpool,4,5,A
23/01/2016,15:00,Crystal Palace,Tottenham,1,3,A
23/01/2016,,Leicester,Stoke,3,0,H
23/01/2016,,Man United,Southampton,0,1,A
23/01/2016,,Sunderland,Bournemouth,1,1,D
23/01/2016,,Watford,Newcastle,2,1,H
23/01/2016,,West Brom,Aston Villa,0,0,D
23/01/2016,17:30,West Ham,Man City,2,2,D
24/01/2016,16:00,Arsenal,Chelsea,0,1,A
24/01/2016,13:30,Everton,Swansea,1,2,A
02/02/2016,19:45,Arsenal,Southampton,0,0,D
02/02/2016,,Leicester,Liverpool,2,0,H
02/02/2016,,Norwich,Tottenham,0,3,A
02/02/2016,,Sunderland,Man City,0,1,A
02/02/2016,,West Ham,Aston Villa,2,0,H
02/02/2016,20:00,Crystal Palace,Bournemouth,1,2,A
02/02/2016,,Man United,Stoke,3,0,H
02/02/2016,,West Brom,Swansea,1,1,D
03/02/2016,19:45,Everton,Newcastle,3,0,H
03/02/2016,,Watford,Chelsea,0,0,D
06/02/2016,12:45,Man City,Leicester,1,3,A
06/02/2016,15:00,Aston Villa,Norwich,2,0,H
06/02/2016,,Liverpool,Sunderland,2,2,D
06/02/2016,,Newcastle,West Brom,1,0,H
06/02/2016,,Stoke,Everton,0,3,A
06/02/2016,,Swansea,Crystal Palace,1,1,D
06/02/2016,,Tottenham,Watford,1,0,H
06/02/2016,17:30,Southampton,West Ham,1,0,H
07/02/2016,16:00,Chelsea,Man United,1,1,D
07/02/2016,13:30,Bournemouth,Arsenal,0,2,A
13/02/2016,12:45,Sunderland,Man United,2,1,H
13/02/2016,15:00,Bournemouth,Stoke,1,3,A
13/02/2016,,Crystal Palace,Watford,1,2,A
13/02/2016,,Everton,West Brom,0,1,A
13/02/2016,,Norwich,West Ham,2,2,D
13/02/2016,,Swansea,Southampton,0,1,A
13/02/2016,17:30,Chelsea,Newcastle,5,1,H
14/02/2016,14:05,Aston Villa,Liverpool,0,6,A
14/02/2016,16:15,Man City,Tottenham,1,2,A
14/02/2016,12:00,Arsenal,Leicester,2,1,H
27/02/2016,12:45,West Ham,Sunderland,1,0,H
27/02/2016,15:00,Leicester,Norwich,1,0,H
27/02/2016,,Southampton,Chelsea,1,2,A
27/02/2016,,Stoke,Aston Villa,2,1,H
27/02/2016,,Watford,Bournemouth,0,0,D
27/02/2016,17:30,West Brom,Crystal Palace,3,2,H
28/02/2016,14:05,Tottenham,Swansea,2,1,H
28/02/2016,,Man United,Arsenal,3,2,H
01/03/2016,19:45,Sunderland,Crystal Palace,2,2,D
01/03/2016,,Norwich,Chelsea,1,2,A
01/03/2016,,Bournemouth,Southampton,2,0,H
01/03/2016,,Aston Villa,Everton,1,3,A
01/03/2016,,Leicester,West Brom,2,2,D
02/03/2016,20:00,Liverpool,Man City,3,0,H
02/03/2016,19:45,Arsenal,Swansea,1,2,A
02/03/2016,,West Ham,Tottenham,1,0,H
02/03/2016,,Stoke,Newcastle,1,0,H
02/03/2016,20:00,Man United,Watford,1,0,H
05/03/2016,17:30,Watford,Leicester,0,1,A
05/03/2016,15:00,Swansea,Norwich,1,0,H
05/03/2016,12:45,Tottenham,Arsenal,2,2,D
05/03/2016,15:00,Chelsea,Stoke,1,1,D
05/03/2016,,Everton,West Ham,2,3,A
05/03/2016,,Man City,Aston Villa,4,0,H
05/03/2016,,Newcastle,Bournemouth,1,3,A
05/03/2016,,Southampton,Sunderland,1,1,D
06/03/2016,16:00,West Brom,Man United,1,0,H
06/03/2016,13:30,Crystal Palace,Liverpool,1,2,A
12/03/2016,15:00,Bournemouth,Swansea,3,2,H
12/03/2016,12:45,Norwich,Man City,0,0,D
12/03/2016,15:00,Stoke,Southampton,1,2,A
13/03/2016,16:00,Aston Villa,Tottenham,0,2,A
14/03/2016,20:00,Leicester,Newcastle,1,0,H
19/03/2016,12:45,Everton,Arsenal,0,2,A
19/03/2016,15:00,Crystal Palace,Leicester,0,1,A
19/03/2016,,Chelsea,West Ham,2,2,D
19/03/2016,17:30,Swansea,Aston Villa,1,0,H
19/03/2016,15:00,West Brom,Norwich,0,1,A
19/03/2016,,Watford,Stoke,1,2,A
20/03/2016,13:30,Southampton,Liverpool,3,2,H
20/03/2016,,Newcastle,Sunderland,1,1,D
20/03/2016,16:00,Man City,Man United,0,1,A
20/03/2016,,Tottenham,Bournemouth,3,0,H
02/04/2016,15:00,Stoke,Swansea,2,2,D
02/04/2016,,Sunderland,West Brom,0,0,D
02/04/2016,,West Ham,Crystal Palace,2,2,D
02/04/2016,17:30,Liverpool,Tottenham,1,1,D
02/04/2016,15:00,Arsenal,Watford,4,0,H
02/04/2016,,Bournemouth,Man City,0,4,A
02/04/2016,,Norwich,Newcastle,3,2,H
02/04/2016,12:45,Aston Villa,Chelsea,0,4,A
03/04/2016,16:00,Man United,Everton,1,0,H
03/04/2016,13:30,Leicester,Southampton,1,0,H
09/04/2016,17:30,Man City,West Brom,2,1,H
09/04/2016,15:00,Watford,Everton,1,1,D
09/04/2016,,Swansea,Chelsea,1,0,H
09/04/2016,,Southampton,Newcastle,3,1,H
09/04/2016,,Aston Villa,Bournemouth,1,2,A
09/04/2016,12:45,West Ham,Arsenal,3,3,D
09/04/2016,15:00,Crystal Palace,Norwich,1,0,H
10/04/2016,16:00,Liverpool,Stoke,4,1,H
10/04/2016,16:30,Tottenham,Man United,3,0,H
10/04/2016,13:30,Sunderland,Leicester,0,2,A
13/04/2016,20:00,Crystal Palace,Everton,0,0,D
16/04/2016,15:00,Man United,Aston Villa,1,0,H
16/04/2016,,Newcastle,Swansea,3,0,H
16/04/2016,,West Brom,Watford,0,1,A
16/04/2016,,Everton,Southampton,1,1,D
16/04/2016,12:45,Norwich,Sunderland,0,3,A
16/04/2016,17:30,Chelsea,Man City,0,3,A
17/04/2016,13:30,Bournemouth,Liverpool,1,2,A
17/04/2016,,Leicester,West Ham,2,2,D
17/04/2016,16:00,Arsenal,Crystal Palace,1,1,D
18/04/2016,20:00,Stoke,Tottenham,0,4,A
19/04/2016,19:45,Newcastle,Man City,1,1,D
20/04/2016,20:00,Liverpool,Everton,4,0,H
20/04/2016,19:45,West Ham,Watford,3,1,H
20/04/2016,20:00,Man United,Crystal Palace,2,0,H
21/04/2016,19:45,Arsenal,West Brom,2,0,H
23/04/2016,15:00,Liverpool,Newcastle,2,2,D
23/04/2016,12:45,Man City,Stoke,4,0,H
23/04/2016,15:00,Aston Villa,Southampton,2,4,A
23/04/2016,,Bournemouth,Chelsea,1,4,A
24/04/2016,16:15,Leicester,Swansea,4,0,H
24/04/2016,14:05,Sunderland,Arsenal,0,0,D
25/04/2016,20:00,Tottenham,West Brom,1,1,D
30/04/2016,15:00,Watford,Aston Villa,3,2,H
30/04/2016,,West Brom,West Ham,0,3,A
30/04/2016,,Stoke,Sunderland,1,1,D
30/04/2016,,Newcastle,Crystal Palace,1,0,H
30/04/2016,,Everton,Bournemouth,2,1,H
30/04/2016,17:30,Arsenal,Norwich,1,0,H
01/05/2016,16:30,Southampton,Man City,4,2,H
01/05/2016,14:05,Man United,Leicester,1,1,D
01/05/2016,12:00,Swansea,Liverpool,3,1,H
02/05/2016,20:00,Chelsea,Tottenham,2,2,D
07/05/2016,15:00,Crystal Palace,Stoke,2,1,H
07/05/2016,,Sunderland,Chelsea,3,2,H
07/05/2016,,Aston Villa,Newcastle,0,0,D
07/05/2016,17:30,Leicester,Everton,3,1,H
07/05/2016,12:45,Norwich,Man United,0,1,A
07/05/2016,15:00,Bournemouth,West Brom,1,1,D
07/05/2016,,West Ham,Swansea,1,4,A
08/05/2016,16:00,Liverpool,Watford,2,0,H
08/05/2016,,Man City,Arsenal,2,2,D
08/05/2016,13:30,Tottenham,Southampton,1,2,A
10/05/2016,20:30,West Ham,Man United,3,2,H
11/05/2016,19:45,Sunderland,Everton,3,0,H
11/05/2016,19:45,Norwich,Watford,4,2,H
11/05/2016,20:00,Liverpool,Chelsea,1,1,D
15/05/2016,15:00,Arsenal,Aston Villa,4,0,H
15/05/2016,,Chelsea,Leicester,1,1,D
15/05/2016,,Everton,Norwich,3,0,H
15/05/2016,,Newcastle,Tottenham,5,1,H
15/05/2016,,Southampton,Crystal Palace,4,1,H
15/05/2016,,Stoke,West Ham,2,1,H
15/05/2016,,Swansea,Man City,1,1,D
15/05/2016,,Watford,Sunderland,2,2,D
15/05/2016,,West Brom,Liverpool,1,1,D
17/05/2016,20:00,Man United,Bournemouth,3,1,H
13/08/2016,12:30,Hull City,Leicester,2,1,H
13/08/2016,15:00,Burnley,Swansea,0,1,A
13/08/2016,,Crystal Palace,West Brom,0,1,A
13/08/2016,,Everton,Tottenham,1,1,D
13/08/2016,,Middlesbrough,Stoke,1,1,D
13/08/2016,,Southampton,Watford,1,1,D
13/08/2016,17:30,Man City,Sunderland,2,1,H
14/08/2016,16:00,Arsenal,Liverpool,3,4,A
14/08/2016,13:30,Bournemouth,Man United,1,3,A
15/08/2016,20:00,Chelsea,West Ham,2,1,H
19/08/2016,20:00,Man United,Southampton,2,0,H
20/08/2016,12:30,Stoke,Man City,1,4,A
20/08/2016,15:00,Burnley,Liverpool,2,0,H
20/08/2016,,Swansea,Hull City,0,2,A
20/08/2016,,Tottenham,Crystal Palace,1,0,H
20/08/2016,,Watford,Chelsea,1,2,A
20/08/2016,,West Brom,Everton,1,2,A
20/08/2016,17:30,Leicester,Arsenal,0,0,D
21/08/2016,16:00,West Ham,Bournemouth,1,0,H
21/08/2016,13:30,Sunderland,Middlesbrough,1,2,A
27/08/2016,12:30,Tottenham,Liverpool,1,1,D
27/08/2016,15:00,Chelsea,Burnley,3,0,H
27/08/2016,,Crystal Palace,Bournemouth,1,1,D
27/08/2016,,Everton,Stoke,1,0,H
27/08/2016,,Leicester,Swansea,2,1,H
27/08/2016,,Southampton,Sunderland,1,1,D
27/08/2016,,Watford,Arsenal,1,3,A
27/08/2016,17:30,Hull City,Man United,0,1,A
28/08/2016,16:00,Man City,West Ham,3,1,H
28/08/2016,13:30,West Brom,Middlesbrough,0,0,D
10/09/2016,12:30,Man United,Man City,1,2,A
10/09/2016,15:00,Bournemouth,West Brom,1,0,H
10/09/2016,,Arsenal,Southampton,2,1,H
10/09/2016,,Burnley,Hull City,1,1,D
10/09/2016,,Middlesbrough,Crystal Palace,1,2,A
10/09/2016,,Stoke,Tottenham,0,4,A
10/09/2016,,West Ham,Watford,2,4,A
10/09/2016,17:30,Liverpool,Leicester,4,1,H
11/09/2016,16:00,Swansea,Chelsea,2,2,D
12/09/2016,20:00,Sunderland,Everton,0,3,A
16/09/2016,20:00,Chelsea,Liverpool,1,2,A
17/09/2016,15:00,Hull City,Arsenal,1,4,A
17/09/2016,,Leicester,Burnley,3,0,H
17/09/2016,,Man City,Bournemouth,4,0,H
17/09/2016,,West Brom,West Ham,4,2,H
17/09/2016,17:30,Everton,Middlesbrough,3,1,H
18/09/2016,14:15,Crystal Palace,Stoke,4,1,H
18/09/2016,,Southampton,Swansea,1,0,H
18/09/2016,16:30,Tottenham,Sunderland,1,0,H
18/09/2016,12:00,Watford,Man United,3,1,H
24/09/2016,12:30,Man United,Leicester,4,1,H
24/09/2016,15:00,Bournemouth,Everton,1,0,H
24/09/2016,,Liverpool,Hull City,5,1,H
24/09/2016,,Middlesbrough,Tottenham,1,2,A
24/09/2016,,Stoke,West Brom,1,1,D
24/09/2016,,Sunderland,Crystal Palace,2,3,A
24/09/2016,,Swansea,Man City,1,3,A
24/09/2016,17:30,Arsenal,Chelsea,3,0,H
25/09/2016,16:00,West Ham,Southampton,0,3,A
26/09/2016,20:00,Burnley,Watford,2,0,H
30/09/2016,20:00,Everton,Crystal Palace,1,1,D
01/10/2016,15:00,Hull City,Chelsea,0,2,A
01/10/2016,,Sunderland,West Brom,1,1,D
01/10/2016,,Watford,Bournemouth,2,2,D
01/10/2016,,West Ham,Middlesbrough,1,1,D
01/10/2016,12:30,Swansea,Liverpool,1,2,A
02/10/2016,12:00,Man United,Stoke,1,1,D
02/10/2016,14:15,Leicester,Southampton,0,0,D
02/10/2016,,Tottenham,Man City,2,0,H
02/10/2016,16:30,Burnley,Arsenal,0,1,A
15/10/2016,12:30,Chelsea,Leicester,3,0,H
15/10/2016,15:00,Bournemouth,Hull City,6,1,H
15/10/2016,,Arsenal,Swansea,3,2,H
15/10/2016,,Man City,Everton,1,1,D
15/10/2016,,Stoke,Sunderland,2,0,H
15/10/2016,,West Brom,Tottenham,1,1,D
15/10/2016,17:30,Crystal Palace,West Ham,0,1,A
16/10/2016,16:00,Southampton,Burnley,3,1,H
16/10/2016,13:30,Middlesbrough,Watford,0,1,A
17/10/2016,20:00,Liverpool,Man United,0,0,D
22/10/2016,12:30,Bournemouth,Tottenham,0,0,D
22/10/2016,15:00,Arsenal,Middlesbrough,0,0,D
22/10/2016,,Burnley,Everton,2,1,H
22/10/2016,,Hull City,Stoke,0,2,A
22/10/2016,,Leicester,Crystal Palace,3,1,H
22/10/2016,,Swansea,Watford,0,0,D
22/10/2016,,West Ham,Sunderland,1,0,H
22/10/2016,17:30,Liverpool,West Brom,2,1,H
23/10/2016,16:00,Chelsea,Man United,4,0,H
23/10/2016,13:30,Man City,Southampton,1,1,D
29/10/2016,12:30,Sunderland,Arsenal,1,4,A
29/10/2016,15:00,Man United,Burnley,0,0,D
29/10/2016,,Middlesbrough,Bournemouth,2,0,H
29/10/2016,,Tottenham,Leicester,1,1,D
29/10/2016,,Watford,Hull City,1,0,H
29/10/2016,,West Brom,Man City,0,4,A
29/10/2016,17:30,Crystal Palace,Liverpool,2,4,A
30/10/2016,16:00,Southampton,Chelsea,0,2,A
30/10/2016,13:30,Everton,West Ham,2,0,H
31/10/2016,20:00,Stoke,Swansea,3,1,H
05/11/2016,15:00,Burnley,Crystal Palace,3,2,H
05/11/2016,,Man City,Middlesbrough,1,1,D
05/11/2016,,West Ham,Stoke,1,1,D
05/11/2016,17:30,Chelsea,Everton,5,0,H
05/11/2016,15:00,Bournemouth,Sunderland,1,2,A
06/11/2016,12:00,Arsenal,Tottenham,1,1,D
06/11/2016,14:15,Hull City,Southampton,2,1,H
06/11/2016,,Liverpool,Watford,6,1,H
06/11/2016,15:00,Swansea,Man United,1,3,A
06/11/2016,16:30,Leicester,West Brom,1,2,A
19/11/2016,15:00,Crystal Palace,Man City,1,2,A
19/11/2016,,Everton,Swansea,1,1,D
19/11/2016,,Southampton,Liverpool,0,0,D
19/11/2016,,Stoke,Bournemouth,0,1,A
19/11/2016,,Sunderland,Hull City,3,0,H
19/11/2016,,Watford,Leicester,2,1,H
19/11/2016,17:30,Tottenham,West Ham,3,2,H
19/11/2016,12:30,Man United,Arsenal,1,1,D
20/11/2016,16:00,Middlesbrough,Chelsea,0,1,A
21/11/2016,20:00,West Brom,Burnley,4,0,H
26/11/2016,15:00,Hull City,West Brom,1,1,D
26/11/2016,,Leicester,Middlesbrough,2,2,D
26/11/2016,,Liverpool,Sunderland,2,0,H
26/11/2016,,Swansea,Crystal Palace,5,4,H
26/11/2016,17:30,Chelsea,Tottenham,2,1,H
26/11/2016,12:30,Burnley,Man City,1,2,A
27/11/2016,12:00,Watford,Stoke,0,1,A
27/11/2016,14:15,Arsenal,Bournemouth,3,1,H
27/11/2016,16:30,Man United,West Ham,1,1,D
27/11/2016,,Southampton,Everton,1,0,H
03/12/2016,12:30,Man City,Chelsea,1,3,A
03/12/2016,15:00,Crystal Palace,Southampton,3,0,H
03/12/2016,,Stoke,Burnley,2,0,H
03/12/2016,,Sunderland,Leicester,2,1,H
03/12/2016,,Tottenham,Swansea,5,0,H
03/12/2016,,West Brom,Watford,3,1,H
03/12/2016,17:30,West Ham,Arsenal,1,5,A
04/12/2016,16:00,Everton,Man United,1,1,D
04/12/2016,13:30,Bournemouth,Liverpool,4,3,H
05/12/2016,20:00,Middlesbrough,Hull City,1,0,H
10/12/2016,12:30,Watford,Everton,3,2,H
10/12/2016,15:00,Arsenal,Stoke,3,1,H
10/12/2016,,Burnley,Bournemouth,3,2,H
10/12/2016,,Hull City,Crystal Palace,3,3,D
10/12/2016,,Swansea,Sunderland,3,0,H
10/12/2016,17:30,Leicester,Man City,4,2,H
11/12/2016,14:15,Man United,Tottenham,1,0,H
11/12/2016,,Southampton,Middlesbrough,1,0,H
11/12/2016,16:30,Liverpool,West Ham,2,2,D
11/12/2016,12:00,Chelsea,West Brom,1,0,H
13/12/2016,19:45,Everton,Arsenal,2,1,H
13/12/2016,,Bournemouth,Leicester,1,0,H
14/12/2016,19:45,Middlesbrough,Liverpool,0,3,A
14/12/2016,,Sunderland,Chelsea,0,1,A
14/12/2016,,West Ham,Burnley,1,0,H
14/12/2016,20:00,Crystal Palace,Man United,1,2,A
14/12/2016,,West Brom,Swansea,3,1,H
14/12/2016,,Man City,Watford,2,0,H
14/12/2016,,Stoke,Southampton,0,0,D
14/12/2016,,Tottenham,Hull City,3,0,H
17/12/2016,15:00,Middlesbrough,Swansea,3,0,H
17/12/2016,,Stoke,Leicester,2,2,D
17/12/2016,,Sunderland,Watford,1,0,H
17/12/2016,,West Ham,Hull City,1,0,H
17/12/2016,17:30,West Brom,Man United,0,2,A
17/12/2016,12:30,Crystal Palace,Chelsea,0,1,A
18/12/2016,13:30,Bournemouth,Southampton,1,3,A
18/12/2016,16:00,Man City,Arsenal,2,1,H
18/12/2016,,Tottenham,Burnley,2,1,H
19/12/2016,20:00,Everton,Liverpool,0,1,A
26/12/2016,12:30,Watford,Crystal Palace,1,1,D
26/12/2016,15:00,Arsenal,West Brom,1,0,H
26/12/2016,,Burnley,Middlesbrough,1,0,H
26/12/2016,,Chelsea,Bournemouth,3,0,H
26/12/2016,,Leicester,Everton,0,2,A
26/12/2016,,Man United,Sunderland,3,1,H
26/12/2016,,Swansea,West Ham,1,4,A
26/12/2016,17:15,Hull City,Man City,0,3,A
27/12/2016,17:15,Liverpool,Stoke,4,1,H
28/12/2016,19:45,Southampton,Tottenham,1,4,A
30/12/2016,20:00,Hull City,Everton,2,2,D
31/12/2016,15:00,Burnley,Sunderland,4,1,H
31/12/2016,,Chelsea,Stoke,4,2,H
31/12/2016,,Leicester,West Ham,1,0,H
31/12/2016,,Man United,Middlesbrough,2,1,H
31/12/2016,,Southampton,West Brom,1,2,A
31/12/2016,,Swansea,Bournemouth,0,3,A
31/12/2016,17:30,Liverpool,Man City,1,0,H
01/01/2017,16:00,Arsenal,Crystal Palace,2,0,H
01/01/2017,13:30,Watford,Tottenham,1,4,A
02/01/2017,12:30,Middlesbrough,Leicester,0,0,D
02/01/2017,15:00,Everton,Southampton,3,0,H
02/01/2017,,Man City,Burnley,2,1,H
02/01/2017,,Sunderland,Liverpool,2,2,D
02/01/2017,,West Brom,Hull City,3,1,H
02/01/2017,17:15,West Ham,Man United,0,2,A
03/01/2017,20:00,Crystal Palace,Swansea,1,2,A
03/01/2017,,Stoke,Watford,2,0,H
03/01/2017,19:45,Bournemouth,Arsenal,3,3,D
04/01/2017,20:00,Tottenham,Chelsea,2,0,H
14/01/2017,12:30,Tottenham,West Brom,4,0,H
14/01/2017,15:00,Burnley,Southampton,1,0,H
14/01/2017,,Hull City,Bournemouth,3,1,H
14/01/2017,,Sunderland,Stoke,1,3,A
14/01/2017,,Swansea,Arsenal,0,4,A
14/01/2017,,Watford,Middlesbrough,0,0,D
14/01/2017,,West Ham,Crystal Palace,3,0,H
14/01/2017,17:30,Leicester,Chelsea,0,3,A
15/01/2017,16:00,Man United,Liverpool,1,1,D
15/01/2017,13:30,Everton,Man City,4,0,H
21/01/2017,12:30,Liverpool,Swansea,2,3,A
21/01/2017,15:00,Bournemouth,Watford,2,2,D
21/01/2017,,Crystal Palace,Everton,0,1,A
21/01/2017,,Middlesbrough,West Ham,1,3,A
21/01/2017,,Stoke,Man United,1,1,D
21/01/2017,,West Brom,Sunderland,2,0,H
21/01/2017,17:30,Man City,Tottenham,2,2,D
22/01/2017,12:00,Southampton,Leicester,3,0,H
22/01/2017,14:15,Arsenal,Burnley,2,1,H
22/01/2017,16:30,Chelsea,Hull City,2,0,H
31/01/2017,19:45,Arsenal,Watford,1,2,A
31/01/2017,,Burnley,Leicester,1,0,H
31/01/2017,,Middlesbrough,West Brom,1,1,D
31/01/2017,,Sunderland,Tottenham,0,0,D
31/01/2017,,Swansea,Southampton,2,1,H
31/01/2017,20:00,Liverpool,Chelsea,1,1,D
31/01/2017,19:45,Bournemouth,Crystal Palace,0,2,A
01/02/2017,19:45,West Ham,Man City,0,4,A
01/02/2017,20:00,Man United,Hull City,0,0,D
01/02/2017,,Stoke,Everton,1,1,D
04/02/2017,15:00,Crystal Palace,Sunderland,0,4,A
04/02/2017,,Everton,Bournemouth,6,3,H
04/02/2017,,Hull City,Liverpool,2,0,H
04/02/2017,,Southampton,West Ham,1,3,A
04/02/2017,,Watford,Burnley,2,1,H
04/02/2017,,West Brom,Stoke,1,0,H
04/02/2017,17:30,Tottenham,Middlesbrough,1,0,H
04/02/2017,12:30,Chelsea,Arsenal,3,1,H
05/02/2017,13:30,Man City,Swansea,2,1,H
05/02/2017,16:00,Leicester,Man United,0,3,A
11/02/2017,12:30,Arsenal,Hull City,2,0,H
11/02/2017,15:00,Man United,Watford,2,0,H
11/02/2017,,Middlesbrough,Everton,0,0,D
11/02/2017,,Stoke,Crystal Palace,1,0,H
11/02/2017,,Sunderland,Southampton,0,4,A
11/02/2017,,West Ham,West Brom,2,2,D
11/02/2017,17:30,Liverpool,Tottenham,2,0,H
12/02/2017,16:00,Swansea,Leicester,2,0,H
12/02/2017,13:30,Burnley,Chelsea,1,1,D
13/02/2017,20:00,Bournemouth,Man City,0,2,A
25/02/2017,15:00,Crystal Palace,Middlesbrough,1,0,H
25/02/2017,,Everton,Sunderland,2,0,H
25/02/2017,,Hull City,Burnley,1,1,D
25/02/2017,,West Brom,Bournemouth,2,1,H
25/02/2017,17:30,Watford,West Ham,1,1,D
25/02/2017,15:00,Chelsea,Swansea,3,1,H
26/02/2017,13:30,Tottenham,Stoke,4,0,H
27/02/2017,20:00,Leicester,Liverpool,3,1,H
04/03/2017,17:30,Liverpool,Arsenal,3,1,H
04/03/2017,15:00,West Brom,Crystal Palace,0,2,A
04/03/2017,12:30,Man United,Bournemouth,1,1,D
04/03/2017,15:00,Leicester,Hull City,3,1,H
04/03/2017,,Stoke,Middlesbrough,2,0,H
04/03/2017,,Swansea,Burnley,3,2,H
04/03/2017,,Watford,Southampton,3,4,A
05/03/2017,16:00,Sunderland,Man City,0,2,A
05/03/2017,13:30,Tottenham,Everton,3,2,H
06/03/2017,20:00,West Ham,Chelsea,1,2,A
08/03/2017,20:00,Man City,Stoke,0,0,D
11/03/2017,15:00,Hull City,Swansea,2,1,H
11/03/2017,,Everton,West Brom,3,0,H
11/03/2017,,Bournemouth,West Ham,3,2,H
12/03/2017,16:00,Liverpool,Burnley,2,1,H
18/03/2017,15:00,Crystal Palace,Watford,1,0,H
18/03/2017,,Everton,Hull City,4,0,H
18/03/2017,12:30,West Brom,Arsenal,3,1,H
18/03/2017,17:30,Bournemouth,Swansea,2,0,H
18/03/2017,15:00,West Ham,Leicester,2,3,A
18/03/2017,,Sunderland,Burnley,0,0,D
18/03/2017,,Stoke,Chelsea,1,2,A
19/03/2017,16:30,Man City,Liverpool,1,1,D
19/03/2017,14:15,Tottenham,Southampton,2,1,H
19/03/2017,12:00,Middlesbrough,Man United,1,3,A
01/04/2017,15:00,Hull City,West Ham,2,1,H
01/04/2017,,Leicester,Stoke,2,0,H
01/04/2017,,Chelsea,Crystal Palace,1,2,A
01/04/2017,,Burnley,Tottenham,0,2,A
01/04/2017,17:30,Southampton,Bournemouth,0,0,D
01/04/2017,15:00,Watford,Sunderland,1,0,H
01/04/2017,,Man United,West Brom,0,0,D
01/04/2017,12:30,Liverpool,Everton,3,1,H
02/04/2017,16:00,Arsenal,Man City,2,2,D
02/04/2017,13:30,Swansea,Middlesbrough,0,0,D
04/04/2017,19:45,Burnley,Stoke,1,0,H
04/04/2017,20:00,Man United,Everton,1,1,D
04/04/2017,19:45,Leicester,Sunderland,2,0,H
04/04/2017,,Watford,West Brom,2,0,H
05/04/2017,19:45,Southampton,Crystal Palace,3,1,H
05/04/2017,20:00,Chelsea,Man City,2,1,H
05/04/2017,,Liverpool,Bournemouth,2,2,D
05/04/2017,19:45,Arsenal,West Ham,3,0,H
05/04/2017,,Swansea,Tottenham,1,3,A
05/04/2017,,Hull City,Middlesbrough,4,2,H
08/04/2017,12:30,Tottenham,Watford,4,0,H
08/04/2017,17:30,Bournemouth,Chelsea,1,3,A
08/04/2017,15:00,West Ham,Swansea,1,0,H
08/04/2017,,West Brom,Southampton,0,1,A
08/04/2017,,Stoke,Liverpool,1,2,A
08/04/2017,,Middlesbrough,Burnley,0,0,D
08/04/2017,,Man City,Hull City,3,1,H
09/04/2017,13:30,Sunderland,Man United,0,3,A
09/04/2017,16:00,Everton,Leicester,4,2,H
10/04/2017,20:00,Crystal Palace,Arsenal,3,0,H
15/04/2017,15:00,Everton,Burnley,3,1,H
15/04/2017,,Crystal Palace,Leicester,2,2,D
15/04/2017,12:30,Tottenham,Bournemouth,4,0,H
15/04/2017,17:30,Southampton,Man City,0,3,A
15/04/2017,15:00,Stoke,Hull City,3,1,H
15/04/2017,,Sunderland,West Ham,2,2,D
15/04/2017,,Watford,Swansea,1,0,H
16/04/2017,16:00,Man United,Chelsea,2,0,H
16/04/2017,13:30,West Brom,Liverpool,0,1,A
17/04/2017,20:00,Middlesbrough,Arsenal,1,2,A
22/04/2017,15:00,West Ham,Everton,0,0,D
22/04/2017,,Swansea,Stoke,2,0,H
22/04/2017,,Bournemouth,Middlesbrough,4,0,H
22/04/2017,,Hull City,Watford,2,0,H
23/04/2017,14:15,Burnley,Man United,0,2,A
23/04/2017,16:30,Liverpool,Crystal Palace,1,2,A
25/04/2017,19:45,Chelsea,Southampton,4,2,H
26/04/2017,19:45,Middlesbrough,Sunderland,1,0,H
26/04/2017,20:00,Crystal Palace,Tottenham,0,1,A
26/04/2017,19:45,Arsenal,Leicester,1,0,H
27/04/2017,20:00,Man City,Man United,0,0,D
29/04/2017,17:30,Crystal Palace,Burnley,0,2,A
29/04/2017,15:00,Stoke,West Ham,0,0,D
29/04/2017,,Southampton,Hull City,0,0,D
29/04/2017,,West Brom,Leicester,0,1,A
29/04/2017,,Sunderland,Bournemouth,0,1,A
30/04/2017,16:30,Tottenham,Arsenal,2,0,H
30/04/2017,14:05,Middlesbrough,Man City,2,2,D
30/04/2017,,Everton,Chelsea,0,3,A
30/04/2017,12:00,Man United,Swansea,1,1,D
01/05/2017,20:00,Watford,Liverpool,0,1,A
05/05/2017,20:00,West Ham,Tottenham,1,0,H
06/05/2017,15:00,Burnley,West Brom,2,2,D
06/05/2017,,Bournemouth,Stoke,2,2,D
06/05/2017,12:30,Man City,Crystal Palace,5,0,H
06/05/2017,15:00,Hull City,Sunderland,0,2,A
06/05/2017,,Leicester,Watford,3,0,H
06/05/2017,17:30,Swansea,Everton,1,0,H
07/05/2017,16:00,Arsenal,Man United,2,0,H
07/05/2017,13:30,Liverpool,Southampton,0,0,D
08/05/2017,20:00,Chelsea,Middlesbrough,3,0,H
10/05/2017,19:45,Southampton,Arsenal,0,2,A
12/05/2017,19:45,Everton,Watford,1,0,H
12/05/2017,20:00,West Brom,Chelsea,0,1,A
13/05/2017,15:00,Sunderland,Swansea,0,2,A
13/05/2017,,Bournemouth,Burnley,2,1,H
13/05/2017,17:30,Stoke,Arsenal,1,4,A
13/05/2017,12:30,Man City,Leicester,2,1,H
13/05/2017,15:00,Middlesbrough,Southampton,1,2,A
14/05/2017,12:00,Crystal Palace,Hull City,4,0,H
14/05/2017,16:30,Tottenham,Man United,2,1,H
14/05/2017,14:15,West Ham,Liverpool,0,4,A
15/05/2017,20:00,Chelsea,Watford,4,3,H
16/05/2017,20:00,Man City,West Brom,3,1,H
16/05/2017,19:45,Arsenal,Sunderland,2,0,H
17/05/2017,19:45,Southampton,Man United,0,0,D
18/05/2017,19:45,Leicester,Tottenham,1,6,A
21/05/2017,15:00,Arsenal,Everton,3,1,H
21/05/2017,,Burnley,West Ham,1,2,A
21/05/2017,,Chelsea,Sunderland,5,1,H
21/05/2017,,Hull City,Tottenham,1,7,A
21/05/2017,,Leicester,Bournemouth,1,1,D
21/05/2017,,Liverpool,Middlesbrough,3,0,H
21/05/2017,,Man United,Crystal Palace,2,0,H
21/05/2017,,Southampton,Stoke,0,1,A
21/05/2017,,Swansea,West Brom,2,1,H
21/05/2017,,Watford,Man City,0,5,A
11/08/2017,19:45,Arsenal,Leicester,4,3,H
12/08/2017,12:30,Watford,Liverpool,3,3,D
12/08/2017,15:00,Chelsea,Burnley,2,3,A
12/08/2017,,Crystal Palace,Huddersfield,0,3,A
12/08/2017,,Everton,Stoke,1,0,H
12/08/2017,,Southampton,Swansea,0,0,D
12/08/2017,,West Brom,Bournemouth,1,0,H
12/08/2017,17:30,Brighton,Man City,0,2,A
13/08/2017,16:00,Man United,West Ham,4,0,H
13/08/2017,13:30,Newcastle,Tottenham,0,2,A
19/08/2017,12:30,Swansea,Man United,0,4,A
19/08/2017,15:00,Bournemouth,Watford,0,2,A
19/08/2017,,Burnley,West Brom,0,1,A
19/08/2017,,Leicester,Brighton,2,0,H
19/08/2017,,Liverpool,Crystal Palace,1,0,H
19/08/2017,,Southampton,West Ham,3,2,H
19/08/2017,17:30,Stoke,Arsenal,1,0,H
20/08/2017,16:00,Tottenham,Chelsea,1,2,A
20/08/2017,13:30,Huddersfield,Newcastle,1,0,H
21/08/2017,20:00,Man City,Everton,1,1,D
26/08/2017,12:30,Bournemouth,Man City,1,2,A
26/08/2017,15:00,Crystal Palace,Swansea,0,2,A
26/08/2017,,Huddersfield,Southampton,0,0,D
26/08/2017,,Newcastle,West Ham,3,0,H
26/08/2017,,Watford,Brighton,0,0,D
26/08/2017,17:30,Man United,Leicester,2,0,H
27/08/2017,13:30,West Brom,Stoke,1,1,D
27/08/2017,16:00,Liverpool,Arsenal,4,0,H
27/08/2017,,Tottenham,Burnley,1,1,D
27/08/2017,13:30,Chelsea,Everton,2,0,H
09/09/2017,12:30,Man City,Liverpool,5,0,H
09/09/2017,15:00,Arsenal,Bournemouth,3,0,H
09/09/2017,,Brighton,West Brom,3,1,H
09/09/2017,,Everton,Tottenham,0,3,A
09/09/2017,,Leicester,Chelsea,1,2,A
09/09/2017,,Southampton,Watford,0,2,A
09/09/2017,17:30,Stoke,Man United,2,2,D
10/09/2017,16:00,Swansea,Newcastle,0,1,A
10/09/2017,13:30,Burnley,Crystal Palace,1,0,H
11/09/2017,20:00,West Ham,Huddersfield,2,0,H
15/09/2017,20:00,Bournemouth,Brighton,2,1,H
16/09/2017,12:30,Crystal Palace,Southampton,0,1,A
16/09/2017,15:00,Huddersfield,Leicester,1,1,D
16/09/2017,,Liverpool,Burnley,1,1,D
16/09/2017,,Newcastle,Stoke,2,1,H
16/09/2017,,Watford,Man City,0,6,A
16/09/2017,,West Brom,West Ham,0,0,D
16/09/2017,17:30,Tottenham,Swansea,0,0,D
17/09/2017,16:00,Man United,Everton,4,0,H
17/09/2017,13:30,Chelsea,Arsenal,0,0,D
23/09/2017,12:30,West Ham,Tottenham,2,3,A
23/09/2017,15:00,Burnley,Huddersfield,0,0,D
23/09/2017,,Everton,Bournemouth,2,1,H
23/09/2017,,Man City,Crystal Palace,5,0,H
23/09/2017,,Southampton,Man United,0,1,A
23/09/2017,,Stoke,Chelsea,0,4,A
23/09/2017,,Swansea,Watford,1,2,A
23/09/2017,17:30,Leicester,Liverpool,2,3,A
24/09/2017,16:00,Brighton,Newcastle,1,0,H
25/09/2017,20:00,Arsenal,West Brom,2,0,H
30/09/2017,12:30,Huddersfield,Tottenham,0,4,A
30/09/2017,15:00,Bournemouth,Leicester,0,0,D
30/09/2017,,Man United,Crystal Palace,4,0,H
30/09/2017,,Stoke,Southampton,2,1,H
30/09/2017,,West Brom,Watford,2,2,D
30/09/2017,,West Ham,Swansea,1,0,H
30/09/2017,17:30,Chelsea,Man City,0,1,A
01/10/2017,12:00,Arsenal,Brighton,2,0,H
01/10/2017,14:15,Everton,Burnley,0,1,A
01/10/2017,16:30,Newcastle,Liverpool,1,1,D
14/10/2017,12:30,Liverpool,Man United,0,0,D
14/10/2017,15:00,Burnley,West Ham,1,1,D
14/10/2017,,Crystal Palace,Chelsea,2,1,H
14/10/2017,,Man City,Stoke,7,2,H
14/10/2017,,Swansea,Huddersfield,2,0,H
14/10/2017,,Tottenham,Bournemouth,1,0,H
14/10/2017,17:30,Watford,Arsenal,2,1,H
15/10/2017,16:00,Southampton,Newcastle,2,2,D
15/10/2017,13:30,Brighton,Everton,1,1,D
16/10/2017,20:00,Leicester,West Brom,1,1,D
20/10/2017,20:00,West Ham,Brighton,0,3,A
21/10/2017,12:30,Chelsea,Watford,4,2,H
21/10/2017,15:00,Huddersfield,Man United,2,1,H
21/10/2017,,Man City,Burnley,3,0,H
21/10/2017,,Newcastle,Crystal Palace,1,0,H
21/10/2017,,Stoke,Bournemouth,1,2,A
21/10/2017,,Swansea,Leicester,1,2,A
21/10/2017,17:30,Southampton,West Brom,1,0,H
22/10/2017,16:00,Tottenham,Liverpool,4,1,H
22/10/2017,13:30,Everton,Arsenal,2,5,A
28/10/2017,12:30,Man United,Tottenham,1,0,H
28/10/2017,15:00,Arsenal,Swansea,2,1,H
28/10/2017,,Crystal Palace,West Ham,2,2,D
28/10/2017,,Liverpool,Huddersfield,3,0,H
28/10/2017,,Watford,Stoke,0,1,A
28/10/2017,,West Brom,Man City,2,3,A
28/10/2017,17:30,Bournemouth,Chelsea,0,1,A
29/10/2017,16:00,Leicester,Everton,2,0,H
29/10/2017,13:30,Brighton,Southampton,1,1,D
30/10/2017,20:00,Burnley,Newcastle,1,0,H
04/11/2017,12:30,Stoke,Leicester,2,2,D
04/11/2017,15:00,Huddersfield,West Brom,1,0,H
04/11/2017,,Newcastle,Bournemouth,0,1,A
04/11/2017,,Southampton,Burnley,0,1,A
04/11/2017,,Swansea,Brighton,0,1,A
04/11/2017,17:30,West Ham,Liverpool,1,4,A
05/11/2017,12:00,Tottenham,Crystal Palace,1,0,H
05/11/2017,14:15,Man City,Arsenal,3,1,H
05/11/2017,16:30,Chelsea,Man United,1,0,H
05/11/2017,,Everton,Watford,3,2,H
18/11/2017,15:00,Bournemouth,Huddersfield,4,0,H
18/11/2017,,Burnley,Swansea,2,0,H
18/11/2017,,Crystal Palace,Everton,2,2,D
18/11/2017,,Leicester,Man City,0,2,A
18/11/2017,,Liverpool,Southampton,3,0,H
18/11/2017,,West Brom,Chelsea,0,4,A
18/11/2017,17:30,Man United,Newcastle,4,1,H
18/11/2017,12:30,Arsenal,Tottenham,2,0,H
19/11/2017,16:00,Watford,West Ham,2,0,H
20/11/2017,20:00,Brighton,Stoke,2,2,D
24/11/2017,20:00,West Ham,Leicester,1,1,D
25/11/2017,15:00,Man United,Brighton,1,0,H
25/11/2017,,Newcastle,Watford,0,3,A
25/11/2017,,Swansea,Bournemouth,0,0,D
25/11/2017,,Tottenham,West Brom,1,1,D
25/11/2017,17:30,Liverpool,Chelsea,1,1,D
25/11/2017,15:00,Crystal Palace,Stoke,2,1,H
26/11/2017,13:30,Southampton,Everton,4,1,H
26/11/2017,14:00,Burnley,Arsenal,0,1,A
26/11/2017,16:00,Huddersfield,Man City,1,2,A
28/11/2017,19:45,Leicester,Tottenham,2,1,H
28/11/2017,20:00,Watford,Man United,2,4,A
28/11/2017,,West Brom,Newcastle,2,2,D
28/11/2017,19:45,Brighton,Crystal Palace,0,0,D
29/11/2017,19:45,Bournemouth,Burnley,1,2,A
29/11/2017,,Arsenal,Huddersfield,5,0,H
29/11/2017,,Chelsea,Swansea,1,0,H
29/11/2017,20:00,Everton,West Ham,4,0,H
29/11/2017,,Man City,Southampton,2,1,H
29/11/2017,,Stoke,Liverpool,0,3,A
02/12/2017,12:30,Chelsea,Newcastle,3,1,H
02/12/2017,15:00,Brighton,Liverpool,1,5,A
02/12/2017,,Everton,Huddersfield,2,0,H
02/12/2017,,Leicester,Burnley,1,0,H
02/12/2017,,Stoke,Swansea,2,1,H
02/12/2017,,Watford,Tottenham,1,1,D
02/12/2017,,West Brom,Crystal Palace,0,0,D
02/12/2017,17:30,Arsenal,Man United,1,3,A
03/12/2017,16:00,Man City,West Ham,2,1,H
03/12/2017,13:30,Bournemouth,Southampton,1,1,D
09/12/2017,12:30,West Ham,Chelsea,1,0,H
09/12/2017,15:00,Burnley,Watford,1,0,H
09/12/2017,,Crystal Palace,Bournemouth,2,2,D
09/12/2017,,Huddersfield,Brighton,2,0,H
09/12/2017,,Swansea,West Brom,1,0,H
09/12/2017,,Tottenham,Stoke,5,1,H
09/12/2017,17:30,Newcastle,Leicester,2,3,A
10/12/2017,14:15,Liverpool,Everton,1,1,D
10/12/2017,16:30,Man United,Man City,1,2,A
10/12/2017,12:00,Southampton,Arsenal,1,1,D
12/12/2017,20:00,Crystal Palace,Watford,2,1,H
12/12/2017,,Huddersfield,Chelsea,1,3,A
12/12/2017,19:45,Burnley,Stoke,1,0,H
13/12/2017,19:45,Swansea,Man City,0,4,A
13/12/2017,,Newcastle,Everton,0,1,A
13/12/2017,,Southampton,Leicester,1,4,A
13/12/2017,20:00,Man United,Bournemouth,1,0,H
13/12/2017,,West Ham,Arsenal,0,0,D
13/12/2017,,Liverpool,West Brom,0,0,D
13/12/2017,,Tottenham,Brighton,2,0,H
16/12/2017,12:30,Leicester,Crystal Palace,0,3,A
16/12/2017,15:00,Arsenal,Newcastle,1,0,H
16/12/2017,,Brighton,Burnley,0,0,D
16/12/2017,,Chelsea,Southampton,1,0,H
16/12/2017,,Watford,Huddersfield,1,4,A
16/12/2017,16:00,Stoke,West Ham,0,3,A
16/12/2017,17:30,Man City,Tottenham,4,1,H
17/12/2017,16:30,Bournemouth,Liverpool,0,4,A
17/12/2017,14:15,West Brom,Man United,1,2,A
18/12/2017,20:00,Everton,Swansea,3,1,H
22/12/2017,19:45,Arsenal,Liverpool,3,3,D
23/12/2017,12:30,Everton,Chelsea,0,0,D
23/12/2017,15:00,Brighton,Watford,1,0,H
23/12/2017,,Man City,Bournemouth,4,0,H
23/12/2017,,Southampton,Huddersfield,1,1,D
23/12/2017,,Stoke,West Brom,3,1,H
23/12/2017,,Swansea,Crystal Palace,1,1,D
23/12/2017,,West Ham,Newcastle,2,3,A
23/12/2017,17:30,Burnley,Tottenham,0,3,A
23/12/2017,19:45,Leicester,Man United,2,2,D
26/12/2017,12:30,Tottenham,Southampton,5,2,H
26/12/2017,15:00,Bournemouth,West Ham,3,3,D
26/12/2017,,Chelsea,Brighton,2,0,H
26/12/2017,,Huddersfield,Stoke,1,1,D
26/12/2017,,Man United,Burnley,2,2,D
26/12/2017,,Watford,Leicester,2,1,H
26/12/2017,,West Brom,Everton,0,0,D
26/12/2017,17:30,Liverpool,Swansea,5,0,H
27/12/2017,19:45,Newcastle,Man City,0,1,A
28/12/2017,20:00,Crystal Palace,Arsenal,2,3,A
30/12/2017,15:00,Bournemouth,Everton,2,1,H
30/12/2017,,Chelsea,Stoke,5,0,H
30/12/2017,,Huddersfield,Burnley,0,0,D
30/12/2017,,Liverpool,Leicester,2,1,H
30/12/2017,,Newcastle,Brighton,0,0,D
30/12/2017,,Watford,Swansea,1,2,A
30/12/2017,17:30,Man United,Southampton,0,0,D
31/12/2017,12:00,Crystal Palace,Man City,0,0,D
31/12/2017,16:30,West Brom,Arsenal,1,1,D
01/01/2018,12:30,Brighton,Bournemouth,2,2,D
01/01/2018,15:00,Burnley,Liverpool,1,2,A
01/01/2018,,Leicester,Huddersfield,3,0,H
01/01/2018,,Stoke,Newcastle,0,1,A
01/01/2018,17:30,Everton,Man United,0,2,A
02/01/2018,20:00,Man City,Watford,3,1,H
02/01/2018,19:45,Southampton,Crystal Palace,1,2,A
02/01/2018,,Swansea,Tottenham,0,2,A
02/01/2018,,West Ham,West Brom,2,1,H
03/01/2018,19:45,Arsenal,Chelsea,2,2,D
04/01/2018,20:00,Tottenham,West Ham,1,1,D
13/01/2018,15:00,Chelsea,Leicester,0,0,D
13/01/2018,,Crystal Palace,Burnley,1,0,H
13/01/2018,,Huddersfield,West Ham,1,4,A
13/01/2018,,Newcastle,Swansea,1,1,D
13/01/2018,,Watford,Southampton,2,2,D
13/01/2018,,West Brom,Brighton,2,0,H
13/01/2018,17:30,Tottenham,Everton,4,0,H
14/01/2018,16:00,Liverpool,Man City,4,3,H
14/01/2018,13:30,Bournemouth,Arsenal,2,1,H
15/01/2018,20:00,Man United,Stoke,3,0,H
20/01/2018,12:30,Brighton,Chelsea,0,4,A
20/01/2018,15:00,Arsenal,Crystal Palace,4,1,H
20/01/2018,,Burnley,Man United,0,1,A
20/01/2018,,Everton,West Brom,1,1,D
20/01/2018,,Leicester,Watford,2,0,H
20/01/2018,,Stoke,Huddersfield,2,0,H
20/01/2018,,West Ham,Bournemouth,1,1,D
20/01/2018,17:30,Man City,Newcastle,3,1,H
21/01/2018,16:00,Southampton,Tottenham,1,1,D
22/01/2018,20:00,Swansea,Liverpool,1,0,H
30/01/2018,19:45,West Ham,Crystal Palace,1,1,D
30/01/2018,20:00,Huddersfield,Liverpool,0,3,A
30/01/2018,19:45,Swansea,Arsenal,3,1,H
31/01/2018,19:45,Chelsea,Bournemouth,0,3,A
31/01/2018,,Everton,Leicester,2,1,H
31/01/2018,,Newcastle,Burnley,1,1,D
31/01/2018,,Southampton,Brighton,1,1,D
31/01/2018,20:00,Man City,West Brom,3,0,H
31/01/2018,,Stoke,Watford,0,0,D
31/01/2018,,Tottenham,Man United,2,0,H
03/02/2018,12:30,Burnley,Man City,1,1,D
03/02/2018,15:00,Bournemouth,Stoke,2,1,H
03/02/2018,,Brighton,West Ham,3,1,H
03/02/2018,,Leicester,Swansea,1,1,D
03/02/2018,,Man United,Huddersfield,2,0,H
03/02/2018,,West Brom,Southampton,2,3,A
03/02/2018,17:30,Arsenal,Everton,5,1,H
04/02/2018,16:30,Liverpool,Tottenham,2,2,D
04/02/2018,14:15,Crystal Palace,Newcastle,1,1,D
05/02/2018,20:00,Watford,Chelsea,4,1,H
10/02/2018,12:30,Tottenham,Arsenal,1,0,H
10/02/2018,15:00,Everton,Crystal Palace,3,1,H
10/02/2018,,Stoke,Brighton,1,1,D
10/02/2018,,Swansea,Burnley,1,0,H
10/02/2018,,West Ham,Watford,2,0,H
10/02/2018,17:30,Man City,Leicester,5,1,H
11/02/2018,14:15,Newcastle,Man United,1,0,H
11/02/2018,16:30,Southampton,Liverpool,0,2,A
11/02/2018,12:00,Huddersfield,Bournemouth,4,1,H
12/02/2018,20:00,Chelsea,West Brom,3,0,H
24/02/2018,12:30,Leicester,Stoke,1,1,D
24/02/2018,15:00,Bournemouth,Newcastle,2,2,D
24/02/2018,,Brighton,Swansea,4,1,H
24/02/2018,,Burnley,Southampton,1,1,D
24/02/2018,,Liverpool,West Ham,4,1,H
24/02/2018,,West Brom,Huddersfield,1,2,A
24/02/2018,17:30,Watford,Everton,1,0,H
25/02/2018,14:05,Man United,Chelsea,2,1,H
25/02/2018,12:00,Crystal Palace,Tottenham,0,1,A
01/03/2018,19:45,Arsenal,Man City,0,3,A
03/03/2018,12:30,Burnley,Everton,2,1,H
03/03/2018,15:00,Leicester,Bournemouth,1,1,D
03/03/2018,,Southampton,Stoke,0,0,D
03/03/2018,,Swansea,West Ham,4,1,H
03/03/2018,,Tottenham,Huddersfield,2,0,H
03/03/2018,,Watford,West Brom,1,0,H
03/03/2018,17:30,Liverpool,Newcastle,2,0,H
04/03/2018,16:00,Man City,Chelsea,1,0,H
04/03/2018,13:30,Brighton,Arsenal,2,1,H
05/03/2018,20:00,Crystal Palace,Man United,2,3,A
10/03/2018,15:00,Everton,Brighton,2,0,H
10/03/2018,,Huddersfield,Swansea,0,0,D
10/03/2018,,Newcastle,Southampton,3,0,H
10/03/2018,,West Brom,Leicester,1,4,A
10/03/2018,,West Ham,Burnley,0,3,A
10/03/2018,17:30,Chelsea,Crystal Palace,2,1,H
10/03/2018,12:30,Man United,Liverpool,2,1,H
11/03/2018,13:30,Arsenal,Watford,3,0,H
11/03/2018,16:00,Bournemouth,Tottenham,1,4,A
12/03/2018,20:00,Stoke,Man City,0,2,A
17/03/2018,15:00,Huddersfield,Crystal Palace,0,2,A
17/03/2018,,Stoke,Everton,1,2,A
17/03/2018,17:30,Liverpool,Watford,5,0,H
17/03/2018,15:00,Bournemouth,West Brom,2,1,H
31/03/2018,17:30,Everton,Man City,1,3,A
31/03/2018,15:00,West Brom,Burnley,1,2,A
31/03/2018,,Watford,Bournemouth,2,2,D
31/03/2018,,West Ham,Southampton,3,0,H
31/03/2018,,Newcastle,Huddersfield,1,0,H
31/03/2018,,Man United,Swansea,2,0,H
31/03/2018,12:30,Crystal Palace,Liverpool,1,2,A
31/03/2018,15:00,Brighton,Leicester,0,2,A
01/04/2018,16:00,Chelsea,Tottenham,1,3,A
01/04/2018,13:30,Arsenal,Stoke,3,0,H
07/04/2018,15:00,West Brom,Swansea,1,1,D
07/04/2018,,Watford,Burnley,1,2,A
07/04/2018,,Stoke,Tottenham,1,2,A
07/04/2018,,Bournemouth,Crystal Palace,2,2,D
07/04/2018,17:30,Man City,Man United,2,3,A
07/04/2018,15:00,Brighton,Huddersfield,1,1,D
07/04/2018,12:30,Everton,Liverpool,0,0,D
07/04/2018,15:00,Leicester,Newcastle,1,2,A
08/04/2018,14:15,Arsenal,Southampton,3,2,H
08/04/2018,16:30,Chelsea,West Ham,1,1,D
14/04/2018,17:30,Liverpool,Bournemouth,3,0,H
14/04/2018,15:00,Swansea,Everton,1,1,D
14/04/2018,,Huddersfield,Watford,1,0,H
14/04/2018,,Crystal Palace,Brighton,3,2,H
14/04/2018,,Burnley,Leicester,2,1,H
14/04/2018,19:45,Tottenham,Man City,1,3,A
14/04/2018,12:30,Southampton,Chelsea,2,3,A
15/04/2018,16:00,Man United,West Brom,0,1,A
15/04/2018,13:30,Newcastle,Arsenal,2,1,H
16/04/2018,20:00,West Ham,Stoke,1,1,D
17/04/2018,19:45,Brighton,Tottenham,1,1,D
18/04/2018,19:45,Bournemouth,Man United,0,2,A
19/04/2018,19:45,Leicester,Southampton,0,0,D
19/04/2018,19:45,Burnley,Chelsea,1,2,A
21/04/2018,15:00,Watford,Crystal Palace,0,0,D
21/04/2018,12:30,West Brom,Liverpool,2,2,D
22/04/2018,13:30,Stoke,Burnley,1,1,D
22/04/2018,,Arsenal,West Ham,4,1,H
22/04/2018,16:30,Man City,Swansea,5,0,H
23/04/2018,20:00,Everton,Newcastle,1,0,H
28/04/2018,15:00,Huddersfield,Everton,0,2,A
28/04/2018,,Newcastle,West Brom,0,1,A
28/04/2018,17:30,Swansea,Chelsea,0,1,A
28/04/2018,15:00,Southampton,Bournemouth,2,1,H
28/04/2018,,Crystal Palace,Leicester,5,0,H
28/04/2018,,Burnley,Brighton,0,0,D
28/04/2018,12:30,Liverpool,Stoke,0,0,D
29/04/2018,16:30,Man United,Arsenal,2,1,H
29/04/2018,14:15,West Ham,Man City,1,4,A
30/04/2018,20:00,Tottenham,Watford,2,0,H
04/05/2018,20:00,Brighton,Man United,1,0,H
05/05/2018,15:00,West Brom,Tottenham,1,0,H
05/05/2018,,Watford,Newcastle,2,1,H
05/05/2018,17:30,Everton,Southampton,1,1,D
05/05/2018,15:00,Bournemouth,Swansea,1,0,H
05/05/2018,,Leicester,West Ham,0,2,A
05/05/2018,12:30,Stoke,Crystal Palace,1,2,A
06/05/2018,13:30,Man City,Huddersfield,0,0,D
06/05/2018,16:30,Arsenal,Burnley,5,0,H
06/05/2018,,Chelsea,Liverpool,1,0,H
08/05/2018,19:45,Swansea,Southampton,0,1,A
09/05/2018,20:00,Man City,Brighton,3,1,H
09/05/2018,19:45,Leicester,Arsenal,3,1,H
09/05/2018,19:45,Chelsea,Huddersfield,1,1,D
09/05/2018,20:00,Tottenham,Newcastle,1,0,H
10/05/2018,19:45,West Ham,Man United,0,0,D
13/05/2018,15:00,Burnley,Bournemouth,1,2,A
13/05/2018,,Crystal Palace,West Brom,2,0,H
13/05/2018,,Huddersfield,Arsenal,0,1,A
13/05/2018,,Liverpool,Brighton,4,0,H
13/05/2018,,Man United,Watford,1,0,H
13/05/2018,,Newcastle,Chelsea,3,0,H
13/05/2018,,Southampton,Man City,0,1,A
13/05/2018,,Swansea,Stoke,1,2,A
13/05/2018,,Tottenham,Leicester,5,4,H
13/05/2018,,West Ham,Everton,3,1,H
10/08/2018,20:00,Man United,Leicester,2,1,H
11/08/2018,12:30,Newcastle,Tottenham,1,2,A
11/08/2018,15:00,Bournemouth,Cardiff,2,0,H
11/08/2018,,Fulham,Crystal Palace,0,2,A
11/08/2018,,Huddersfield,Chelsea,0,3,A
11/08/2018,,Watford,Brighton,2,0,H
11/08/2018,17:30,Wolves,Everton,2,2,D
12/08/2018,13:30,Liverpool,West Ham,4,0,H
12/08/2018,16:00,Arsenal,Man City,0,2,A
12/08/2018,13:30,Southampton,Burnley,0,0,D
18/08/2018,12:30,Cardiff,Newcastle,0,0,D
18/08/2018,15:00,Everton,Southampton,2,1,H
18/08/2018,,Leicester,Wolves,2,0,H
18/08/2018,,Tottenham,Fulham,3,1,H
18/08/2018,,West Ham,Bournemouth,1,2,A
18/08/2018,17:30,Chelsea,Arsenal,3,2,H
19/08/2018,13:30,Man City,Huddersfield,6,1,H
19/08/2018,16:00,Brighton,Man United,3,2,H
19/08/2018,13:30,Burnley,Watford,1,3,A
20/08/2018,20:00,Crystal Palace,Liverpool,0,2,A
25/08/2018,12:30,Wolves,Man City,1,1,D
25/08/2018,15:00,Arsenal,West Ham,3,1,H
25/08/2018,,Bournemouth,Everton,2,2,D
25/08/2018,,Huddersfield,Cardiff,0,0,D
25/08/2018,,Southampton,Leicester,1,2,A
25/08/2018,17:30,Liverpool,Brighton,1,0,H
26/08/2018,16:00,Fulham,Burnley,4,2,H
26/08/2018,,Newcastle,Chelsea,1,2,A
26/08/2018,13:30,Watford,Crystal Palace,2,1,H
27/08/2018,20:00,Man United,Tottenham,0,3,A
01/09/2018,12:30,Leicester,Liverpool,1,2,A
01/09/2018,15:00,Brighton,Fulham,2,2,D
01/09/2018,,Chelsea,Bournemouth,2,0,H
01/09/2018,,Crystal Palace,Southampton,0,2,A
01/09/2018,,Everton,Huddersfield,1,1,D
01/09/2018,,West Ham,Wolves,0,1,A
01/09/2018,17:30,Man City,Newcastle,2,1,H
02/09/2018,16:00,Burnley,Man United,0,2,A
02/09/2018,,Watford,Tottenham,2,1,H
02/09/2018,13:30,Cardiff,Arsenal,2,3,A
15/09/2018,12:30,Tottenham,Liverpool,1,2,A
15/09/2018,15:00,Bournemouth,Leicester,4,2,H
15/09/2018,,Chelsea,Cardiff,4,1,H
15/09/2018,,Huddersfield,Crystal Palace,0,1,A
15/09/2018,,Man City,Fulham,3,0,H
15/09/2018,,Newcastle,Arsenal,1,2,A
15/09/2018,17:30,Watford,Man United,1,2,A
16/09/2018,16:00,Everton,West Ham,1,3,A
16/09/2018,13:30,Wolves,Burnley,1,0,H
17/09/2018,20:00,Southampton,Brighton,2,2,D
22/09/2018,12:30,Fulham,Watford,1,1,D
22/09/2018,15:00,Burnley,Bournemouth,4,0,H
22/09/2018,,Cardiff,Man City,0,5,A
22/09/2018,,Crystal Palace,Newcastle,0,0,D
22/09/2018,,Leicester,Huddersfield,3,1,H
22/09/2018,,Man United,Wolves,1,1,D
22/09/2018,,Liverpool,Southampton,3,0,H
22/09/2018,17:30,Brighton,Tottenham,1,2,A
23/09/2018,16:00,Arsenal,Everton,2,0,H
23/09/2018,13:30,West Ham,Chelsea,0,0,D
29/09/2018,12:30,West Ham,Man United,3,1,H
29/09/2018,15:00,Arsenal,Watford,2,0,H
29/09/2018,,Everton,Fulham,3,0,H
29/09/2018,,Huddersfield,Tottenham,0,2,A
29/09/2018,,Man City,Brighton,2,0,H
29/09/2018,,Newcastle,Leicester,0,2,A
29/09/2018,,Wolves,Southampton,2,0,H
29/09/2018,17:30,Chelsea,Liverpool,1,1,D
30/09/2018,16:00,Cardiff,Burnley,1,2,A
01/10/2018,20:00,Bournemouth,Crystal Palace,2,1,H
05/10/2018,20:00,Brighton,West Ham,1,0,H
06/10/2018,15:00,Crystal Palace,Wolves,0,1,A
06/10/2018,,Leicester,Everton,1,2,A
06/10/2018,,Tottenham,Cardiff,1,0,H
06/10/2018,,Watford,Bournemouth,0,4,A
06/10/2018,17:30,Man United,Newcastle,3,2,H
06/10/2018,15:00,Burnley,Huddersfield,1,1,D
07/10/2018,12:00,Fulham,Arsenal,1,5,A
07/10/2018,14:15,Southampton,Chelsea,0,3,A
07/10/2018,16:30,Liverpool,Man City,0,0,D
20/10/2018,12:30,Chelsea,Man United,2,2,D
20/10/2018,15:00,Bournemouth,Southampton,0,0,D
20/10/2018,,Cardiff,Fulham,4,2,H
20/10/2018,,Man City,Burnley,5,0,H
20/10/2018,,Newcastle,Brighton,0,1,A
20/10/2018,,West Ham,Tottenham,0,1,A
20/10/2018,,Wolves,Watford,0,2,A
20/10/2018,17:30,Huddersfield,Liverpool,0,1,A
21/10/2018,16:00,Everton,Crystal Palace,2,0,H
22/10/2018,20:00,Arsenal,Leicester,3,1,H
27/10/2018,15:00,Brighton,Wolves,1,0,H
27/10/2018,,Fulham,Bournemouth,0,3,A
27/10/2018,,Liverpool,Cardiff,4,1,H
27/10/2018,,Southampton,Newcastle,0,0,D
27/10/2018,,Watford,Huddersfield,3,0,H
27/10/2018,17:30,Leicester,West Ham,1,1,D
28/10/2018,13:30,Crystal Palace,Arsenal,2,2,D
28/10/2018,16:00,Man United,Everton,2,1,H
28/10/2018,13:30,Burnley,Chelsea,0,4,A
29/10/2018,20:00,Tottenham,Man City,0,1,A
03/11/2018,12:30,Bournemouth,Man United,1,2,A
03/11/2018,15:00,Cardiff,Leicester,0,1,A
03/11/2018,,Everton,Brighton,3,1,H
03/11/2018,,Newcastle,Watford,1,0,H
03/11/2018,,West Ham,Burnley,4,2,H
03/11/2018,17:30,Arsenal,Liverpool,1,1,D
03/11/2018,19:45,Wolves,Tottenham,2,3,A
04/11/2018,16:00,Chelsea,Crystal Palace,3,1,H
04/11/2018,15:00,Man City,Southampton,6,1,H
05/11/2018,20:00,Huddersfield,Fulham,1,0,H
10/11/2018,12:30,Cardiff,Brighton,2,1,H
10/11/2018,15:00,Huddersfield,West Ham,1,1,D
10/11/2018,,Leicester,Burnley,0,0,D
10/11/2018,,Newcastle,Bournemouth,2,1,H
10/11/2018,,Southampton,Watford,1,1,D
10/11/2018,17:30,Crystal Palace,Tottenham,0,1,A
11/11/2018,12:00,Liverpool,Fulham,2,0,H
11/11/2018,14:15,Chelsea,Everton,0,0,D
11/11/2018,16:30,Arsenal,Wolves,1,1,D
11/11/2018,,Man City,Man United,3,1,H
24/11/2018,15:00,Brighton,Leicester,1,1,D
24/11/2018,,Everton,Cardiff,1,0,H
24/11/2018,,Fulham,Southampton,3,2,H
24/11/2018,,Man United,Crystal Palace,0,0,D
24/11/2018,,Watford,Liverpool,0,3,A
24/11/2018,,West Ham,Man City,0,4,A
24/11/2018,17:30,Tottenham,Chelsea,3,1,H
25/11/2018,16:00,Wolves,Huddersfield,0,2,A
25/11/2018,13:30,Bournemouth,Arsenal,1,2,A
26/11/2018,20:30,Burnley,Newcastle,1,2,A
30/11/2018,20:00,Cardiff,Wolves,2,1,H
01/12/2018,15:00,Crystal Palace,Burnley,2,0,H
01/12/2018,,Huddersfield,Brighton,1,2,A
01/12/2018,,Leicester,Watford,2,0,H
01/12/2018,,Man City,Bournemouth,3,1,H
01/12/2018,,Newcastle,West Ham,0,3,A
01/12/2018,17:30,Southampton,Man United,2,2,D
02/12/2018,14:05,Arsenal,Tottenham,4,2,H
02/12/2018,16:15,Liverpool,Everton,1,0,H
02/12/2018,12:00,Chelsea,Fulham,2,0,H
04/12/2018,19:45,Bournemouth,Huddersfield,2,1,H
04/12/2018,,Brighton,Crystal Palace,3,1,H
04/12/2018,,West Ham,Cardiff,3,1,H
04/12/2018,20:00,Watford,Man City,1,2,A
05/12/2018,19:45,Fulham,Leicester,1,1,D
05/12/2018,,Wolves,Chelsea,2,1,H
05/12/2018,,Everton,Newcastle,1,1,D
05/12/2018,20:00,Man United,Arsenal,2,2,D
05/12/2018,,Tottenham,Southampton,3,1,H
05/12/2018,19:45,Burnley,Liverpool,1,3,A
08/12/2018,12:30,Bournemouth,Liverpool,0,4,A
08/12/2018,15:00,Arsenal,Huddersfield,1,0,H
08/12/2018,,Burnley,Brighton,1,0,H
08/12/2018,,Cardiff,Southampton,1,0,H
08/12/2018,,Man United,Fulham,4,1,H
08/12/2018,,West Ham,Crystal Palace,3,2,H
08/12/2018,17:30,Chelsea,Man City,2,0,H
08/12/2018,19:45,Leicester,Tottenham,0,2,A
09/12/2018,16:00,Newcastle,Wolves,1,2,A
10/12/2018,20:00,Everton,Watford,2,2,D
15/12/2018,12:30,Man City,Everton,3,1,H
15/12/2018,15:00,Crystal Palace,Leicester,1,0,H
15/12/2018,,Huddersfield,Newcastle,0,1,A
15/12/2018,,Tottenham,Burnley,1,0,H
15/12/2018,,Watford,Cardiff,3,2,H
15/12/2018,,Wolves,Bournemouth,2,0,H
15/12/2018,17:30,Fulham,West Ham,0,2,A
16/12/2018,13:30,Brighton,Chelsea,1,2,A
16/12/2018,,Southampton,Arsenal,3,2,H
16/12/2018,16:00,Liverpool,Man United,3,1,H
21/12/2018,20:00,Wolves,Liverpool,0,2,A
22/12/2018,12:30,Arsenal,Burnley,3,1,H
22/12/2018,15:00,Bournemouth,Brighton,2,0,H
22/12/2018,,Chelsea,Leicester,0,1,A
22/12/2018,,Huddersfield,Southampton,1,3,A
22/12/2018,,Man City,Crystal Palace,2,3,A
22/12/2018,,Newcastle,Fulham,0,0,D
22/12/2018,,West Ham,Watford,0,2,A
22/12/2018,17:30,Cardiff,Man United,1,5,A
23/12/2018,16:00,Everton,Tottenham,2,6,A
26/12/2018,12:30,Fulham,Wolves,1,1,D
26/12/2018,15:00,Burnley,Everton,1,5,A
26/12/2018,,Crystal Palace,Cardiff,0,0,D
26/12/2018,,Leicester,Man City,2,1,H
26/12/2018,,Liverpool,Newcastle,4,0,H
26/12/2018,,Man United,Huddersfield,3,1,H
26/12/2018,,Tottenham,Bournemouth,5,0,H
26/12/2018,17:15,Brighton,Arsenal,1,1,D
26/12/2018,19:30,Watford,Chelsea,1,2,A
27/12/2018,19:45,Southampton,West Ham,1,2,A
29/12/2018,15:00,Brighton,Everton,1,0,H
29/12/2018,,Fulham,Huddersfield,1,0,H
29/12/2018,,Leicester,Cardiff,0,1,A
29/12/2018,,Tottenham,Wolves,1,3,A
29/12/2018,,Watford,Newcastle,1,1,D
29/12/2018,17:30,Liverpool,Arsenal,5,1,H
30/12/2018,14:15,Burnley,West Ham,2,0,H
30/12/2018,,Southampton,Man City,1,3,A
30/12/2018,16:30,Man United,Bournemouth,4,1,H
30/12/2018,12:00,Crystal Palace,Chelsea,0,1,A
01/01/2019,15:00,Arsenal,Fulham,4,1,H
01/01/2019,17:30,Cardiff,Tottenham,0,3,A
01/01/2019,12:30,Everton,Leicester,0,1,A
02/01/2019,19:45,Bournemouth,Watford,3,3,D
02/01/2019,,Chelsea,Southampton,0,0,D
02/01/2019,,Huddersfield,Burnley,1,2,A
02/01/2019,,West Ham,Brighton,2,2,D
02/01/2019,,Wolves,Crystal Palace,0,2,A
02/01/2019,20:00,Newcastle,Man United,0,2,A
03/01/2019,20:00,Man City,Liverpool,2,1,H
12/01/2019,15:00,Brighton,Liverpool,0,1,A
12/01/2019,,Burnley,Fulham,2,1,H
12/01/2019,,Cardiff,Huddersfield,0,0,D
12/01/2019,,Crystal Palace,Watford,1,2,A
12/01/2019,,Leicester,Southampton,1,2,A
12/01/2019,17:30,Chelsea,Newcastle,2,1,H
12/01/2019,12:30,West Ham,Arsenal,1,0,H
13/01/2019,14:15,Everton,Bournemouth,2,0,H
13/01/2019,16:30,Tottenham,Man United,0,1,A
14/01/2019,20:00,Man City,Wolves,3,0,H
19/01/2019,12:30,Wolves,Leicester,4,3,H
19/01/2019,15:00,Bournemouth,West Ham,2,0,H
19/01/2019,,Liverpool,Crystal Palace,4,3,H
19/01/2019,,Man United,Brighton,2,1,H
19/01/2019,,Newcastle,Cardiff,3,0,H
19/01/2019,,Southampton,Everton,2,1,H
19/01/2019,,Watford,Burnley,0,0,D
19/01/2019,17:30,Arsenal,Chelsea,2,0,H
20/01/2019,13:30,Huddersfield,Man City,0,3,A
20/01/2019,16:00,Fulham,Tottenham,1,2,A
29/01/2019,19:45,Fulham,Brighton,4,2,H
29/01/2019,,Arsenal,Cardiff,2,1,H
29/01/2019,,Huddersfield,Everton,0,1,A
29/01/2019,,Wolves,West Ham,3,0,H
29/01/2019,20:00,Man United,Burnley,2,2,D
29/01/2019,,Newcastle,Man City,2,1,H
30/01/2019,19:45,Southampton,Crystal Palace,1,1,D
30/01/2019,20:00,Liverpool,Leicester,1,1,D
30/01/2019,,Tottenham,Watford,2,1,H
30/01/2019,19:45,Bournemouth,Chelsea,4,0,H
02/02/2019,12:30,Tottenham,Newcastle,1,0,H
02/02/2019,15:00,Crystal Palace,Fulham,2,0,H
02/02/2019,,Burnley,Southampton,1,1,D
02/02/2019,,Chelsea,Huddersfield,5,0,H
02/02/2019,,Brighton,Watford,0,0,D
02/02/2019,,Everton,Wolves,1,3,A
02/02/2019,17:30,Cardiff,Bournemouth,2,0,H
03/02/2019,16:30,Man City,Arsenal,3,1,H
03/02/2019,14:05,Leicester,Man United,0,1,A
04/02/2019,20:00,West Ham,Liverpool,1,1,D
06/02/2019,19:45,Everton,Man City,0,2,A
09/02/2019,15:00,Huddersfield,Arsenal,1,2,A
09/02/2019,,Liverpool,Bournemouth,3,0,H
09/02/2019,12:30,Fulham,Man United,0,3,A
09/02/2019,15:00,Watford,Everton,1,0,H
09/02/2019,,Crystal Palace,West Ham,1,1,D
09/02/2019,17:30,Brighton,Burnley,1,3,A
09/02/2019,15:00,Southampton,Cardiff,1,2,A
10/02/2019,16:00,Man City,Chelsea,6,0,H
10/02/2019,13:30,Tottenham,Leicester,3,1,H
11/02/2019,20:00,Wolves,Newcastle,1,1,D
22/02/2019,19:45,Cardiff,Watford,1,5,A
22/02/2019,,West Ham,Fulham,3,1,H
23/02/2019,15:00,Newcastle,Huddersfield,2,0,H
23/02/2019,,Bournemouth,Wolves,1,1,D
23/02/2019,17:30,Leicester,Crystal Palace,1,4,A
23/02/2019,12:30,Burnley,Tottenham,2,1,H
24/02/2019,14:05,Man United,Liverpool,0,0,D
24/02/2019,,Arsenal,Southampton,2,0,H
26/02/2019,19:45,Leicester,Brighton,2,1,H
26/02/2019,,Cardiff,Everton,0,3,A
26/02/2019,,Huddersfield,Wolves,1,0,H
26/02/2019,20:00,Newcastle,Burnley,2,0,H
27/02/2019,20:00,Liverpool,Watford,5,0,H
27/02/2019,19:45,Arsenal,Bournemouth,5,1,H
27/02/2019,,Southampton,Fulham,2,0,H
27/02/2019,20:00,Crystal Palace,Man United,1,3,A
27/02/2019,,Chelsea,Tottenham,2,0,H
27/02/2019,,Man City,West Ham,1,0,H
02/03/2019,17:30,West Ham,Newcastle,2,0,H
02/03/2019,12:30,Tottenham,Arsenal,1,1,D
02/03/2019,15:00,Wolves,Cardiff,2,0,H
02/03/2019,,Burnley,Crystal Palace,1,3,A
02/03/2019,,Brighton,Huddersfield,1,0,H
02/03/2019,,Bournemouth,Man City,0,1,A
02/03/2019,,Man United,Southampton,3,2,H
03/03/2019,16:15,Everton,Liverpool,0,0,D
03/03/2019,12:00,Watford,Leicester,2,1,H
03/03/2019,14:05,Fulham,Chelsea,1,2,A
09/03/2019,17:30,Man City,Watford,3,1,H
09/03/2019,12:30,Crystal Palace,Brighton,1,2,A
09/03/2019,15:00,Huddersfield,Bournemouth,0,2,A
09/03/2019,,Leicester,Fulham,3,1,H
09/03/2019,,Cardiff,West Ham,2,0,H
09/03/2019,,Newcastle,Everton,3,2,H
09/03/2019,,Southampton,Tottenham,2,1,H
10/03/2019,12:00,Liverpool,Burnley,4,2,H
10/03/2019,14:05,Chelsea,Wolves,1,1,D
10/03/2019,16:30,Arsenal,Man United,2,0,H
16/03/2019,15:00,Bournemouth,Newcastle,2,2,D
16/03/2019,,West Ham,Huddersfield,4,3,H
16/03/2019,,Burnley,Leicester,1,2,A
17/03/2019,16:30,Everton,Chelsea,2,0,H
17/03/2019,14:15,Fulham,Liverpool,1,2,A
30/03/2019,12:30,Fulham,Man City,0,2,A
30/03/2019,17:30,West Ham,Everton,0,2,A
30/03/2019,15:00,Burnley,Wolves,2,0,H
30/03/2019,,Man United,Watford,2,1,H
30/03/2019,,Brighton,Southampton,0,1,A
30/03/2019,,Crystal Palace,Huddersfield,2,0,H
30/03/2019,,Leicester,Bournemouth,2,0,H
31/03/2019,14:05,Cardiff,Chelsea,1,2,A
31/03/2019,16:30,Liverpool,Tottenham,2,1,H
01/04/2019,20:00,Arsenal,Newcastle,2,0,H
02/04/2019,19:45,Wolves,Man United,2,1,H
02/04/2019,,Watford,Fulham,4,1,H
03/04/2019,19:45,Tottenham,Crystal Palace,2,0,H
03/04/2019,19:45,Man City,Cardiff,2,0,H
03/04/2019,19:45,Chelsea,Brighton,3,0,H
05/04/2019,20:00,Southampton,Liverpool,1,3,A
06/04/2019,15:00,Bournemouth,Burnley,1,3,A
06/04/2019,,Huddersfield,Leicester,1,4,A
06/04/2019,,Newcastle,Crystal Palace,0,1,A
07/04/2019,14:05,Everton,Arsenal,1,0,H
08/04/2019,20:00,Chelsea,West Ham,2,0,H
12/04/2019,20:00,Leicester,Newcastle,0,1,A
13/04/2019,15:00,Southampton,Wolves,3,1,H
13/04/2019,,Fulham,Everton,2,0,H
13/04/2019,,Brighton,Bournemouth,0,5,A
13/04/2019,,Burnley,Cardiff,2,0,H
13/04/2019,17:30,Man United,West Ham,2,1,H
13/04/2019,12:30,Tottenham,Huddersfield,4,0,H
14/04/2019,16:30,Liverpool,Chelsea,2,0,H
14/04/2019,14:05,Crystal Palace,Man City,1,3,A
15/04/2019,20:00,Watford,Arsenal,0,1,A
16/04/2019,19:45,Brighton,Cardiff,0,2,A
20/04/2019,15:00,West Ham,Leicester,2,2,D
20/04/2019,,Wolves,Brighton,0,0,D
20/04/2019,17:30,Newcastle,Southampton,3,1,H
20/04/2019,15:00,Bournemouth,Fulham,0,1,A
20/04/2019,12:30,Man City,Tottenham,1,0,H
20/04/2019,15:00,Huddersfield,Watford,1,2,A
21/04/2019,13:30,Everton,Man United,4,0,H
21/04/2019,16:00,Cardiff,Liverpool,0,2,A
21/04/2019,,Arsenal,Crystal Palace,2,3,A
22/04/2019,20:00,Chelsea,Burnley,2,2,D
23/04/2019,19:45,Watford,Southampton,1,1,D
23/04/2019,19:45,Tottenham,Brighton,1,0,H
24/04/2019,20:00,Man United,Man City,0,2,A
24/04/2019,19:45,Wolves,Arsenal,3,1,H
26/04/2019,20:00,Liverpool,Huddersfield,5,0,H
27/04/2019,12:30,Tottenham,West Ham,0,1,A
27/04/2019,15:00,Crystal Palace,Everton,0,0,D
27/04/2019,,Fulham,Cardiff,1,0,H
27/04/2019,,Southampton,Bournemouth,3,3,D
27/04/2019,,Watford,Wolves,1,2,A
27/04/2019,17:30,Brighton,Newcastle,1,1,D
28/04/2019,14:05,Burnley,Man City,0,1,A
28/04/2019,16:30,Man United,Chelsea,1,1,D
28/04/2019,12:00,Leicester,Arsenal,3,0,H
03/05/2019,20:00,Everton,Burnley,2,0,H
04/05/2019,12:30,Bournemouth,Tottenham,1,0,H
04/05/2019,15:00,West Ham,Southampton,3,0,H
04/05/2019,,Wolves,Fulham,1,0,H
04/05/2019,17:30,Cardiff,Crystal Palace,2,3,A
04/05/2019,19:45,Newcastle,Liverpool,2,3,A
05/05/2019,14:00,Chelsea,Watford,3,0,H
05/05/2019,,Huddersfield,Man United,1,1,D
05/05/2019,16:30,Arsenal,Brighton,1,1,D
06/05/2019,20:00,Man City,Leicester,1,0,H
12/05/2019,15:00,Brighton,Man City,1,4,A
12/05/2019,,Burnley,Arsenal,1,3,A
12/05/2019,,Crystal Palace,Bournemouth,5,3,H
12/05/2019,,Fulham,Newcastle,0,4,A
12/05/2019,,Leicester,Chelsea,0,0,D
12/05/2019,,Liverpool,Wolves,2,0,H
12/05/2019,,Man United,Cardiff,0,2,A
12/05/2019,,Southampton,Huddersfield,1,1,D
12/05/2019,,Tottenham,Everton,2,2,D
12/05/2019,,Watford,West Ham,1,4,A
09/08/2019,20:00,Liverpool,Norwich,4,1,H
10/08/2019,12:30,West Ham,Man City,0,5,A
10/08/2019,15:00,Bournemouth,Sheffield United,1,1,D
10/08/2019,,Burnley,Southampton,3,0,H
10/08/2019,,Crystal Palace,Everton,0,0,D
10/08/2019,,Watford,Brighton,0,3,A
10/08/2019,17:30,Tottenham,Aston Villa,3,1,H
11/08/2019,14:00,Newcastle,Arsenal,0,1,A
11/08/2019,16:30,Man United,Chelsea,4,0,H
11/08/2019,14:00,Leicester,Wolves,0,0,D
17/08/2019,12:30,Arsenal,Burnley,2,1,H
17/08/2019,15:00,Aston Villa,Bournemouth,1,2,A
17/08/2019,,Brighton,West Ham,1,1,D
17/08/2019,,Everton,Watford,1,0,H
17/08/2019,,Norwich,Newcastle,3,1,H
17/08/2019,,Southampton,Liverpool,1,2,A
17/08/2019,17:30,Man City,Tottenham,2,2,D
18/08/2019,16:30,Chelsea,Leicester,1,1,D
18/08/2019,14:00,Sheffield United,Crystal Palace,1,0,H
19/08/2019,20:00,Wolves,Man United,1,1,D
23/08/2019,20:00,Aston Villa,Everton,2,0,H
24/08/2019,12:30,Norwich,Chelsea,2,3,A
24/08/2019,15:00,Brighton,Southampton,0,2,A
24/08/2019,,Man United,Crystal Palace,1,2,A
24/08/2019,,Sheffield United,Leicester,1,2,A
24/08/2019,,Watford,West Ham,1,3,A
24/08/2019,17:30,Liverpool,Arsenal,3,1,H
25/08/2019,16:30,Tottenham,Newcastle,0,1,A
25/08/2019,,Wolves,Burnley,1,1,D
25/08/2019,14:00,Bournemouth,Man City,1,3,A
31/08/2019,12:30,Southampton,Man United,1,1,D
31/08/2019,15:00,Chelsea,Sheffield United,2,2,D
31/08/2019,,Crystal Palace,Aston Villa,1,0,H
31/08/2019,,Leicester,Bournemouth,3,1,H
31/08/2019,,Man City,Brighton,4,0,H
31/08/2019,,Newcastle,Watford,1,1,D
31/08/2019,,West Ham,Norwich,2,0,H
31/08/2019,17:30,Burnley,Liverpool,0,3,A
01/09/2019,16:30,Arsenal,Tottenham,2,2,D
01/09/2019,14:00,Everton,Wolves,3,2,H
14/09/2019,12:30,Liverpool,Newcastle,3,1,H
14/09/2019,15:00,Brighton,Burnley,1,1,D
14/09/2019,,Man United,Leicester,1,0,H
14/09/2019,,Sheffield United,Southampton,0,1,A
14/09/2019,,Tottenham,Crystal Palace,4,0,H
14/09/2019,,Wolves,Chelsea,2,5,A
14/09/2019,17:30,Norwich,Man City,3,2,H
15/09/2019,16:30,Watford,Arsenal,2,2,D
15/09/2019,14:00,Bournemouth,Everton,3,1,H
16/09/2019,20:00,Aston Villa,West Ham,0,0,D
20/09/2019,20:00,Southampton,Bournemouth,1,3,A
21/09/2019,12:30,Leicester,Tottenham,2,1,H
21/09/2019,15:00,Burnley,Norwich,2,0,H
21/09/2019,,Everton,Sheffield United,0,2,A
21/09/2019,,Man City,Watford,8,0,H
21/09/2019,17:30,Newcastle,Brighton,0,0,D
22/09/2019,14:00,Crystal Palace,Wolves,1,1,D
22/09/2019,,West Ham,Man United,2,0,H
22/09/2019,16:30,Arsenal,Aston Villa,3,2,H
22/09/2019,,Chelsea,Liverpool,1,2,A
28/09/2019,12:30,Sheffield United,Liverpool,0,1,A
28/09/2019,15:00,Bournemouth,West Ham,2,2,D
28/09/2019,,Aston Villa,Burnley,2,2,D
28/09/2019,,Chelsea,Brighton,2,0,H
28/09/2019,,Crystal Palace,Norwich,2,0,H
28/09/2019,,Tottenham,Southampton,2,1,H
28/09/2019,,Wolves,Watford,2,0,H
28/09/2019,17:30,Everton,Man City,1,3,A
29/09/2019,16:30,Leicester,Newcastle,5,0,H
30/09/2019,20:00,Man United,Arsenal,1,1,D
05/10/2019,12:30,Brighton,Tottenham,3,0,H
05/10/2019,15:00,Burnley,Everton,1,0,H
05/10/2019,,Liverpool,Leicester,2,1,H
05/10/2019,,Norwich,Aston Villa,1,5,A
05/10/2019,,Watford,Sheffield United,0,0,D
05/10/2019,17:30,West Ham,Crystal Palace,1,2,A
06/10/2019,14:00,Man City,Wolves,0,2,A
06/10/2019,,Southampton,Chelsea,1,4,A
06/10/2019,16:30,Newcastle,Man United,1,0,H
06/10/2019,14:00,Arsenal,Bournemouth,1,0,H
19/10/2019,12:30,Everton,West Ham,2,0,H
19/10/2019,15:00,Bournemouth,Norwich,0,0,D
19/10/2019,,Aston Villa,Brighton,2,1,H
19/10/2019,,Chelsea,Newcastle,1,0,H
19/10/2019,,Leicester,Burnley,2,1,H
19/10/2019,,Tottenham,Watford,1,1,D
19/10/2019,,Wolves,Southampton,1,1,D
19/10/2019,17:30,Crystal Palace,Man City,0,2,A
20/10/2019,16:30,Man United,Liverpool,1,1,D
21/10/2019,20:00,Sheffield United,Arsenal,1,0,H
25/10/2019,20:00,Southampton,Leicester,0,9,A
26/10/2019,12:30,Man City,Aston Villa,3,0,H
26/10/2019,15:00,Brighton,Everton,3,2,H
26/10/2019,,Watford,Bournemouth,0,0,D
26/10/2019,,West Ham,Sheffield United,1,1,D
26/10/2019,17:30,Burnley,Chelsea,2,4,A
27/10/2019,16:30,Arsenal,Crystal Palace,2,2,D
27/10/2019,,Liverpool,Tottenham,2,1,H
27/10/2019,,Norwich,Man United,1,3,A
27/10/2019,14:00,Newcastle,Wolves,1,1,D
02/11/2019,12:30,Bournemouth,Man United,1,0,H
02/11/2019,15:00,Arsenal,Wolves,1,1,D
02/11/2019,,Aston Villa,Liverpool,1,2,A
02/11/2019,,Brighton,Norwich,2,0,H
02/11/2019,,Man City,Southampton,2,1,H
02/11/2019,,Sheffield United,Burnley,3,0,H
02/11/2019,,West Ham,Newcastle,2,3,A
02/11/2019,17:30,Watford,Chelsea,1,2,A
03/11/2019,16:30,Everton,Tottenham,1,1,D
03/11/2019,14:00,Crystal Palace,Leicester,0,2,A
08/11/2019,20:00,Norwich,Watford,0,2,A
09/11/2019,12:30,Chelsea,Crystal Palace,2,0,H
09/11/2019,15:00,Burnley,West Ham,3,0,H
09/11/2019,,Newcastle,Bournemouth,2,1,H
09/11/2019,,Southampton,Everton,1,2,A
09/11/2019,,Tottenham,Sheffield United,1,1,D
09/11/2019,17:30,Leicester,Arsenal,2,0,H
10/11/2019,14:00,Man United,Brighton,3,1,H
10/11/2019,,Wolves,Aston Villa,2,1,H
10/11/2019,16:30,Liverpool,Man City,3,1,H
23/11/2019,12:30,West Ham,Tottenham,2,3,A
23/11/2019,15:00,Bournemouth,Wolves,1,2,A
23/11/2019,,Arsenal,Southampton,2,2,D
23/11/2019,,Brighton,Leicester,0,2,A
23/11/2019,,Crystal Palace,Liverpool,1,2,A
23/11/2019,,Everton,Norwich,0,2,A
23/11/2019,,Watford,Burnley,0,3,A
23/11/2019,17:30,Man City,Chelsea,2,1,H
24/11/2019,16:30,Sheffield United,Man United,3,3,D
25/11/2019,20:00,Aston Villa,Newcastle,2,0,H
30/11/2019,12:30,Newcastle,Man City,2,2,D
30/11/2019,15:00,Burnley,Crystal Palace,0,2,A
30/11/2019,,Chelsea,West Ham,0,1,A
30/11/2019,,Liverpool,Brighton,2,1,H
30/11/2019,,Tottenham,Bournemouth,3,2,H
30/11/2019,17:30,Southampton,Watford,2,1,H
01/12/2019,14:00,Wolves,Sheffield United,1,1,D
01/12/2019,16:30,Leicester,Everton,2,1,H
01/12/2019,,Man United,Aston Villa,2,2,D
01/12/2019,14:00,Norwich,Arsenal,2,2,D
03/12/2019,20:15,Burnley,Man City,1,4,A
03/12/2019,19:30,Crystal Palace,Bournemouth,1,0,H
04/12/2019,19:30,Leicester,Watford,2,0,H
04/12/2019,,Wolves,West Ham,2,0,H
04/12/2019,,Man United,Tottenham,2,1,H
04/12/2019,,Chelsea,Aston Villa,2,1,H
04/12/2019,,Southampton,Norwich,2,1,H
04/12/2019,20:15,Liverpool,Everton,5,2,H
05/12/2019,20:15,Arsenal,Brighton,1,2,A
05/12/2019,19:30,Sheffield United,Newcastle,0,2,A
07/12/2019,15:00,Bournemouth,Liverpool,0,3,A
07/12/2019,,Tottenham,Burnley,5,0,H
07/12/2019,,Watford,Crystal Palace,0,0,D
07/12/2019,17:30,Man City,Man United,1,2,A
07/12/2019,12:30,Everton,Chelsea,3,1,H
08/12/2019,14:00,Aston Villa,Leicester,1,4,A
08/12/2019,,Newcastle,Southampton,2,1,H
08/12/2019,,Norwich,Sheffield United,1,2,A
08/12/2019,16:30,Brighton,Wolves,2,2,D
09/12/2019,20:00,West Ham,Arsenal,1,3,A
14/12/2019,12:30,Liverpool,Watford,2,0,H
14/12/2019,15:00,Burnley,Newcastle,1,0,H
14/12/2019,,Chelsea,Bournemouth,0,1,A
14/12/2019,,Leicester,Norwich,1,1,D
14/12/2019,,Sheffield United,Aston Villa,2,0,H
14/12/2019,17:30,Southampton,West Ham,0,1,A
15/12/2019,14:00,Wolves,Tottenham,1,2,A
15/12/2019,16:30,Arsenal,Man City,0,3,A
15/12/2019,14:00,Man United,Everton,1,1,D
16/12/2019,19:45,Crystal Palace,Brighton,1,1,D
21/12/2019,12:30,Everton,Arsenal,0,0,D
21/12/2019,15:00,Bournemouth,Burnley,0,1,A
21/12/2019,,Aston Villa,Southampton,1,3,A
21/12/2019,,Brighton,Sheffield United,0,1,A
21/12/2019,,Newcastle,Crystal Palace,1,0,H
21/12/2019,,Norwich,Wolves,1,2,A
21/12/2019,17:30,Man City,Leicester,3,1,H
22/12/2019,16:30,Tottenham,Chelsea,0,2,A
22/12/2019,14:00,Watford,Man United,2,0,H
26/12/2019,20:00,Leicester,Liverpool,0,4,A
26/12/2019,12:30,Tottenham,Brighton,2,1,H
26/12/2019,15:00,Bournemouth,Arsenal,1,1,D
26/12/2019,,Aston Villa,Norwich,1,0,H
26/12/2019,,Chelsea,Southampton,0,2,A
26/12/2019,,Crystal Palace,West Ham,2,1,H
26/12/2019,,Everton,Burnley,1,0,H
26/12/2019,,Sheffield United,Watford,1,1,D
26/12/2019,17:30,Man United,Newcastle,4,1,H
27/12/2019,19:45,Wolves,Man City,3,2,H
28/12/2019,19:45,Burnley,Man United,0,2,A
28/12/2019,12:30,Brighton,Bournemouth,2,0,H
28/12/2019,15:00,Newcastle,Everton,1,2,A
28/12/2019,,Southampton,Crystal Palace,1,1,D
28/12/2019,,Watford,Aston Villa,3,0,H
28/12/2019,17:30,Norwich,Tottenham,2,2,D
28/12/2019,,West Ham,Leicester,1,2,A
29/12/2019,14:00,Arsenal,Chelsea,1,2,A
29/12/2019,16:30,Liverpool,Wolves,1,0,H
29/12/2019,18:00,Man City,Sheffield United,2,0,H
01/01/2020,17:30,Norwich,Crystal Palace,1,1,D
01/01/2020,12:30,Brighton,Chelsea,1,1,D
01/01/2020,,Burnley,Aston Villa,1,2,A
01/01/2020,15:00,Newcastle,Leicester,0,3,A
01/01/2020,,Southampton,Tottenham,1,0,H
01/01/2020,,Watford,Wolves,2,1,H
01/01/2020,17:30,Man City,Everton,2,1,H
01/01/2020,20:00,Arsenal,Man United,2,0,H
01/01/2020,17:30,West Ham,Bournemouth,4,0,H
02/01/2020,20:00,Liverpool,Sheffield United,2,0,H
10/01/2020,20:00,Sheffield United,West Ham,1,0,H
11/01/2020,17:30,Tottenham,Liverpool,0,1,A
11/01/2020,12:30,Crystal Palace,Arsenal,1,1,D
11/01/2020,15:00,Chelsea,Burnley,3,0,H
11/01/2020,,Everton,Brighton,1,0,H
11/01/2020,,Leicester,Southampton,1,2,A
11/01/2020,,Man United,Norwich,4,0,H
11/01/2020,,Wolves,Newcastle,1,1,D
12/01/2020,14:00,Bournemouth,Watford,0,3,A
12/01/2020,16:30,Aston Villa,Man City,1,6,A
18/01/2020,12:30,Watford,Tottenham,0,0,D
18/01/2020,15:00,Arsenal,Sheffield United,1,1,D
18/01/2020,,Brighton,Aston Villa,1,1,D
18/01/2020,,Man City,Crystal Palace,2,2,D
18/01/2020,,Norwich,Bournemouth,1,0,H
18/01/2020,,Southampton,Wolves,2,3,A
18/01/2020,,West Ham,Everton,1,1,D
18/01/2020,17:30,Newcastle,Chelsea,1,0,H
19/01/2020,16:30,Liverpool,Man United,2,0,H
19/01/2020,14:00,Burnley,Leicester,2,1,H
21/01/2020,19:30,Bournemouth,Brighton,3,1,H
21/01/2020,,Aston Villa,Watford,2,1,H
21/01/2020,,Everton,Newcastle,2,2,D
21/01/2020,,Sheffield United,Man City,0,1,A
21/01/2020,,Crystal Palace,Southampton,0,2,A
21/01/2020,20:15,Chelsea,Arsenal,2,2,D
22/01/2020,20:15,Man United,Burnley,0,2,A
22/01/2020,19:30,Leicester,West Ham,4,1,H
22/01/2020,,Tottenham,Norwich,2,1,H
23/01/2020,20:00,Wolves,Liverpool,1,2,A
29/01/2020,19:45,West Ham,Liverpool,0,2,A
01/02/2020,12:30,Leicester,Chelsea,2,2,D
01/02/2020,15:00,Bournemouth,Aston Villa,2,1,H
01/02/2020,,Crystal Palace,Sheffield United,0,1,A
01/02/2020,,Liverpool,Southampton,4,0,H
01/02/2020,,Newcastle,Norwich,0,0,D
01/02/2020,,Watford,Everton,2,3,A
01/02/2020,,West Ham,Brighton,3,3,D
01/02/2020,17:30,Man United,Wolves,0,0,D
02/02/2020,16:30,Tottenham,Man City,2,0,H
02/02/2020,14:00,Burnley,Arsenal,0,0,D
08/02/2020,17:30,Brighton,Watford,1,1,D
08/02/2020,12:30,Everton,Crystal Palace,3,1,H
09/02/2020,14:00,Sheffield United,Bournemouth,2,1,H
14/02/2020,20:00,Wolves,Leicester,0,0,D
15/02/2020,17:30,Norwich,Liverpool,0,1,A
15/02/2020,12:30,Southampton,Burnley,1,2,A
16/02/2020,14:00,Aston Villa,Tottenham,2,3,A
16/02/2020,16:30,Arsenal,Newcastle,4,0,H
17/02/2020,20:00,Chelsea,Man United,0,2,A
19/02/2020,19:30,Man City,West Ham,2,0,H
22/02/2020,15:00,Burnley,Bournemouth,3,0,H
22/02/2020,,Crystal Palace,Newcastle,1,0,H
22/02/2020,,Sheffield United,Brighton,1,1,D
22/02/2020,,Southampton,Aston Villa,2,0,H
22/02/2020,17:30,Leicester,Man City,0,1,A
22/02/2020,12:30,Chelsea,Tottenham,2,1,H
23/02/2020,14:00,Man United,Watford,3,0,H
23/02/2020,,Wolves,Norwich,3,0,H
23/02/2020,16:30,Arsenal,Everton,3,2,H
24/02/2020,20:00,Liverpool,West Ham,3,2,H
28/02/2020,20:00,Norwich,Leicester,1,0,H
29/02/2020,12:30,Brighton,Crystal Palace,0,1,A
29/02/2020,15:00,Bournemouth,Chelsea,2,2,D
29/02/2020,,Newcastle,Burnley,0,0,D
29/02/2020,,West Ham,Southampton,3,1,H
29/02/2020,17:30,Watford,Liverpool,3,0,H
01/03/2020,14:00,Tottenham,Wolves,2,3,A
01/03/2020,,Everton,Man United,1,1,D
07/03/2020,17:30,Burnley,Tottenham,1,1,D
07/03/2020,15:00,Wolves,Brighton,0,0,D
07/03/2020,12:30,Liverpool,Bournemouth,2,1,H
07/03/2020,15:00,Arsenal,West Ham,1,0,H
07/03/2020,,Crystal Palace,Watford,1,0,H
07/03/2020,,Sheffield United,Norwich,1,0,H
07/03/2020,,Southampton,Newcastle,0,1,A
08/03/2020,16:30,Man United,Man City,2,0,H
08/03/2020,14:00,Chelsea,Everton,4,0,H
09/03/2020,20:00,Leicester,Aston Villa,4,0,H
17/06/2020,18:00,Aston Villa,Sheffield United,0,0,D
17/06/2020,20:15,Man City,Arsenal,3,0,H
19/06/2020,18:00,Norwich,Southampton,0,3,A
19/06/2020,20:15,Tottenham,Man United,1,1,D
20/06/2020,15:00,Brighton,Arsenal,2,1,H
20/06/2020,17:30,West Ham,Wolves,0,2,A
20/06/2020,19:45,Bournemouth,Crystal Palace,0,2,A
20/06/2020,12:30,Watford,Leicester,1,1,D
21/06/2020,14:00,Newcastle,Sheffield United,3,0,H
21/06/2020,16:15,Aston Villa,Chelsea,1,2,A
21/06/2020,19:00,Everton,Liverpool,0,0,D
22/06/2020,20:00,Man City,Burnley,5,0,H
23/06/2020,20:15,Tottenham,West Ham,2,0,H
23/06/2020,18:00,Leicester,Brighton,0,0,D
24/06/2020,18:00,Man United,Sheffield United,3,0,H
24/06/2020,,Newcastle,Aston Villa,1,1,D
24/06/2020,,Norwich,Everton,0,1,A
24/06/2020,,Wolves,Bournemouth,1,0,H
24/06/2020,20:15,Liverpool,Crystal Palace,4,0,H
25/06/2020,18:00,Southampton,Arsenal,0,2,A
25/06/2020,20:15,Chelsea,Man City,2,1,H
25/06/2020,18:00,Burnley,Watford,1,0,H
27/06/2020,12:30,Aston Villa,Wolves,0,1,A
28/06/2020,16:30,Watford,Southampton,1,3,A
29/06/2020,20:00,Crystal Palace,Burnley,0,1,A
30/06/2020,20:15,Brighton,Man United,0,3,A
01/07/2020,18:00,Bournemouth,Newcastle,1,4,A
01/07/2020,,Arsenal,Norwich,4,0,H
01/07/2020,,Everton,Leicester,2,1,H
01/07/2020,20:15,West Ham,Chelsea,3,2,H
02/07/2020,20:15,Man City,Liverpool,4,0,H
02/07/2020,18:00,Sheffield United,Tottenham,3,1,H
04/07/2020,12:30,Norwich,Brighton,0,1,A
04/07/2020,15:00,Leicester,Crystal Palace,3,0,H
04/07/2020,,Man United,Bournemouth,5,2,H
04/07/2020,17:30,Wolves,Arsenal,0,2,A
04/07/2020,20:00,Chelsea,Watford,3,0,H
05/07/2020,14:15,Newcastle,West Ham,2,2,D
05/07/2020,16:30,Liverpool,Aston Villa,2,0,H
05/07/2020,19:00,Southampton,Man City,1,0,H
05/07/2020,12:00,Burnley,Sheffield United,1,1,D
06/07/2020,20:00,Tottenham,Everton,1,0,H
07/07/2020,18:00,Watford,Norwich,2,1,H
07/07/2020,20:15,Arsenal,Leicester,1,1,D
07/07/2020,18:00,Crystal Palace,Chelsea,2,3,A
08/07/2020,18:00,Man City,Newcastle,5,0,H
08/07/2020,,Sheffield United,Wolves,1,0,H
08/07/2020,,West Ham,Burnley,0,1,A
08/07/2020,20:15,Brighton,Liverpool,1,3,A
09/07/2020,18:00,Everton,Southampton,1,1,D
09/07/2020,20:15,Aston Villa,Man United,0,3,A
09/07/2020,18:00,Bournemouth,Tottenham,0,0,D
11/07/2020,12:30,Watford,Newcastle,2,1,H
11/07/2020,15:00,Liverpool,Burnley,1,1,D
11/07/2020,17:30,Sheffield United,Chelsea,3,0,H
11/07/2020,20:00,Brighton,Man City,0,5,A
11/07/2020,12:30,Norwich,West Ham,0,4,A
12/07/2020,12:00,Wolves,Everton,3,0,H
12/07/2020,14:15,Aston Villa,Crystal Palace,2,0,H
12/07/2020,16:30,Tottenham,Arsenal,2,1,H
12/07/2020,19:00,Bournemouth,Leicester,4,1,H
13/07/2020,20:00,Man United,Southampton,2,2,D
14/07/2020,20:15,Chelsea,Norwich,1,0,H
15/07/2020,18:00,Man City,Bournemouth,2,1,H
15/07/2020,,Newcastle,Tottenham,1,3,A
15/07/2020,20:15,Arsenal,Liverpool,2,1,H
15/07/2020,18:00,Burnley,Wolves,1,1,D
16/07/2020,18:00,Everton,Aston Villa,1,1,D
16/07/2020,,Leicester,Sheffield United,2,0,H
16/07/2020,20:15,Crystal Palace,Man United,0,2,A
16/07/2020,,Southampton,Brighton,1,1,D
17/07/2020,20:00,West Ham,Watford,3,1,H
18/07/2020,17:30,Norwich,Burnley,0,2,A
19/07/2020,16:00,Tottenham,Leicester,3,0,H
19/07/2020,14:00,Bournemouth,Southampton,0,2,A
20/07/2020,18:00,Brighton,Newcastle,0,0,D
20/07/2020,,Sheffield United,Everton,0,1,A
20/07/2020,20:15,Wolves,Crystal Palace,2,0,H
21/07/2020,20:15,Aston Villa,Arsenal,1,0,H
21/07/2020,18:00,Watford,Man City,0,4,A
22/07/2020,18:00,Man United,West Ham,1,1,D
22/07/2020,20:15,Liverpool,Chelsea,5,3,H
26/07/2020,16:00,Arsenal,Watford,3,2,H
26/07/2020,,Burnley,Brighton,1,2,A
26/07/2020,,Chelsea,Wolves,2,0,H
26/07/2020,,Crystal Palace,Tottenham,1,1,D
26/07/2020,,Everton,Bournemouth,1,3,A
26/07/2020,,Leicester,Man United,0,2,A
26/07/2020,,Man City,Norwich,5,0,H
26/07/2020,,Newcastle,Liverpool,1,3,A
26/07/2020,,Southampton,Sheffield United,3,1,H
26/07/2020,,West Ham,Aston Villa,1,1,D
12/09/2020,12:30,Fulham,Arsenal,0,3,A
12/09/2020,15:00,Crystal Palace,Southampton,1,0,H
12/09/2020,17:30,Liverpool,Leeds,4,3,H
12/09/2020,20:00,West Ham,Newcastle,0,2,A
13/09/2020,14:00,West Brom,Leicester,0,3,A
13/09/2020,16:30,Tottenham,Everton,0,1,A
14/09/2020,18:00,Sheffield United,Wolves,0,2,A
14/09/2020,20:15,Brighton,Chelsea,1,3,A
19/09/2020,12:30,Everton,West Brom,5,2,H
19/09/2020,15:00,Leeds,Fulham,4,3,H
19/09/2020,17:30,Man United,Crystal Palace,1,3,A
19/09/2020,20:00,Arsenal,West Ham,2,1,H
20/09/2020,12:00,Southampton,Tottenham,2,5,A
20/09/2020,14:00,Newcastle,Brighton,0,3,A
20/09/2020,16:30,Chelsea,Liverpool,0,2,A
20/09/2020,19:00,Leicester,Burnley,4,2,H
21/09/2020,18:00,Aston Villa,Sheffield United,1,0,H
21/09/2020,20:15,Wolves,Man City,1,3,A
26/09/2020,12:30,Brighton,Man United,2,3,A
26/09/2020,15:00,Crystal Palace,Everton,1,2,A
26/09/2020,17:30,West Brom,Chelsea,3,3,D
26/09/2020,20:00,Burnley,Southampton,0,1,A
27/09/2020,12:00,Sheffield United,Leeds,0,1,A
27/09/2020,14:00,Tottenham,Newcastle,1,1,D
27/09/2020,16:30,Man City,Leicester,2,5,A
27/09/2020,19:00,West Ham,Wolves,4,0,H
28/09/2020,17:45,Fulham,Aston Villa,0,3,A
28/09/2020,20:00,Liverpool,Arsenal,3,1,H
03/10/2020,12:30,Chelsea,Crystal Palace,4,0,H
03/10/2020,15:00,Everton,Brighton,4,2,H
03/10/2020,17:30,Leeds,Man City,1,1,D
03/10/2020,20:00,Newcastle,Burnley,3,1,H
04/10/2020,12:00,Leicester,West Ham,0,3,A
04/10/2020,,Southampton,West Brom,2,0,H
04/10/2020,14:00,Wolves,Fulham,1,0,H
04/10/2020,,Arsenal,Sheffield United,2,1,H
04/10/2020,16:30,Man United,Tottenham,1,6,A
04/10/2020,19:15,Aston Villa,Liverpool,7,2,H
17/10/2020,12:30,Everton,Liverpool,2,2,D
17/10/2020,15:00,Chelsea,Southampton,3,3,D
17/10/2020,17:30,Man City,Arsenal,1,0,H
17/10/2020,20:00,Newcastle,Man United,1,4,A
18/10/2020,12:00,Sheffield United,Fulham,1,1,D
18/10/2020,14:00,Crystal Palace,Brighton,1,1,D
18/10/2020,16:30,Tottenham,West Ham,3,3,D
18/10/2020,19:15,Leicester,Aston Villa,0,1,A
19/10/2020,17:30,West Brom,Burnley,0,0,D
19/10/2020,20:00,Leeds,Wolves,0,1,A
23/10/2020,20:00,Aston Villa,Leeds,0,3,A
24/10/2020,12:30,West Ham,Man City,1,1,D
24/10/2020,15:00,Fulham,Crystal Palace,1,2,A
24/10/2020,17:30,Man United,Chelsea,0,0,D
24/10/2020,20:00,Liverpool,Sheffield United,2,1,H
25/10/2020,14:00,Southampton,Everton,2,0,H
25/10/2020,16:30,Wolves,Newcastle,1,1,D
25/10/2020,19:15,Arsenal,Leicester,0,1,A
26/10/2020,17:30,Brighton,West Brom,1,1,D
26/10/2020,20:00,Burnley,Tottenham,0,1,A
30/10/2020,20:00,Wolves,Crystal Palace,2,0,H
31/10/2020,12:30,Sheffield United,Man City,0,1,A
31/10/2020,15:00,Burnley,Chelsea,0,3,A
31/10/2020,17:30,Liverpool,West Ham,2,1,H
01/11/2020,12:00,Aston Villa,Southampton,3,4,A
01/11/2020,14:00,Newcastle,Everton,2,1,H
01/11/2020,16:30,Man United,Arsenal,0,1,A
01/11/2020,19:15,Tottenham,Brighton,2,1,H
02/11/2020,17:30,Fulham,West Brom,2,0,H
02/11/2020,20:00,Leeds,Leicester,1,4,A
06/11/2020,17:30,Brighton,Burnley,0,0,D
06/11/2020,20:00,Southampton,Newcastle,2,0,H
07/11/2020,12:30,Everton,Man United,1,3,A
07/11/2020,15:00,Crystal Palace,Leeds,4,1,H
07/11/2020,17:30,Chelsea,Sheffield United,4,1,H
07/11/2020,20:00,West Ham,Fulham,1,0,H
08/11/2020,12:00,West Brom,Tottenham,0,1,A
08/11/2020,14:00,Leicester,Wolves,1,0,H
08/11/2020,16:30,Man City,Liverpool,1,1,D
08/11/2020,19:15,Arsenal,Aston Villa,0,3,A
21/11/2020,12:30,Newcastle,Chelsea,0,2,A
21/11/2020,15:00,Aston Villa,Brighton,1,2,A
21/11/2020,17:30,Tottenham,Man City,2,0,H
21/11/2020,20:00,Man United,West Brom,1,0,H
22/11/2020,12:00,Fulham,Everton,2,3,A
22/11/2020,14:00,Sheffield United,West Ham,0,1,A
22/11/2020,16:30,Leeds,Arsenal,0,0,D
22/11/2020,19:15,Liverpool,Leicester,3,0,H
23/11/2020,17:30,Burnley,Crystal Palace,1,0,H
23/11/2020,20:00,Wolves,Southampton,1,1,D
27/11/2020,20:00,Crystal Palace,Newcastle,0,2,A
28/11/2020,12:30,Brighton,Liverpool,1,1,D
28/11/2020,15:00,Man City,Burnley,5,0,H
28/11/2020,17:30,Everton,Leeds,0,1,A
28/11/2020,20:00,West Brom,Sheffield United,1,0,H
29/11/2020,14:00,Southampton,Man United,2,3,A
29/11/2020,16:30,Chelsea,Tottenham,0,0,D
29/11/2020,19:15,Arsenal,Wolves,1,2,A
30/11/2020,17:30,Leicester,Fulham,1,2,A
30/11/2020,20:00,West Ham,Aston Villa,2,1,H
05/12/2020,12:30,Burnley,Everton,1,1,D
05/12/2020,15:00,Man City,Fulham,2,0,H
05/12/2020,17:30,West Ham,Man United,1,3,A
05/12/2020,20:00,Chelsea,Leeds,3,1,H
06/12/2020,12:00,West Brom,Crystal Palace,1,5,A
06/12/2020,14:15,Sheffield United,Leicester,1,2,A
06/12/2020,16:30,Tottenham,Arsenal,2,0,H
06/12/2020,19:15,Liverpool,Wolves,4,0,H
07/12/2020,20:00,Brighton,Southampton,1,2,A
11/12/2020,20:00,Leeds,West Ham,1,2,A
12/12/2020,12:30,Wolves,Aston Villa,0,1,A
12/12/2020,15:00,Newcastle,West Brom,2,1,H
12/12/2020,17:30,Man United,Man City,0,0,D
12/12/2020,20:00,Everton,Chelsea,1,0,H
13/12/2020,12:00,Southampton,Sheffield United,3,0,H
13/12/2020,14:15,Crystal Palace,Tottenham,1,1,D
13/12/2020,16:30,Fulham,Liverpool,1,1,D
13/12/2020,19:15,Leicester,Brighton,3,0,H
13/12/2020,,Arsenal,Burnley,0,1,A
15/12/2020,18:00,Wolves,Chelsea,2,1,H
15/12/2020,20:00,Man City,West Brom,1,1,D
16/12/2020,18:00,Arsenal,Southampton,1,1,D
16/12/2020,,Leicester,Everton,0,2,A
16/12/2020,,Leeds,Newcastle,5,2,H
16/12/2020,20:00,Fulham,Brighton,0,0,D
16/12/2020,,West Ham,Crystal Palace,1,1,D
16/12/2020,,Liverpool,Tottenham,2,1,H
17/12/2020,18:00,Aston Villa,Burnley,0,0,D
17/12/2020,20:00,Sheffield United,Man United,2,3,A
19/12/2020,12:30,Crystal Palace,Liverpool,0,7,A
19/12/2020,15:00,Southampton,Man City,0,1,A
19/12/2020,17:30,Everton,Arsenal,2,1,H
19/12/2020,20:00,Newcastle,Fulham,1,1,D
20/12/2020,12:00,Brighton,Sheffield United,1,1,D
20/12/2020,14:15,Tottenham,Leicester,0,2,A
20/12/2020,16:30,Man United,Leeds,6,2,H
20/12/2020,19:15,West Brom,Aston Villa,0,3,A
21/12/2020,17:30,Burnley,Wolves,2,1,H
21/12/2020,20:00,Chelsea,West Ham,3,0,H
26/12/2020,12:30,Leicester,Man United,2,2,D
26/12/2020,15:00,Fulham,Southampton,0,0,D
26/12/2020,,Aston Villa,Crystal Palace,3,0,H
26/12/2020,17:30,Arsenal,Chelsea,3,1,H
26/12/2020,20:00,Man City,Newcastle,2,0,H
26/12/2020,,Sheffield United,Everton,0,1,A
27/12/2020,12:00,Leeds,Burnley,1,0,H
27/12/2020,14:15,West Ham,Brighton,2,2,D
27/12/2020,16:30,Liverpool,West Brom,1,1,D
27/12/2020,19:15,Wolves,Tottenham,1,1,D
28/12/2020,15:00,Crystal Palace,Leicester,1,1,D
28/12/2020,17:30,Chelsea,Aston Villa,1,1,D
29/12/2020,18:00,West Brom,Leeds,0,5,A
29/12/2020,,Burnley,Sheffield United,1,0,H
29/12/2020,,Southampton,West Ham,0,0,D
29/12/2020,,Brighton,Arsenal,0,1,A
29/12/2020,20:00,Man United,Wolves,1,0,H
30/12/2020,20:00,Newcastle,Liverpool,0,0,D
01/01/2021,17:30,Everton,West Ham,0,1,A
01/01/2021,20:00,Man United,Aston Villa,2,1,H
02/01/2021,12:30,Tottenham,Leeds,3,0,H
02/01/2021,15:00,Crystal Palace,Sheffield United,2,0,H
02/01/2021,17:30,Brighton,Wolves,3,3,D
02/01/2021,20:00,West Brom,Arsenal,0,4,A
03/01/2021,14:15,Newcastle,Leicester,1,2,A
03/01/2021,16:30,Chelsea,Man City,1,3,A
04/01/2021,20:00,Southampton,Liverpool,1,0,H
12/01/2021,18:00,Sheffield United,Newcastle,1,0,H
12/01/2021,20:15,Wolves,Everton,1,2,A
12/01/2021,20:15,Burnley,Man United,0,1,A
13/01/2021,18:00,Man City,Brighton,1,0,H
13/01/2021,20:15,Tottenham,Fulham,1,1,D
14/01/2021,20:00,Arsenal,Crystal Palace,0,0,D
16/01/2021,12:30,Wolves,West Brom,2,3,A
16/01/2021,15:00,West Ham,Burnley,1,0,H
16/01/2021,,Leeds,Brighton,0,1,A
16/01/2021,17:30,Fulham,Chelsea,0,1,A
16/01/2021,20:00,Leicester,Southampton,2,0,H
17/01/2021,14:00,Sheffield United,Tottenham,1,3,A
17/01/2021,16:30,Liverpool,Man United,0,0,D
17/01/2021,19:15,Man City,Crystal Palace,4,0,H
18/01/2021,20:00,Arsenal,Newcastle,3,0,H
19/01/2021,18:00,West Ham,West Brom,2,1,H
19/01/2021,20:15,Leicester,Chelsea,2,0,H
20/01/2021,18:00,Man City,Aston Villa,2,0,H
20/01/2021,20:15,Fulham,Man United,1,2,A
21/01/2021,20:00,Liverpool,Burnley,0,1,A
23/01/2021,20:00,Aston Villa,Newcastle,2,0,H
26/01/2021,18:00,Newcastle,Leeds,1,2,A
26/01/2021,,Crystal Palace,West Ham,2,3,A
26/01/2021,20:15,West Brom,Man City,0,5,A
26/01/2021,,Southampton,Arsenal,1,3,A
27/01/2021,18:00,Burnley,Aston Villa,3,2,H
27/01/2021,,Chelsea,Wolves,0,0,D
27/01/2021,19:30,Brighton,Fulham,0,0,D
27/01/2021,20:15,Everton,Leicester,1,1,D
27/01/2021,,Man United,Sheffield United,1,2,A
28/01/2021,20:00,Tottenham,Liverpool,1,3,A
30/01/2021,12:30,Everton,Newcastle,0,2,A
30/01/2021,15:00,Man City,Sheffield United,1,0,H
30/01/2021,,West Brom,Fulham,2,2,D
30/01/2021,,Crystal Palace,Wolves,1,0,H
30/01/2021,17:30,Arsenal,Man United,0,0,D
30/01/2021,20:00,Southampton,Aston Villa,0,1,A
31/01/2021,12:00,Chelsea,Burnley,2,0,H
31/01/2021,14:00,Leicester,Leeds,1,3,A
31/01/2021,16:30,West Ham,Liverpool,1,3,A
31/01/2021,19:15,Brighton,Tottenham,1,0,H
02/02/2021,18:00,Wolves,Arsenal,2,1,H
02/02/2021,,Sheffield United,West Brom,2,1,H
02/02/2021,20:15,Man United,Southampton,9,0,H
02/02/2021,,Newcastle,Crystal Palace,1,2,A
03/02/2021,18:00,Fulham,Leicester,0,2,A
03/02/2021,,Burnley,Man City,0,2,A
03/02/2021,19:30,Leeds,Everton,1,2,A
03/02/2021,20:15,Aston Villa,West Ham,1,3,A
03/02/2021,,Liverpool,Brighton,0,1,A
04/02/2021,20:00,Tottenham,Chelsea,0,1,A
06/02/2021,12:30,Aston Villa,Arsenal,1,0,H
06/02/2021,15:00,Newcastle,Southampton,3,2,H
06/02/2021,,Burnley,Brighton,1,1,D
06/02/2021,17:30,Fulham,West Ham,0,0,D
06/02/2021,20:00,Man United,Everton,3,3,D
07/02/2021,12:00,Tottenham,West Brom,2,0,H
07/02/2021,14:00,Wolves,Leicester,0,0,D
07/02/2021,16:30,Liverpool,Man City,1,4,A
07/02/2021,19:15,Sheffield United,Chelsea,1,2,A
08/02/2021,20:00,Leeds,Crystal Palace,2,0,H
13/02/2021,12:30,Leicester,Liverpool,3,1,H
13/02/2021,15:00,Crystal Palace,Burnley,0,3,A
13/02/2021,17:30,Man City,Tottenham,3,0,H
13/02/2021,20:00,Brighton,Aston Villa,0,0,D
14/02/2021,12:00,Southampton,Wolves,1,2,A
14/02/2021,14:00,West Brom,Man United,1,1,D
14/02/2021,16:30,Arsenal,Leeds,4,2,H
14/02/2021,19:00,Everton,Fulham,0,2,A
15/02/2021,18:00,West Ham,Sheffield United,3,0,H
15/02/2021,20:00,Chelsea,Newcastle,2,0,H
17/02/2021,18:00,Burnley,Fulham,1,1,D
17/02/2021,20:15,Everton,Man City,1,3,A
19/02/2021,20:00,Wolves,Leeds,1,0,H
20/02/2021,12:30,Southampton,Chelsea,1,1,D
20/02/2021,15:00,Burnley,West Brom,0,0,D
20/02/2021,17:30,Liverpool,Everton,0,2,A
20/02/2021,20:00,Fulham,Sheffield United,1,0,H
21/02/2021,12:00,West Ham,Tottenham,2,1,H
21/02/2021,14:05,Aston Villa,Leicester,1,2,A
21/02/2021,16:30,Arsenal,Man City,0,1,A
21/02/2021,19:00,Man United,Newcastle,3,1,H
22/02/2021,20:00,Brighton,Crystal Palace,1,2,A
23/02/2021,18:00,Leeds,Southampton,3,0,H
27/02/2021,12:30,Man City,West Ham,2,1,H
27/02/2021,15:00,West Brom,Brighton,1,0,H
27/02/2021,17:30,Leeds,Aston Villa,0,1,A
27/02/2021,20:00,Newcastle,Wolves,1,1,D
28/02/2021,12:00,Leicester,Arsenal,1,3,A
28/02/2021,,Crystal Palace,Fulham,0,0,D
28/02/2021,14:00,Tottenham,Burnley,4,0,H
28/02/2021,16:30,Chelsea,Man United,0,0,D
28/02/2021,19:15,Sheffield United,Liverpool,0,2,A
01/03/2021,20:00,Everton,Southampton,1,0,H
02/03/2021,20:00,Man City,Wolves,4,1,H
03/03/2021,18:00,Sheffield United,Aston Villa,1,0,H
03/03/2021,,Burnley,Leicester,1,1,D
03/03/2021,20:15,Crystal Palace,Man United,0,0,D
04/03/2021,18:00,West Brom,Everton,0,1,A
04/03/2021,18:00,Fulham,Tottenham,0,1,A
04/03/2021,20:15,Liverpool,Chelsea,0,1,A
06/03/2021,12:30,Burnley,Arsenal,1,1,D
06/03/2021,15:00,Sheffield United,Southampton,0,2,A
06/03/2021,17:30,Aston Villa,Wolves,0,0,D
06/03/2021,20:00,Brighton,Leicester,1,2,A
07/03/2021,12:00,West Brom,Newcastle,0,0,D
07/03/2021,14:00,Liverpool,Fulham,0,1,A
07/03/2021,16:30,Man City,Man United,0,2,A
07/03/2021,19:15,Tottenham,Crystal Palace,4,1,H
08/03/2021,18:00,Chelsea,Everton,2,0,H
08/03/2021,20:00,West Ham,Leeds,2,0,H
10/03/2021,18:00,Man City,Southampton,5,2,H
12/03/2021,20:00,Newcastle,Aston Villa,1,1,D
13/03/2021,12:30,Leeds,Chelsea,0,0,D
13/03/2021,15:00,Crystal Palace,West Brom,1,0,H
13/03/2021,17:30,Everton,Burnley,1,2,A
13/03/2021,20:00,Fulham,Man City,0,3,A
14/03/2021,12:00,Southampton,Brighton,1,2,A
14/03/2021,14:00,Leicester,Sheffield United,5,0,H
14/03/2021,16:30,Arsenal,Tottenham,2,1,H
14/03/2021,19:15,Man United,West Ham,1,0,H
15/03/2021,20:00,Wolves,Liverpool,0,1,A
19/03/2021,20:00,Fulham,Leeds,1,2,A
20/03/2021,20:00,Brighton,Newcastle,3,0,H
21/03/2021,15:00,West Ham,Arsenal,3,3,D
21/03/2021,19:30,Aston Villa,Tottenham,0,2,A
03/04/2021,12:30,Chelsea,West Brom,2,5,A
03/04/2021,15:00,Leeds,Sheffield United,2,1,H
03/04/2021,17:30,Leicester,Man City,0,2,A
03/04/2021,20:00,Arsenal,Liverpool,0,3,A
04/04/2021,12:00,Southampton,Burnley,3,2,H
04/04/2021,14:05,Newcastle,Tottenham,2,2,D
04/04/2021,16:30,Aston Villa,Fulham,3,1,H
04/04/2021,19:30,Man United,Brighton,2,1,H
05/04/2021,18:00,Everton,Crystal Palace,1,1,D
05/04/2021,20:15,Wolves,West Ham,2,3,A
09/04/2021,20:00,Fulham,Wolves,0,1,A
10/04/2021,12:30,Man City,Leeds,1,2,A
10/04/2021,15:00,Liverpool,Aston Villa,2,1,H
10/04/2021,17:30,Crystal Palace,Chelsea,1,4,A
11/04/2021,12:00,Burnley,Newcastle,1,2,A
11/04/2021,14:05,West Ham,Leicester,3,2,H
11/04/2021,16:30,Tottenham,Man United,1,3,A
11/04/2021,19:00,Sheffield United,Arsenal,0,3,A
12/04/2021,18:00,West Brom,Southampton,3,0,H
12/04/2021,20:15,Brighton,Everton,0,0,D
16/04/2021,20:00,Everton,Tottenham,2,2,D
17/04/2021,12:30,Newcastle,West Ham,3,2,H
17/04/2021,20:15,Wolves,Sheffield United,1,0,H
18/04/2021,13:30,Arsenal,Fulham,1,1,D
18/04/2021,16:00,Man United,Burnley,3,1,H
19/04/2021,20:00,Leeds,Liverpool,1,1,D
20/04/2021,20:15,Chelsea,Brighton,0,0,D
21/04/2021,18:00,Tottenham,Southampton,2,1,H
21/04/2021,20:15,Aston Villa,Man City,1,2,A
22/04/2021,20:00,Leicester,West Brom,3,0,H
23/04/2021,20:00,Arsenal,Everton,0,1,A
24/04/2021,12:30,Liverpool,Newcastle,1,1,D
24/04/2021,17:30,West Ham,Chelsea,0,1,A
24/04/2021,20:00,Sheffield United,Brighton,1,0,H
25/04/2021,12:00,Wolves,Burnley,0,4,A
25/04/2021,14:00,Leeds,Man United,0,0,D
25/04/2021,19:00,Aston Villa,West Brom,2,2,D
26/04/2021,20:00,Leicester,Crystal Palace,2,1,H
30/04/2021,20:00,Southampton,Leicester,1,1,D
01/05/2021,12:30,Crystal Palace,Man City,0,2,A
01/05/2021,15:00,Brighton,Leeds,2,0,H
01/05/2021,17:30,Chelsea,Fulham,2,0,H
01/05/2021,20:00,Everton,Aston Villa,1,2,A
02/05/2021,14:00,Newcastle,Arsenal,0,2,A
02/05/2021,19:15,Tottenham,Sheffield United,4,0,H
03/05/2021,18:00,West Brom,Wolves,1,1,D
03/05/2021,20:15,Burnley,West Ham,1,2,A
07/05/2021,20:00,Leicester,Newcastle,2,4,A
08/05/2021,12:30,Leeds,Tottenham,3,1,H
08/05/2021,15:00,Sheffield United,Crystal Palace,0,2,A
08/05/2021,17:30,Man City,Chelsea,1,2,A
08/05/2021,20:15,Liverpool,Southampton,2,0,H
09/05/2021,12:00,Wolves,Brighton,2,1,H
09/05/2021,14:05,Aston Villa,Man United,1,3,A
09/05/2021,16:30,West Ham,Everton,0,1,A
09/05/2021,19:00,Arsenal,West Brom,3,1,H
10/05/2021,20:00,Fulham,Burnley,0,2,A
11/05/2021,18:00,Man United,Leicester,1,2,A
11/05/2021,20:15,Southampton,Crystal Palace,3,1,H
12/05/2021,20:15,Chelsea,Arsenal,0,1,A
13/05/2021,18:00,Aston Villa,Everton,0,0,D
13/05/2021,20:15,Man United,Liverpool,2,4,A
14/05/2021,20:00,Newcastle,Man City,3,4,A
15/05/2021,12:30,Burnley,Leeds,0,4,A
15/05/2021,15:00,Southampton,Fulham,3,1,H
15/05/2021,20:00,Brighton,West Ham,1,1,D
16/05/2021,12:00,Crystal Palace,Aston Villa,3,2,H
16/05/2021,14:05,Tottenham,Wolves,2,0,H
16/05/2021,16:30,West Brom,Liverpool,1,2,A
16/05/2021,19:00,Everton,Sheffield United,0,1,A
18/05/2021,18:00,Man United,Fulham,1,1,D
18/05/2021,,Southampton,Leeds,0,2,A
18/05/2021,19:00,Brighton,Man City,3,2,H
18/05/2021,20:15,Chelsea,Leicester,2,1,H
19/05/2021,18:00,Newcastle,Sheffield United,1,0,H
19/05/2021,,Tottenham,Aston Villa,1,2,A
19/05/2021,,Everton,Wolves,1,0,H
19/05/2021,19:00,Crystal Palace,Arsenal,1,3,A
19/05/2021,20:15,West Brom,West Ham,1,3,A
19/05/2021,,Burnley,Liverpool,0,3,A
23/05/2021,16:00,Fulham,Newcastle,0,2,A
23/05/2021,,Aston Villa,Chelsea,2,1,H
23/05/2021,,Liverpool,Crystal Palace,2,0,H
23/05/2021,,Man City,Everton,5,0,H
23/05/2021,,Arsenal,Brighton,2,0,H
23/05/2021,,Sheffield United,Burnley,1,0,H
23/05/2021,,Leicester,Tottenham,2,4,A
23/05/2021,,West Ham,Southampton,3,0,H
23/05/2021,,Leeds,West Brom,3,1,H
23/05/2021,,Wolves,Man United,1,2,A
13/08/2021,20:00,Brentford,Arsenal,2,0,H
14/08/2021,12:30,Man United,Leeds,5,1,H
14/08/2021,15:00,Watford,Aston Villa,3,2,H
14/08/2021,,Leicester,Wolves,1,0,H
14/08/2021,,Everton,Southampton,3,1,H
14/08/2021,,Chelsea,Crystal Palace,3,0,H
14/08/2021,,Burnley,Brighton,1,2,A
14/08/2021,17:30,Norwich,Liverpool,0,3,A
15/08/2021,14:00,Newcastle,West Ham,2,4,A
15/08/2021,16:30,Tottenham,Man City,1,0,H
21/08/2021,12:30,Liverpool,Burnley,2,0,H
21/08/2021,15:00,Man City,Norwich,5,0,H
21/08/2021,,Leeds,Everton,2,2,D
21/08/2021,,Crystal Palace,Brentford,0,0,D
21/08/2021,,Aston Villa,Newcastle,2,0,H
21/08/2021,17:30,Brighton,Watford,2,0,H
22/08/2021,14:00,Wolves,Tottenham,0,1,A
22/08/2021,,Southampton,Man United,1,1,D
22/08/2021,16:30,Arsenal,Chelsea,0,2,A
23/08/2021,20:00,West Ham,Leicester,4,1,H
28/08/2021,12:30,Man City,Arsenal,5,0,H
28/08/2021,15:00,West Ham,Crystal Palace,2,2,D
28/08/2021,,Norwich,Leicester,1,2,A
28/08/2021,,Newcastle,Southampton,2,2,D
28/08/2021,,Brighton,Everton,0,2,A
28/08/2021,,Aston Villa,Brentford,1,1,D
28/08/2021,17:30,Liverpool,Chelsea,1,1,D
29/08/2021,14:00,Tottenham,Watford,1,0,H
29/08/2021,,Burnley,Leeds,1,1,D
29/08/2021,16:30,Wolves,Man United,0,1,A
11/09/2021,12:30,Crystal Palace,Tottenham,3,0,H
11/09/2021,15:00,Watford,Wolves,0,2,A
11/09/2021,,Southampton,West Ham,0,0,D
11/09/2021,,Man United,Newcastle,4,1,H
11/09/2021,,Leicester,Man City,0,1,A
11/09/2021,,Brentford,Brighton,0,1,A
11/09/2021,,Arsenal,Norwich,1,0,H
11/09/2021,17:30,Chelsea,Aston Villa,3,0,H
12/09/2021,16:30,Leeds,Liverpool,0,3,A
13/09/2021,20:00,Everton,Burnley,3,1,H
17/09/2021,20:00,Newcastle,Leeds,1,1,D
18/09/2021,12:30,Wolves,Brentford,0,2,A
18/09/2021,15:00,Norwich,Watford,1,3,A
18/09/2021,,Man City,Southampton,0,0,D
18/09/2021,,Liverpool,Crystal Palace,3,0,H
18/09/2021,,Burnley,Arsenal,0,1,A
18/09/2021,17:30,Aston Villa,Everton,3,0,H
19/09/2021,14:00,West Ham,Man United,1,2,A
19/09/2021,,Brighton,Leicester,2,1,H
19/09/2021,16:30,Tottenham,Chelsea,0,3,A
25/09/2021,12:30,Man United,Aston Villa,0,1,A
25/09/2021,,Chelsea,Man City,0,1,A
25/09/2021,15:00,Watford,Newcastle,1,1,D
25/09/2021,,Leicester,Burnley,2,2,D
25/09/2021,,Leeds,West Ham,1,2,A
25/09/2021,,Everton,Norwich,2,0,H
25/09/2021,17:30,Brentford,Liverpool,3,3,D
26/09/2021,14:00,Southampton,Wolves,0,1,A
26/09/2021,16:30,Arsenal,Tottenham,3,1,H
27/09/2021,20:00,Crystal Palace,Brighton,1,1,D
02/10/2021,12:30,Man United,Everton,1,1,D
02/10/2021,15:00,Wolves,Newcastle,2,1,H
02/10/2021,,Leeds,Watford,1,0,H
02/10/2021,,Chelsea,Southampton,3,1,H
02/10/2021,,Burnley,Norwich,0,0,D
02/10/2021,17:30,Brighton,Arsenal,0,0,D
03/10/2021,14:00,West Ham,Brentford,1,2,A
03/10/2021,,Tottenham,Aston Villa,2,1,H
03/10/2021,,Crystal Palace,Leicester,2,2,D
03/10/2021,16:30,Liverpool,Man City,2,2,D
16/10/2021,12:30,Watford,Liverpool,0,5,A
16/10/2021,15:00,Southampton,Leeds,1,0,H
16/10/2021,,Norwich,Brighton,0,0,D
16/10/2021,,Man City,Burnley,2,0,H
16/10/2021,,Leicester,Man United,4,2,H
16/10/2021,,Aston Villa,Wolves,2,3,A
16/10/2021,17:30,Brentford,Chelsea,0,1,A
17/10/2021,14:00,Everton,West Ham,0,1,A
17/10/2021,16:30,Newcastle,Tottenham,2,3,A
18/10/2021,20:00,Arsenal,Crystal Palace,2,2,D
22/10/2021,20:00,Arsenal,Aston Villa,3,1,H
23/10/2021,12:30,Chelsea,Norwich,7,0,H
23/10/2021,15:00,Southampton,Burnley,2,2,D
23/10/2021,,Leeds,Wolves,1,1,D
23/10/2021,,Everton,Watford,2,5,A
23/10/2021,,Crystal Palace,Newcastle,1,1,D
23/10/2021,17:30,Brighton,Man City,1,4,A
24/10/2021,14:00,West Ham,Tottenham,1,0,H
24/10/2021,,Brentford,Leicester,1,2,A
24/10/2021,16:30,Man United,Liverpool,0,5,A
30/10/2021,12:30,Leicester,Arsenal,0,2,A
30/10/2021,15:00,Watford,Southampton,0,1,A
30/10/2021,,Newcastle,Chelsea,0,3,A
30/10/2021,,Man City,Crystal Palace,0,2,A
30/10/2021,,Liverpool,Brighton,2,2,D
30/10/2021,,Burnley,Brentford,3,1,H
30/10/2021,17:30,Tottenham,Man United,0,3,A
31/10/2021,14:00,Norwich,Leeds,1,2,A
31/10/2021,16:30,Aston Villa,West Ham,1,4,A
01/11/2021,20:00,Wolves,Everton,2,1,H
05/11/2021,20:00,Southampton,Aston Villa,1,0,H
06/11/2021,12:30,Man United,Man City,0,2,A
06/11/2021,15:00,Crystal Palace,Wolves,2,0,H
06/11/2021,,Chelsea,Burnley,1,1,D
06/11/2021,,Brentford,Norwich,1,2,A
06/11/2021,17:30,Brighton,Newcastle,1,1,D
07/11/2021,14:00,Leeds,Leicester,1,1,D
07/11/2021,,Everton,Tottenham,0,0,D
07/11/2021,,Arsenal,Watford,1,0,H
07/11/2021,16:30,West Ham,Liverpool,3,2,H
20/11/2021,12:30,Leicester,Chelsea,0,3,A
20/11/2021,15:00,Wolves,West Ham,1,0,H
20/11/2021,,Watford,Man United,4,1,H
20/11/2021,,Norwich,Southampton,2,1,H
20/11/2021,,Newcastle,Brentford,3,3,D
20/11/2021,,Burnley,Crystal Palace,3,3,D
20/11/2021,,Aston Villa,Brighton,2,0,H
20/11/2021,17:30,Liverpool,Arsenal,4,0,H
21/11/2021,14:00,Man City,Everton,3,0,H
21/11/2021,16:30,Tottenham,Leeds,2,1,H
27/11/2021,12:30,Arsenal,Newcastle,2,0,H
27/11/2021,15:00,Norwich,Wolves,0,0,D
27/11/2021,,Liverpool,Southampton,4,0,H
27/11/2021,,Crystal Palace,Aston Villa,1,2,A
27/11/2021,17:30,Brighton,Leeds,0,0,D
28/11/2021,14:00,Man City,West Ham,2,1,H
28/11/2021,,Leicester,Watford,4,2,H
28/11/2021,,Brentford,Everton,1,0,H
28/11/2021,16:30,Chelsea,Man United,1,1,D
30/11/2021,19:30,Newcastle,Norwich,1,1,D
30/11/2021,20:15,Leeds,Crystal Palace,1,0,H
01/12/2021,19:30,Southampton,Leicester,2,2,D
01/12/2021,,Wolves,Burnley,0,0,D
01/12/2021,,West Ham,Brighton,1,1,D
01/12/2021,,Watford,Chelsea,1,2,A
01/12/2021,20:15,Everton,Liverpool,1,4,A
01/12/2021,,Aston Villa,Man City,1,2,A
02/12/2021,19:30,Tottenham,Brentford,2,0,H
02/12/2021,20:15,Man United,Arsenal,3,2,H
04/12/2021,12:30,West Ham,Chelsea,3,2,H
04/12/2021,15:00,Wolves,Liverpool,0,1,A
04/12/2021,,Southampton,Brighton,1,1,D
04/12/2021,,Newcastle,Burnley,1,0,H
04/12/2021,17:30,Watford,Man City,1,3,A
05/12/2021,14:00,Tottenham,Norwich,3,0,H
05/12/2021,,Man United,Crystal Palace,1,0,H
05/12/2021,,Leeds,Brentford,2,2,D
05/12/2021,16:30,Aston Villa,Leicester,2,1,H
06/12/2021,20:00,Everton,Arsenal,2,1,H
10/12/2021,20:00,Brentford,Watford,2,1,H
11/12/2021,12:30,Man City,Wolves,1,0,H
11/12/2021,15:00,Liverpool,Aston Villa,1,0,H
11/12/2021,,Chelsea,Leeds,3,2,H
11/12/2021,,Arsenal,Southampton,3,0,H
11/12/2021,17:30,Norwich,Man United,0,1,A
12/12/2021,14:00,Leicester,Newcastle,4,0,H
12/12/2021,,Burnley,West Ham,0,0,D
12/12/2021,16:30,Crystal Palace,Everton,3,1,H
14/12/2021,19:45,Norwich,Aston Villa,0,2,A
14/12/2021,20:00,Man City,Leeds,7,0,H
15/12/2021,19:30,Crystal Palace,Southampton,2,2,D
15/12/2021,,Brighton,Wolves,0,1,A
15/12/2021,20:00,Arsenal,West Ham,2,0,H
16/12/2021,19:45,Chelsea,Everton,1,1,D
16/12/2021,20:00,Liverpool,Newcastle,3,1,H
18/12/2021,17:30,Leeds,Arsenal,1,4,A
19/12/2021,14:00,Wolves,Chelsea,0,0,D
19/12/2021,,Newcastle,Man City,0,4,A
19/12/2021,16:30,Tottenham,Liverpool,2,2,D
26/12/2021,15:00,West Ham,Southampton,2,3,A
26/12/2021,,Tottenham,Crystal Palace,3,0,H
26/12/2021,,Norwich,Arsenal,0,5,A
26/12/2021,,Man City,Leicester,6,3,H
26/12/2021,17:30,Aston Villa,Chelsea,1,3,A
26/12/2021,20:00,Brighton,Brentford,2,0,H
27/12/2021,20:00,Newcastle,Man United,1,1,D
28/12/2021,15:00,Crystal Palace,Norwich,3,0,H
28/12/2021,,Watford,West Ham,1,4,A
28/12/2021,,Southampton,Tottenham,1,1,D
28/12/2021,20:00,Leicester,Liverpool,1,0,H
29/12/2021,19:30,Chelsea,Brighton,1,1,D
29/12/2021,20:15,Brentford,Man City,0,1,A
30/12/2021,20:15,Man United,Burnley,3,1,H
01/01/2022,12:30,Arsenal,Man City,1,2,A
01/01/2022,15:00,Watford,Tottenham,0,1,A
01/01/2022,17:30,Crystal Palace,West Ham,2,3,A
02/01/2022,14:00,Leeds,Burnley,3,1,H
02/01/2022,,Everton,Brighton,2,3,A
02/01/2022,,Brentford,Aston Villa,2,1,H
02/01/2022,16:30,Chelsea,Liverpool,2,2,D
03/01/2022,17:30,Man United,Wolves,0,1,A
11/01/2022,19:45,Southampton,Brentford,4,1,H
12/01/2022,19:45,West Ham,Norwich,2,0,H
14/01/2022,20:00,Brighton,Crystal Palace,1,1,D
15/01/2022,12:30,Man City,Chelsea,1,0,H
15/01/2022,15:00,Wolves,Southampton,3,1,H
15/01/2022,,Norwich,Everton,2,1,H
15/01/2022,,Newcastle,Watford,1,1,D
15/01/2022,17:30,Aston Villa,Man United,2,2,D
16/01/2022,14:00,West Ham,Leeds,2,3,A
16/01/2022,,Liverpool,Brentford,3,0,H
18/01/2022,20:00,Brighton,Chelsea,1,1,D
19/01/2022,19:30,Leicester,Tottenham,2,3,A
19/01/2022,20:00,Brentford,Man United,1,3,A
21/01/2022,20:00,Watford,Norwich,0,3,A
22/01/2022,12:30,Everton,Aston Villa,0,1,A
22/01/2022,15:00,Man United,West Ham,1,0,H
22/01/2022,,Leeds,Newcastle,0,1,A
22/01/2022,,Brentford,Wolves,1,2,A
22/01/2022,17:30,Southampton,Man City,1,1,D
23/01/2022,14:00,Leicester,Brighton,1,1,D
23/01/2022,,Crystal Palace,Liverpool,1,3,A
23/01/2022,,Arsenal,Burnley,0,0,D
23/01/2022,16:30,Chelsea,Tottenham,2,0,H
05/02/2022,18:00,Burnley,Watford,0,0,D
08/02/2022,19:45,Newcastle,Everton,3,1,H
08/02/2022,,West Ham,Watford,1,0,H
08/02/2022,20:00,Burnley,Man United,1,1,D
09/02/2022,19:45,Man City,Brentford,2,0,H
09/02/2022,,Tottenham,Southampton,2,3,A
09/02/2022,,Norwich,Crystal Palace,1,1,D
09/02/2022,20:00,Aston Villa,Leeds,3,3,D
10/02/2022,19:45,Liverpool,Leicester,2,0,H
10/02/2022,,Wolves,Arsenal,0,1,A
12/02/2022,12:30,Man United,Southampton,1,1,D
12/02/2022,15:00,Watford,Brighton,0,2,A
12/02/2022,,Everton,Leeds,3,0,H
12/02/2022,,Brentford,Crystal Palace,0,0,D
12/02/2022,17:30,Norwich,Man City,0,4,A
13/02/2022,14:00,Tottenham,Wolves,0,2,A
13/02/2022,,Newcastle,Aston Villa,1,0,H
13/02/2022,,Burnley,Liverpool,0,1,A
13/02/2022,16:30,Leicester,West Ham,2,2,D
15/02/2022,20:15,Man United,Brighton,2,0,H
19/02/2022,12:30,West Ham,Newcastle,1,1,D
19/02/2022,15:00,Southampton,Everton,2,0,H
19/02/2022,,Liverpool,Norwich,3,1,H
19/02/2022,,Crystal Palace,Chelsea,0,1,A
19/02/2022,,Brighton,Burnley,0,3,A
19/02/2022,,Aston Villa,Watford,0,1,A
19/02/2022,,Arsenal,Brentford,2,1,H
19/02/2022,17:30,Man City,Tottenham,2,3,A
20/02/2022,14:00,Leeds,Man United,2,4,A
20/02/2022,16:30,Wolves,Leicester,2,1,H
23/02/2022,19:30,Watford,Crystal Palace,1,4,A
23/02/2022,19:30,Burnley,Tottenham,1,0,H
23/02/2022,19:45,Liverpool,Leeds,6,0,H
24/02/2022,19:45,Arsenal,Wolves,2,1,H
25/02/2022,20:00,Southampton,Norwich,2,0,H
26/02/2022,12:30,Leeds,Tottenham,0,4,A
26/02/2022,15:00,Man United,Watford,0,0,D
26/02/2022,,Crystal Palace,Burnley,1,1,D
26/02/2022,,Brentford,Newcastle,0,2,A
26/02/2022,15:30,Brighton,Aston Villa,0,2,A
26/02/2022,17:30,Everton,Man City,0,1,A
27/02/2022,14:00,West Ham,Wolves,1,0,H
01/03/2022,19:45,Burnley,Leicester,0,2,A
05/03/2022,12:30,Leicester,Leeds,1,0,H
05/03/2022,15:00,Wolves,Crystal Palace,0,2,A
05/03/2022,,Norwich,Brentford,1,3,A
05/03/2022,,Newcastle,Brighton,2,1,H
05/03/2022,,Burnley,Chelsea,0,4,A
05/03/2022,,Aston Villa,Southampton,4,0,H
05/03/2022,17:30,Liverpool,West Ham,1,0,H
06/03/2022,14:00,Watford,Arsenal,2,3,A
06/03/2022,16:30,Man City,Man United,4,1,H
07/03/2022,20:00,Tottenham,Everton,5,0,H
10/03/2022,19:30,Wolves,Watford,4,0,H
10/03/2022,19:30,Norwich,Chelsea,1,3,A
10/03/2022,19:30,Southampton,Newcastle,1,2,A
10/03/2022,19:45,Leeds,Aston Villa,0,3,A
12/03/2022,12:30,Brighton,Liverpool,0,2,A
12/03/2022,15:00,Brentford,Burnley,2,0,H
12/03/2022,17:30,Man United,Tottenham,3,2,H
13/03/2022,14:00,West Ham,Aston Villa,2,1,H
13/03/2022,,Southampton,Watford,1,2,A
13/03/2022,,Leeds,Norwich,2,1,H
13/03/2022,,Everton,Wolves,0,1,A
13/03/2022,,Chelsea,Newcastle,1,0,H
13/03/2022,16:30,Arsenal,Leicester,2,0,H
14/03/2022,20:00,Crystal Palace,Man City,0,0,D
16/03/2022,19:30,Brighton,Tottenham,0,2,A
16/03/2022,20:15,Arsenal,Liverpool,0,2,A
17/03/2022,19:45,Everton,Newcastle,1,0,H
18/03/2022,20:00,Wolves,Leeds,2,3,A
19/03/2022,12:30,Aston Villa,Arsenal,0,1,A
20/03/2022,14:00,Leicester,Brentford,2,1,H
20/03/2022,16:30,Tottenham,West Ham,3,1,H
02/04/2022,12:30,Liverpool,Watford,2,0,H
02/04/2022,15:00,Brighton,Norwich,0,0,D
02/04/2022,,Burnley,Man City,0,2,A
02/04/2022,,Chelsea,Brentford,1,4,A
02/04/2022,,Leeds,Southampton,1,1,D
02/04/2022,,Wolves,Aston Villa,2,1,H
02/04/2022,17:30,Man United,Leicester,1,1,D
03/04/2022,14:00,West Ham,Everton,2,1,H
03/04/2022,16:30,Tottenham,Newcastle,5,1,H
04/04/2022,20:00,Crystal Palace,Arsenal,3,0,H
06/04/2022,19:30,Burnley,Everton,3,2,H
08/04/2022,20:00,Newcastle,Wolves,1,0,H
09/04/2022,12:30,Everton,Man United,1,0,H
09/04/2022,15:00,Arsenal,Brighton,1,2,A
09/04/2022,,Southampton,Chelsea,0,6,A
09/04/2022,,Watford,Leeds,0,3,A
09/04/2022,17:30,Aston Villa,Tottenham,0,4,A
10/04/2022,14:00,Brentford,West Ham,2,0,H
10/04/2022,,Leicester,Crystal Palace,2,1,H
10/04/2022,,Norwich,Burnley,2,0,H
10/04/2022,16:30,Man City,Liverpool,2,2,D
16/04/2022,12:30,Tottenham,Brighton,0,1,A
16/04/2022,15:00,Man United,Norwich,3,2,H
16/04/2022,,Southampton,Arsenal,1,0,H
16/04/2022,,Watford,Brentford,1,2,A
17/04/2022,14:15,Newcastle,Leicester,2,1,H
17/04/2022,,West Ham,Burnley,1,1,D
19/04/2022,20:00,Liverpool,Man United,4,0,H
20/04/2022,19:45,Everton,Leicester,1,1,D
20/04/2022,19:45,Newcastle,Crystal Palace,1,0,H
20/04/2022,19:45,Chelsea,Arsenal,2,4,A
20/04/2022,20:00,Man City,Brighton,3,0,H
21/04/2022,19:45,Burnley,Southampton,2,0,H
23/04/2022,12:30,Arsenal,Man United,3,1,H
23/04/2022,15:00,Leicester,Aston Villa,0,0,D
23/04/2022,,Man City,Watford,5,1,H
23/04/2022,,Norwich,Newcastle,0,3,A
23/04/2022,17:30,Brentford,Tottenham,0,0,D
24/04/2022,14:00,Brighton,Southampton,2,2,D
24/04/2022,,Burnley,Wolves,1,0,H
24/04/2022,,Chelsea,West Ham,1,0,H
24/04/2022,16:30,Liverpool,Everton,2,0,H
25/04/2022,20:00,Crystal Palace,Leeds,0,0,D
28/04/2022,19:45,Man United,Chelsea,1,1,D
30/04/2022,12:30,Newcastle,Liverpool,0,1,A
30/04/2022,15:00,Aston Villa,Norwich,2,0,H
30/04/2022,,Southampton,Crystal Palace,1,2,A
30/04/2022,,Watford,Burnley,1,2,A
30/04/2022,,Wolves,Brighton,0,3,A
30/04/2022,17:30,Leeds,Man City,0,4,A
01/05/2022,14:00,Everton,Chelsea,1,0,H
01/05/2022,,Tottenham,Leicester,3,1,H
01/05/2022,16:30,West Ham,Arsenal,1,2,A
02/05/2022,20:00,Man United,Brentford,3,0,H
07/05/2022,15:00,Brentford,Southampton,3,0,H
07/05/2022,,Burnley,Aston Villa,1,3,A
07/05/2022,,Chelsea,Wolves,2,2,D
07/05/2022,,Crystal Palace,Watford,1,0,H
07/05/2022,17:30,Brighton,Man United,4,0,H
07/05/2022,19:45,Liverpool,Tottenham,1,1,D
08/05/2022,14:00,Arsenal,Leeds,2,1,H
08/05/2022,,Leicester,Everton,1,2,A
08/05/2022,,Norwich,West Ham,0,4,A
08/05/2022,16:30,Man City,Newcastle,5,0,H
10/05/2022,20:00,Aston Villa,Liverpool,1,2,A
11/05/2022,19:30,Leeds,Chelsea,0,3,A
11/05/2022,19:45,Watford,Everton,0,0,D
11/05/2022,19:45,Leicester,Norwich,3,0,H
11/05/2022,20:15,Wolves,Man City,1,5,A
12/05/2022,19:45,Tottenham,Arsenal,3,0,H
15/05/2022,12:00,Tottenham,Burnley,1,0,H
15/05/2022,14:00,Aston Villa,Crystal Palace,1,1,D
15/05/2022,,Leeds,Brighton,1,1,D
15/05/2022,,Watford,Leicester,1,5,A
15/05/2022,,West Ham,Man City,2,2,D
15/05/2022,,Wolves,Norwich,1,1,D
15/05/2022,16:30,Everton,Brentford,2,3,A
16/05/2022,20:00,Newcastle,Arsenal,2,0,H
17/05/2022,19:45,Southampton,Liverpool,1,2,A
19/05/2022,19:45,Everton,Crystal Palace,3,2,H
19/05/2022,20:00,Aston Villa,Burnley,1,1,D
19/05/2022,20:00,Chelsea,Leicester,1,1,D
22/05/2022,16:00,Norwich,Tottenham,0,5,A
22/05/2022,,Man City,Aston Villa,3,2,H
22/05/2022,,Liverpool,Wolves,3,1,H
22/05/2022,,Leicester,Southampton,4,1,H
22/05/2022,,Crystal Palace,Man United,1,0,H
22/05/2022,,Chelsea,Watford,2,1,H
22/05/2022,,Burnley,Newcastle,1,2,A
22/05/2022,,Brighton,West Ham,3,1,H
22/05/2022,,Brentford,Leeds,1,2,A
22/05/2022,,Arsenal,Everton,5,1,H
05/08/2022,20:00,Crystal Palace,Arsenal,0,2,A
06/08/2022,12:30,Fulham,Liverpool,2,2,D
06/08/2022,15:00,Tottenham,Southampton,4,1,H
06/08/2022,,Newcastle,Nottingham Forest,2,0,H
06/08/2022,,Leeds,Wolves,2,1,H
06/08/2022,,Bournemouth,Aston Villa,2,0,H
06/08/2022,17:30,Everton,Chelsea,0,1,A
07/08/2022,14:00,Man United,Brighton,1,2,A
07/08/2022,,Leicester,Brentford,2,2,D
07/08/2022,16:30,West Ham,Man City,0,2,A
13/08/2022,12:30,Aston Villa,Everton,2,1,H
13/08/2022,15:00,Wolves,Fulham,0,0,D
13/08/2022,,Southampton,Leeds,2,2,D
13/08/2022,,Man City,Bournemouth,4,0,H
13/08/2022,,Brighton,Newcastle,0,0,D
13/08/2022,,Arsenal,Leicester,4,2,H
13/08/2022,17:30,Brentford,Man United,4,0,H
14/08/2022,14:00,Nottingham Forest,West Ham,1,0,H
14/08/2022,16:30,Chelsea,Tottenham,2,2,D
15/08/2022,20:00,Liverpool,Crystal Palace,1,1,D
20/08/2022,12:30,Tottenham,Wolves,1,0,H
20/08/2022,15:00,Leicester,Southampton,1,2,A
20/08/2022,,Fulham,Brentford,3,2,H
20/08/2022,,Everton,Nottingham Forest,1,1,D
20/08/2022,,Crystal Palace,Aston Villa,3,1,H
20/08/2022,17:30,Bournemouth,Arsenal,0,3,A
21/08/2022,14:00,West Ham,Brighton,0,2,A
21/08/2022,,Leeds,Chelsea,3,0,H
21/08/2022,16:30,Newcastle,Man City,3,3,D
22/08/2022,20:00,Man United,Liverpool,2,1,H
27/08/2022,12:30,Southampton,Man United,0,1,A
27/08/2022,15:00,Man City,Crystal Palace,4,2,H
27/08/2022,,Liverpool,Bournemouth,9,0,H
27/08/2022,,Chelsea,Leicester,2,1,H
27/08/2022,,Brighton,Leeds,1,0,H
27/08/2022,,Brentford,Everton,1,1,D
27/08/2022,17:30,Arsenal,Fulham,2,1,H
28/08/2022,14:00,Wolves,Newcastle,1,1,D
28/08/2022,,Aston Villa,West Ham,0,1,A
28/08/2022,16:30,Nottingham Forest,Tottenham,0,2,A
30/08/2022,19:30,Crystal Palace,Brentford,1,1,D
30/08/2022,,Fulham,Brighton,2,1,H
30/08/2022,19:45,Southampton,Chelsea,2,1,H
30/08/2022,20:00,Leeds,Everton,1,1,D
31/08/2022,19:30,Man City,Nottingham Forest,6,0,H
31/08/2022,,Bournemouth,Wolves,0,0,D
31/08/2022,,Arsenal,Aston Villa,2,1,H
31/08/2022,19:45,West Ham,Tottenham,1,1,D
31/08/2022,20:00,Liverpool,Newcastle,2,1,H
01/09/2022,20:00,Leicester,Man United,0,1,A
03/09/2022,12:30,Everton,Liverpool,0,0,D
03/09/2022,15:00,Wolves,Southampton,1,0,H
03/09/2022,,Tottenham,Fulham,2,1,H
03/09/2022,,Nottingham Forest,Bournemouth,2,3,A
03/09/2022,,Newcastle,Crystal Palace,0,0,D
03/09/2022,,Chelsea,West Ham,2,1,H
03/09/2022,,Brentford,Leeds,5,2,H
03/09/2022,17:30,Aston Villa,Man City,1,1,D
04/09/2022,14:00,Brighton,Leicester,5,2,H
04/09/2022,16:30,Man United,Arsenal,3,1,H
16/09/2022,20:00,Nottingham Forest,Fulham,2,3,A
16/09/2022,,Aston Villa,Southampton,1,0,H
17/09/2022,12:30,Wolves,Man City,0,3,A
17/09/2022,15:00,Newcastle,Bournemouth,1,1,D
17/09/2022,17:30,Tottenham,Leicester,6,2,H
18/09/2022,12:00,Brentford,Arsenal,0,3,A
18/09/2022,14:15,Everton,West Ham,1,0,H
01/10/2022,12:30,Arsenal,Tottenham,3,1,H
01/10/2022,15:00,Southampton,Everton,1,2,A
01/10/2022,,Liverpool,Brighton,3,3,D
01/10/2022,,Fulham,Newcastle,1,4,A
01/10/2022,,Crystal Palace,Chelsea,1,2,A
01/10/2022,,Bournemouth,Brentford,0,0,D
01/10/2022,17:30,West Ham,Wolves,2,0,H
02/10/2022,14:00,Man City,Man United,6,3,H
02/10/2022,16:30,Leeds,Aston Villa,0,0,D
03/10/2022,20:00,Leicester,Nottingham Forest,4,0,H
08/10/2022,15:00,Newcastle,Brentford,5,1,H
08/10/2022,,Man City,Southampton,4,0,H
08/10/2022,,Chelsea,Wolves,3,0,H
08/10/2022,,Bournemouth,Leicester,2,1,H
08/10/2022,17:30,Brighton,Tottenham,0,1,A
09/10/2022,14:00,West Ham,Fulham,3,1,H
09/10/2022,,Crystal Palace,Leeds,2,1,H
09/10/2022,16:30,Arsenal,Liverpool,3,2,H
09/10/2022,19:00,Everton,Man United,1,2,A
10/10/2022,20:00,Nottingham Forest,Aston Villa,1,1,D
14/10/2022,20:00,Brentford,Brighton,2,0,H
15/10/2022,12:30,Leicester,Crystal Palace,0,0,D
15/10/2022,15:00,Wolves,Nottingham Forest,1,0,H
15/10/2022,,Fulham,Bournemouth,2,2,D
15/10/2022,17:30,Tottenham,Everton,2,0,H
16/10/2022,14:00,Southampton,West Ham,1,1,D
16/10/2022,,Man United,Newcastle,0,0,D
16/10/2022,,Leeds,Arsenal,0,1,A
16/10/2022,,Aston Villa,Chelsea,0,2,A
16/10/2022,16:30,Liverpool,Man City,1,0,H
18/10/2022,19:30,Brighton,Nottingham Forest,0,0,D
18/10/2022,20:15,Crystal Palace,Wolves,2,1,H
19/10/2022,19:30,Liverpool,West Ham,1,0,H
19/10/2022,,Newcastle,Everton,1,0,H
19/10/2022,,Brentford,Chelsea,0,0,D
19/10/2022,,Bournemouth,Southampton,0,1,A
19/10/2022,20:15,Man United,Tottenham,2,0,H
20/10/2022,19:30,Fulham,Aston Villa,3,0,H
20/10/2022,20:15,Leicester,Leeds,2,0,H
22/10/2022,12:30,Nottingham Forest,Liverpool,1,0,H
22/10/2022,15:00,Man City,Brighton,3,1,H
22/10/2022,,Everton,Crystal Palace,3,0,H
22/10/2022,17:30,Chelsea,Man United,1,1,D
23/10/2022,14:00,Southampton,Arsenal,1,1,D
23/10/2022,,Leeds,Fulham,2,3,A
23/10/2022,,Aston Villa,Brentford,4,0,H
23/10/2022,,Wolves,Leicester,0,4,A
23/10/2022,16:30,Tottenham,Newcastle,1,2,A
24/10/2022,20:00,West Ham,Bournemouth,2,0,H
29/10/2022,12:30,Leicester,Man City,0,1,A
29/10/2022,15:00,Newcastle,Aston Villa,4,0,H
29/10/2022,,Crystal Palace,Southampton,1,0,H
29/10/2022,,Brighton,Chelsea,4,1,H
29/10/2022,,Brentford,Wolves,1,1,D
29/10/2022,,Bournemouth,Tottenham,2,3,A
29/10/2022,17:30,Fulham,Everton,0,0,D
29/10/2022,19:45,Liverpool,Leeds,1,2,A
30/10/2022,14:00,Arsenal,Nottingham Forest,5,0,H
30/10/2022,16:15,Man United,West Ham,1,0,H
05/11/2022,15:00,Wolves,Brighton,2,3,A
05/11/2022,,Nottingham Forest,Brentford,2,2,D
05/11/2022,,Man City,Fulham,2,1,H
05/11/2022,,Leeds,Bournemouth,4,3,H
05/11/2022,17:30,Everton,Leicester,0,2,A
06/11/2022,12:00,Chelsea,Arsenal,0,1,A
06/11/2022,14:00,West Ham,Crystal Palace,1,2,A
06/11/2022,,Southampton,Newcastle,1,4,A
06/11/2022,,Aston Villa,Man United,3,1,H
06/11/2022,16:30,Tottenham,Liverpool,1,2,A
12/11/2022,12:30,Man City,Brentford,1,2,A
12/11/2022,15:00,West Ham,Leicester,0,2,A
12/11/2022,,Tottenham,Leeds,4,3,H
12/11/2022,,Nottingham Forest,Crystal Palace,1,0,H
12/11/2022,,Liverpool,Southampton,3,1,H
12/11/2022,,Bournemouth,Everton,3,0,H
12/11/2022,17:30,Newcastle,Chelsea,1,0,H
12/11/2022,19:45,Wolves,Arsenal,0,2,A
13/11/2022,14:00,Brighton,Aston Villa,1,2,A
13/11/2022,16:30,Fulham,Man United,1,2,A
26/12/2022,12:30,Brentford,Tottenham,2,2,D
26/12/2022,15:00,Southampton,Brighton,1,3,A
26/12/2022,,Leicester,Newcastle,0,3,A
26/12/2022,,Everton,Wolves,1,2,A
26/12/2022,,Crystal Palace,Fulham,0,3,A
26/12/2022,17:30,Aston Villa,Liverpool,1,3,A
26/12/2022,20:00,Arsenal,West Ham,3,1,H
27/12/2022,17:30,Chelsea,Bournemouth,2,0,H
27/12/2022,20:00,Man United,Nottingham Forest,3,0,H
28/12/2022,20:00,Leeds,Man City,1,3,A
30/12/2022,19:45,West Ham,Brentford,0,2,A
30/12/2022,20:00,Liverpool,Leicester,2,1,H
31/12/2022,12:30,Wolves,Man United,0,1,A
31/12/2022,15:00,Newcastle,Leeds,0,0,D
31/12/2022,,Man City,Everton,1,1,D
31/12/2022,,Fulham,Southampton,2,1,H
31/12/2022,,Bournemouth,Crystal Palace,0,2,A
31/12/2022,17:30,Brighton,Arsenal,2,4,A
01/01/2023,14:00,Tottenham,Aston Villa,0,2,A
01/01/2023,16:30,Nottingham Forest,Chelsea,1,1,D
02/01/2023,17:30,Brentford,Liverpool,3,1,H
03/01/2023,19:45,Leicester,Fulham,0,1,A
03/01/2023,,Everton,Brighton,1,4,A
03/01/2023,,Arsenal,Newcastle,0,0,D
03/01/2023,20:00,Man United,Bournemouth,3,0,H
04/01/2023,19:30,Southampton,Nottingham Forest,0,1,A
04/01/2023,19:45,Leeds,West Ham,2,2,D
04/01/2023,20:00,Crystal Palace,Tottenham,0,4,A
04/01/2023,,Aston Villa,Wolves,1,1,D
05/01/2023,20:00,Chelsea,Man City,0,1,A
12/01/2023,20:00,Fulham,Chelsea,2,1,H
13/01/2023,20:00,Aston Villa,Leeds,2,1,H
14/01/2023,12:30,Man United,Man City,2,1,H
14/01/2023,15:00,Wolves,West Ham,1,0,H
14/01/2023,,Nottingham Forest,Leicester,2,0,H
14/01/2023,,Everton,Southampton,1,2,A
14/01/2023,,Brighton,Liverpool,3,0,H
14/01/2023,17:30,Brentford,Bournemouth,2,0,H
15/01/2023,14:00,Newcastle,Fulham,1,0,H
15/01/2023,,Chelsea,Crystal Palace,1,0,H
15/01/2023,16:30,Tottenham,Arsenal,0,2,A
18/01/2023,20:00,Crystal Palace,Man United,1,1,D
19/01/2023,20:00,Man City,Tottenham,4,2,H
21/01/2023,12:30,Liverpool,Chelsea,0,0,D
21/01/2023,15:00,West Ham,Everton,2,0,H
21/01/2023,,Southampton,Aston Villa,0,1,A
21/01/2023,,Leicester,Brighton,2,2,D
21/01/2023,,Bournemouth,Nottingham Forest,1,1,D
21/01/2023,17:30,Crystal Palace,Newcastle,0,0,D
22/01/2023,14:00,Man City,Wolves,3,0,H
22/01/2023,,Leeds,Brentford,0,0,D
22/01/2023,16:30,Arsenal,Man United,3,2,H
23/01/2023,20:15,Fulham,Tottenham,0,1,A
03/02/2023,20:00,Chelsea,Fulham,0,0,D
04/02/2023,12:30,Everton,Arsenal,1,0,H
04/02/2023,15:00,Wolves,Liverpool,3,0,H
04/02/2023,,Man United,Crystal Palace,2,1,H
04/02/2023,,Brighton,Bournemouth,1,0,H
04/02/2023,,Brentford,Southampton,3,0,H
04/02/2023,,Aston Villa,Leicester,2,4,A
04/02/2023,17:30,Newcastle,West Ham,1,1,D
05/02/2023,14:00,Nottingham Forest,Leeds,1,0,H
05/02/2023,16:30,Tottenham,Man City,1,0,H
08/02/2023,20:00,Man United,Leeds,2,2,D
11/02/2023,12:30,West Ham,Chelsea,1,1,D
11/02/2023,15:00,Southampton,Wolves,1,2,A
11/02/2023,,Leicester,Tottenham,4,1,H
11/02/2023,,Fulham,Nottingham Forest,2,0,H
11/02/2023,,Crystal Palace,Brighton,1,1,D
11/02/2023,,Arsenal,Brentford,1,1,D
11/02/2023,17:30,Bournemouth,Newcastle,1,1,D
12/02/2023,14:00,Leeds,Man United,0,2,A
12/02/2023,16:30,Man City,Aston Villa,3,1,H
13/02/2023,20:00,Liverpool,Everton,2,0,H
15/02/2023,19:30,Arsenal,Man City,1,3,A
18/02/2023,12:30,Aston Villa,Arsenal,2,4,A
18/02/2023,15:00,Wolves,Bournemouth,0,1,A
18/02/2023,,Nottingham Forest,Man City,1,1,D
18/02/2023,,Everton,Leeds,1,0,H
18/02/2023,,Chelsea,Southampton,0,1,A
18/02/2023,,Brighton,Fulham,0,1,A
18/02/2023,,Brentford,Crystal Palace,1,1,D
18/02/2023,17:30,Newcastle,Liverpool,0,2,A
19/02/2023,14:00,Man United,Leicester,3,0,H
19/02/2023,16:30,Tottenham,West Ham,2,0,H
24/02/2023,20:00,Fulham,Wolves,1,1,D
25/02/2023,15:00,West Ham,Nottingham Forest,4,0,H
25/02/2023,,Leicester,Arsenal,0,1,A
25/02/2023,,Leeds,Southampton,1,0,H
25/02/2023,,Everton,Aston Villa,0,2,A
25/02/2023,17:30,Bournemouth,Man City,1,4,A
25/02/2023,19:45,Crystal Palace,Liverpool,0,0,D
26/02/2023,13:30,Tottenham,Chelsea,2,0,H
01/03/2023,19:45,Arsenal,Everton,4,0,H
01/03/2023,20:00,Liverpool,Wolves,2,0,H
04/03/2023,12:30,Man City,Newcastle,2,0,H
04/03/2023,15:00,Wolves,Tottenham,1,0,H
04/03/2023,,Chelsea,Leeds,1,0,H
04/03/2023,,Brighton,West Ham,4,0,H
04/03/2023,,Aston Villa,Crystal Palace,1,0,H
04/03/2023,,Arsenal,Bournemouth,3,2,H
04/03/2023,17:30,Southampton,Leicester,1,0,H
05/03/2023,14:00,Nottingham Forest,Everton,2,2,D
05/03/2023,16:30,Liverpool,Man United,7,0,H
06/03/2023,20:00,Brentford,Fulham,3,2,H
11/03/2023,12:30,Bournemouth,Liverpool,1,0,H
11/03/2023,15:00,Tottenham,Nottingham Forest,3,1,H
11/03/2023,,Leicester,Chelsea,1,3,A
11/03/2023,,Leeds,Brighton,2,2,D
11/03/2023,,Everton,Brentford,1,0,H
11/03/2023,17:30,Crystal Palace,Man City,0,1,A
12/03/2023,14:00,West Ham,Aston Villa,1,1,D
12/03/2023,,Man United,Southampton,0,0,D
12/03/2023,,Fulham,Arsenal,0,3,A
12/03/2023,16:30,Newcastle,Wolves,2,1,H
15/03/2023,19:30,Brighton,Crystal Palace,1,0,H
15/03/2023,19:30,Southampton,Brentford,0,2,A
17/03/2023,20:00,Nottingham Forest,Newcastle,1,2,A
18/03/2023,15:00,Wolves,Leeds,2,4,A
18/03/2023,,Southampton,Tottenham,3,3,D
18/03/2023,,Brentford,Leicester,1,1,D
18/03/2023,,Aston Villa,Bournemouth,3,0,H
18/03/2023,17:30,Chelsea,Everton,2,2,D
19/03/2023,14:00,Arsenal,Crystal Palace,4,1,H
01/04/2023,12:30,Man City,Liverpool,4,1,H
01/04/2023,15:00,Nottingham Forest,Wolves,1,1,D
01/04/2023,,Crystal Palace,Leicester,2,1,H
01/04/2023,,Brighton,Brentford,3,3,D
01/04/2023,,Bournemouth,Fulham,2,1,H
01/04/2023,,Arsenal,Leeds,4,1,H
01/04/2023,17:30,Chelsea,Aston Villa,0,2,A
02/04/2023,14:00,West Ham,Southampton,1,0,H
02/04/2023,16:30,Newcastle,Man United,2,0,H
03/04/2023,20:00,Everton,Tottenham,1,1,D
04/04/2023,19:45,Leicester,Aston Villa,1,2,A
04/04/2023,,Leeds,Nottingham Forest,2,1,H
04/04/2023,,Bournemouth,Brighton,0,2,A
04/04/2023,20:00,Chelsea,Liverpool,0,0,D
05/04/2023,20:00,West Ham,Newcastle,1,5,A
05/04/2023,20:00,Man United,Brentford,1,0,H
08/04/2023,12:30,Man United,Everton,2,0,H
08/04/2023,15:00,Wolves,Chelsea,1,0,H
08/04/2023,,Tottenham,Brighton,2,1,H
08/04/2023,,Leicester,Bournemouth,0,1,A
08/04/2023,,Fulham,West Ham,0,1,A
08/04/2023,,Brentford,Newcastle,1,2,A
08/04/2023,,Aston Villa,Nottingham Forest,2,0,H
08/04/2023,17:30,Southampton,Man City,1,4,A
09/04/2023,14:00,Leeds,Crystal Palace,1,5,A
09/04/2023,16:30,Liverpool,Arsenal,2,2,D
15/04/2023,12:30,Aston Villa,Newcastle,3,0,H
15/04/2023,15:00,Wolves,Brentford,2,0,H
15/04/2023,,Southampton,Crystal Palace,0,2,A
15/04/2023,,Everton,Fulham,1,3,A
15/04/2023,,Chelsea,Brighton,1,2,A
15/04/2023,15:15,Tottenham,Bournemouth,2,3,A
15/04/2023,17:30,Man City,Leicester,3,1,H
16/04/2023,14:00,West Ham,Arsenal,2,2,D
16/04/2023,16:30,Nottingham Forest,Man United,0,2,A
17/04/2023,20:00,Leeds,Liverpool,1,6,A
21/04/2023,20:00,Arsenal,Southampton,3,3,D
22/04/2023,12:30,Fulham,Leeds,2,1,H
22/04/2023,15:00,Liverpool,Nottingham Forest,3,2,H
22/04/2023,,Leicester,Wolves,2,1,H
22/04/2023,,Crystal Palace,Everton,0,0,D
22/04/2023,,Brentford,Aston Villa,1,1,D
23/04/2023,14:00,Newcastle,Tottenham,6,1,H
23/04/2023,,Bournemouth,West Ham,0,4,A
25/04/2023,19:30,Wolves,Crystal Palace,2,0,H
25/04/2023,19:45,Aston Villa,Fulham,1,0,H
25/04/2023,20:00,Leeds,Leicester,1,1,D
26/04/2023,19:30,Nottingham Forest,Brighton,3,1,H
26/04/2023,19:45,Chelsea,Brentford,0,2,A
26/04/2023,,West Ham,Liverpool,1,2,A
26/04/2023,20:00,Man City,Arsenal,4,1,H
27/04/2023,19:45,Southampton,Bournemouth,0,1,A
27/04/2023,,Everton,Newcastle,1,4,A
27/04/2023,20:15,Tottenham,Man United,2,2,D
29/04/2023,12:45,Crystal Palace,West Ham,4,3,H
29/04/2023,15:00,Brighton,Wolves,6,0,H
29/04/2023,,Brentford,Nottingham Forest,2,1,H
30/04/2023,14:00,Newcastle,Southampton,3,1,H
30/04/2023,,Man United,Aston Villa,1,0,H
30/04/2023,,Fulham,Man City,1,2,A
30/04/2023,,Bournemouth,Leeds,4,1,H
30/04/2023,16:30,Liverpool,Tottenham,4,3,H
01/05/2023,20:00,Leicester,Everton,2,2,D
02/05/2023,20:00,Arsenal,Chelsea,3,1,H
03/05/2023,20:00,Man City,West Ham,3,0,H
03/05/2023,,Liverpool,Fulham,1,0,H
04/05/2023,20:00,Brighton,Man United,1,0,H
06/05/2023,15:00,Wolves,Aston Villa,1,0,H
06/05/2023,,Tottenham,Crystal Palace,1,0,H
06/05/2023,,Man City,Leeds,2,1,H
06/05/2023,,Bournemouth,Chelsea,1,3,A
06/05/2023,17:30,Liverpool,Brentford,1,0,H
07/05/2023,16:30,Newcastle,Arsenal,0,2,A
07/05/2023,19:00,West Ham,Man United,1,0,H
08/05/2023,15:00,Fulham,Leicester,5,3,H
08/05/2023,17:30,Brighton,Everton,1,5,A
08/05/2023,20:00,Nottingham Forest,Southampton,4,3,H
13/05/2023,12:30,Leeds,Newcastle,2,2,D
13/05/2023,15:00,Southampton,Fulham,0,2,A
13/05/2023,,Man United,Wolves,2,0,H
13/05/2023,,Crystal Palace,Bournemouth,2,0,H
13/05/2023,,Chelsea,Nottingham Forest,2,2,D
13/05/2023,,Aston Villa,Tottenham,2,1,H
14/05/2023,14:00,Everton,Man City,0,3,A
14/05/2023,,Brentford,West Ham,2,0,H
14/05/2023,16:30,Arsenal,Brighton,0,3,A
15/05/2023,20:00,Leicester,Liverpool,0,3,A
18/05/2023,19:30,Newcastle,Brighton,4,1,H
20/05/2023,12:30,Tottenham,Brentford,1,3,A
20/05/2023,15:00,Wolves,Everton,1,1,D
20/05/2023,,Liverpool,Aston Villa,1,1,D
20/05/2023,,Fulham,Crystal Palace,2,2,D
20/05/2023,,Bournemouth,Man United,0,1,A
20/05/2023,17:30,Nottingham Forest,Arsenal,1,0,H
21/05/2023,13:30,West Ham,Leeds,3,1,H
21/05/2023,14:00,Brighton,Southampton,3,1,H
21/05/2023,16:00,Man City,Chelsea,1,0,H
22/05/2023,20:00,Newcastle,Leicester,0,0,D
24/05/2023,20:00,Brighton,Man City,1,1,D
25/05/2023,20:00,Man United,Chelsea,4,1,H
28/05/2023,16:30,Southampton,Liverpool,4,4,D
28/05/2023,,Man United,Fulham,2,1,H
28/05/2023,,Leicester,West Ham,2,1,H
28/05/2023,,Leeds,Tottenham,1,4,A
28/05/2023,,Everton,Bournemouth,1,0,H
28/05/2023,,Crystal Palace,Nottingham Forest,1,1,D
28/05/2023,,Chelsea,Newcastle,1,1,D
28/05/2023,,Brentford,Man City,1,0,H
28/05/2023,,Aston Villa,Brighton,2,1,H
28/05/2023,,Arsenal,Wolves,5,0,H
11/08/2023,20:00,Burnley,Man City,0,3,A
12/08/2023,13:00,Arsenal,Nottingham Forest,2,1,H
12/08/2023,15:00,Bournemouth,West Ham,1,1,D
12/08/2023,,Brighton,Luton Town,4,1,H
12/08/2023,,Everton,Fulham,0,1,A
12/08/2023,,Sheffield United,Crystal Palace,0,1,A
12/08/2023,17:30,Newcastle,Aston Villa,5,1,H
13/08/2023,14:00,Brentford,Tottenham,2,2,D
13/08/2023,16:30,Chelsea,Liverpool,1,1,D
14/08/2023,20:00,Man United,Wolves,1,0,H
18/08/2023,19:45,Nottingham Forest,Sheffield United,2,1,H
19/08/2023,15:00,Fulham,Brentford,0,3,A
19/08/2023,,Liverpool,Bournemouth,3,1,H
19/08/2023,,Wolves,Brighton,1,4,A
19/08/2023,17:30,Tottenham,Man United,2,0,H
19/08/2023,20:00,Man City,Newcastle,1,0,H
20/08/2023,14:00,Aston Villa,Everton,4,0,H
20/08/2023,16:30,West Ham,Chelsea,3,1,H
21/08/2023,20:00,Crystal Palace,Arsenal,0,1,A
25/08/2023,20:00,Chelsea,Luton Town,3,0,H
26/08/2023,12:30,Bournemouth,Tottenham,0,2,A
26/08/2023,15:00,Everton,Wolves,0,1,A
26/08/2023,,Man United,Nottingham Forest,3,2,H
26/08/2023,,Arsenal,Fulham,2,2,D
26/08/2023,,Brentford,Crystal Palace,1,1,D
26/08/2023,17:30,Brighton,West Ham,1,3,A
27/08/2023,14:00,Sheffield United,Man City,1,2,A
27/08/2023,,Burnley,Aston Villa,1,3,A
27/08/2023,16:30,Newcastle,Liverpool,1,2,A
01/09/2023,20:00,Luton Town,West Ham,1,2,A
02/09/2023,12:30,Sheffield United,Everton,2,2,D
02/09/2023,15:00,Brentford,Bournemouth,2,2,D
02/09/2023,,Burnley,Tottenham,2,5,A
02/09/2023,,Chelsea,Nottingham Forest,0,1,A
02/09/2023,,Man City,Fulham,5,1,H
02/09/2023,17:30,Brighton,Newcastle,3,1,H
03/09/2023,14:00,Crystal Palace,Wolves,3,2,H
03/09/2023,,Liverpool,Aston Villa,3,0,H
03/09/2023,16:30,Arsenal,Man United,3,1,H
16/09/2023,12:30,Wolves,Liverpool,1,3,A
16/09/2023,15:00,Aston Villa,Crystal Palace,3,1,H
16/09/2023,,Fulham,Luton Town,1,0,H
16/09/2023,,Man United,Brighton,1,3,A
16/09/2023,,Tottenham,Sheffield United,2,1,H
16/09/2023,,West Ham,Man City,1,3,A
16/09/2023,17:30,Newcastle,Brentford,1,0,H
17/09/2023,14:00,Bournemouth,Chelsea,0,0,D
17/09/2023,16:30,Everton,Arsenal,0,1,A
18/09/2023,19:45,Nottingham Forest,Burnley,1,1,D
23/09/2023,15:00,Crystal Palace,Fulham,0,0,D
23/09/2023,,Luton Town,Wolves,1,1,D
23/09/2023,,Man City,Nottingham Forest,2,0,H
23/09/2023,17:30,Brentford,Everton,1,3,A
23/09/2023,20:00,Burnley,Man United,0,1,A
24/09/2023,14:00,Arsenal,Tottenham,2,2,D
24/09/2023,,Brighton,Bournemouth,3,1,H
24/09/2023,,Chelsea,Aston Villa,0,1,A
24/09/2023,,Liverpool,West Ham,3,1,H
24/09/2023,16:30,Sheffield United,Newcastle,0,8,A
30/09/2023,12:30,Aston Villa,Brighton,6,1,H
30/09/2023,15:00,Bournemouth,Arsenal,0,4,A
30/09/2023,,Everton,Luton Town,1,2,A
30/09/2023,,Man United,Crystal Palace,0,1,A
30/09/2023,,Newcastle,Burnley,2,0,H
30/09/2023,,West Ham,Sheffield United,2,0,H
30/09/2023,,Wolves,Man City,2,1,H
30/09/2023,17:30,Tottenham,Liverpool,2,1,H
01/10/2023,14:00,Nottingham Forest,Brentford,1,1,D
02/10/2023,20:00,Fulham,Chelsea,0,2,A
03/10/2023,19:30,Luton Town,Burnley,1,2,A
07/10/2023,12:30,Luton Town,Tottenham,0,1,A
07/10/2023,15:00,Burnley,Chelsea,1,4,A
07/10/2023,,Everton,Bournemouth,3,0,H
07/10/2023,,Fulham,Sheffield United,3,1,H
07/10/2023,,Man United,Brentford,2,1,H
07/10/2023,17:30,Crystal Palace,Nottingham Forest,0,0,D
08/10/2023,14:00,Brighton,Liverpool,2,2,D
08/10/2023,,West Ham,Newcastle,2,2,D
08/10/2023,,Wolves,Aston Villa,1,1,D
08/10/2023,16:30,Arsenal,Man City,1,0,H
21/10/2023,12:30,Liverpool,Everton,2,0,H
21/10/2023,15:00,Bournemouth,Wolves,1,2,A
21/10/2023,,Brentford,Burnley,3,0,H
21/10/2023,,Man City,Brighton,2,1,H
21/10/2023,,Newcastle,Crystal Palace,4,0,H
21/10/2023,,Nottingham Forest,Luton Town,2,2,D
21/10/2023,17:30,Chelsea,Arsenal,2,2,D
21/10/2023,20:00,Sheffield United,Man United,1,2,A
22/10/2023,16:30,Aston Villa,West Ham,4,1,H
23/10/2023,20:00,Tottenham,Fulham,2,0,H
27/10/2023,20:00,Crystal Palace,Tottenham,1,2,A
28/10/2023,12:30,Chelsea,Brentford,0,2,A
28/10/2023,15:00,Bournemouth,Burnley,2,1,H
28/10/2023,,Arsenal,Sheffield United,5,0,H
28/10/2023,17:30,Wolves,Newcastle,2,2,D
29/10/2023,13:00,West Ham,Everton,0,1,A
29/10/2023,14:00,Aston Villa,Luton Town,3,1,H
29/10/2023,,Brighton,Fulham,1,1,D
29/10/2023,,Liverpool,Nottingham Forest,3,0,H
29/10/2023,15:30,Man United,Man City,0,3,A
04/11/2023,12:30,Fulham,Man United,0,1,A
04/11/2023,15:00,Brentford,West Ham,3,2,H
04/11/2023,,Burnley,Crystal Palace,0,2,A
04/11/2023,,Everton,Brighton,1,1,D
04/11/2023,,Man City,Bournemouth,6,1,H
04/11/2023,,Sheffield United,Wolves,2,1,H
04/11/2023,17:30,Newcastle,Arsenal,1,0,H
05/11/2023,14:00,Nottingham Forest,Aston Villa,2,0,H
05/11/2023,16:30,Luton Town,Liverpool,1,1,D
06/11/2023,20:00,Tottenham,Chelsea,1,4,A
11/11/2023,12:30,Wolves,Tottenham,2,1,H
11/11/2023,15:00,Arsenal,Burnley,3,1,H
11/11/2023,,Crystal Palace,Everton,2,3,A
11/11/2023,,Man United,Luton Town,1,0,H
11/11/2023,17:30,Bournemouth,Newcastle,2,0,H
12/11/2023,14:00,Aston Villa,Fulham,3,1,H
12/11/2023,,Brighton,Sheffield United,1,1,D
12/11/2023,,Liverpool,Brentford,3,0,H
12/11/2023,,West Ham,Nottingham Forest,3,2,H
12/11/2023,16:30,Chelsea,Man City,4,4,D
25/11/2023,12:30,Man City,Liverpool,1,1,D
25/11/2023,15:00,Burnley,West Ham,1,2,A
25/11/2023,,Luton Town,Crystal Palace,2,1,H
25/11/2023,,Newcastle,Chelsea,4,1,H
25/11/2023,,Nottingham Forest,Brighton,2,3,A
25/11/2023,,Sheffield United,Bournemouth,1,3,A
25/11/2023,17:30,Brentford,Arsenal,0,1,A
26/11/2023,14:00,Tottenham,Aston Villa,1,2,A
26/11/2023,16:30,Everton,Man United,0,3,A
27/11/2023,20:00,Fulham,Wolves,3,2,H
02/12/2023,15:00,Arsenal,Wolves,2,1,H
02/12/2023,,Brentford,Luton Town,3,1,H
02/12/2023,,Burnley,Sheffield United,5,0,H
02/12/2023,17:30,Nottingham Forest,Everton,0,1,A
02/12/2023,20:00,Newcastle,Man United,1,0,H
03/12/2023,14:00,Bournemouth,Aston Villa,2,2,D
03/12/2023,,Chelsea,Brighton,3,2,H
03/12/2023,,Liverpool,Fulham,4,3,H
03/12/2023,,West Ham,Crystal Palace,1,1,D
03/12/2023,16:30,Man City,Tottenham,3,3,D
05/12/2023,19:30,Wolves,Burnley,1,0,H
05/12/2023,20:15,Luton Town,Arsenal,3,4,A
06/12/2023,19:30,Brighton,Brentford,2,1,H
06/12/2023,,Fulham,Nottingham Forest,5,0,H
06/12/2023,,Sheffield United,Liverpool,0,2,A
06/12/2023,,Crystal Palace,Bournemouth,0,2,A
06/12/2023,20:15,Aston Villa,Man City,1,0,H
06/12/2023,,Man United,Chelsea,2,1,H
07/12/2023,19:30,Everton,Newcastle,3,0,H
07/12/2023,20:15,Tottenham,West Ham,1,2,A
09/12/2023,12:30,Crystal Palace,Liverpool,1,2,A
09/12/2023,15:00,Brighton,Burnley,1,1,D
09/12/2023,,Man United,Bournemouth,0,3,A
09/12/2023,,Sheffield United,Brentford,1,0,H
09/12/2023,,Wolves,Nottingham Forest,1,1,D
09/12/2023,17:30,Aston Villa,Arsenal,1,0,H
10/12/2023,14:00,Everton,Chelsea,2,0,H
10/12/2023,,Fulham,West Ham,5,0,H
10/12/2023,,Luton Town,Man City,1,2,A
10/12/2023,16:30,Tottenham,Newcastle,4,1,H
15/12/2023,20:00,Nottingham Forest,Tottenham,0,2,A
16/12/2023,15:00,Chelsea,Sheffield United,2,0,H
16/12/2023,,Man City,Crystal Palace,2,2,D
16/12/2023,,Newcastle,Fulham,3,0,H
16/12/2023,17:30,Burnley,Everton,0,2,A
17/12/2023,14:00,Arsenal,Brighton,2,0,H
17/12/2023,,Brentford,Aston Villa,1,2,A
17/12/2023,,West Ham,Wolves,3,0,H
17/12/2023,16:30,Liverpool,Man United,0,0,D
21/12/2023,20:00,Crystal Palace,Brighton,1,1,D
22/12/2023,20:00,Aston Villa,Sheffield United,1,1,D
23/12/2023,12:30,West Ham,Man United,2,0,H
23/12/2023,15:00,Fulham,Burnley,0,2,A
23/12/2023,,Luton Town,Newcastle,1,0,H
23/12/2023,,Nottingham Forest,Bournemouth,2,3,A
23/12/2023,,Tottenham,Everton,2,1,H
23/12/2023,17:30,Liverpool,Arsenal,1,1,D
24/12/2023,13:00,Wolves,Chelsea,2,1,H
26/12/2023,12:30,Newcastle,Nottingham Forest,1,3,A
26/12/2023,15:00,Bournemouth,Fulham,3,0,H
26/12/2023,,Sheffield United,Luton Town,2,3,A
26/12/2023,17:30,Burnley,Liverpool,0,2,A
26/12/2023,20:00,Man United,Aston Villa,3,2,H
27/12/2023,19:30,Brentford,Wolves,1,4,A
27/12/2023,,Chelsea,Crystal Palace,2,1,H
27/12/2023,20:15,Everton,Man City,1,3,A
28/12/2023,19:30,Brighton,Tottenham,4,2,H
28/12/2023,20:15,Arsenal,West Ham,0,2,A
30/12/2023,12:30,Luton Town,Chelsea,2,3,A
30/12/2023,15:00,Aston Villa,Burnley,3,2,H
30/12/2023,,Crystal Palace,Brentford,3,1,H
30/12/2023,,Man City,Sheffield United,2,0,H
30/12/2023,,Wolves,Everton,3,0,H
30/12/2023,17:30,Nottingham Forest,Man United,2,1,H
31/12/2023,14:00,Fulham,Arsenal,2,1,H
31/12/2023,,Tottenham,Bournemouth,3,1,H
01/01/2024,20:00,Liverpool,Newcastle,4,2,H
02/01/2024,19:30,West Ham,Brighton,0,0,D
12/01/2024,19:45,Burnley,Luton Town,1,1,D
13/01/2024,12:30,Chelsea,Fulham,1,0,H
13/01/2024,17:30,Newcastle,Man City,2,3,A
14/01/2024,14:00,Everton,Aston Villa,0,0,D
14/01/2024,16:30,Man United,Tottenham,2,2,D
20/01/2024,12:30,Arsenal,Crystal Palace,5,0,H
20/01/2024,17:30,Brentford,Nottingham Forest,3,2,H
21/01/2024,14:00,Sheffield United,West Ham,2,2,D
21/01/2024,16:30,Bournemouth,Liverpool,0,4,A
22/01/2024,19:45,Brighton,Wolves,0,0,D
30/01/2024,19:30,Nottingham Forest,Arsenal,1,2,A
30/01/2024,19:45,Luton Town,Brighton,4,0,H
30/01/2024,,Fulham,Everton,0,0,D
30/01/2024,20:00,Crystal Palace,Sheffield United,3,2,H
30/01/2024,20:15,Aston Villa,Newcastle,1,3,A
31/01/2024,19:30,Tottenham,Brentford,3,2,H
31/01/2024,,Man City,Burnley,3,1,H
31/01/2024,20:15,Liverpool,Chelsea,4,1,H
01/02/2024,19:30,West Ham,Bournemouth,1,1,D
01/02/2024,20:15,Wolves,Man United,3,4,A
03/02/2024,12:30,Everton,Tottenham,2,2,D
03/02/2024,15:00,Brighton,Crystal Palace,4,1,H
03/02/2024,,Burnley,Fulham,2,2,D
03/02/2024,,Newcastle,Luton Town,4,4,D
03/02/2024,17:30,Sheffield United,Aston Villa,0,5,A
04/02/2024,14:00,Bournemouth,Nottingham Forest,1,1,D
04/02/2024,,Chelsea,Wolves,2,4,A
04/02/2024,,Man United,West Ham,3,0,H
04/02/2024,16:30,Arsenal,Liverpool,3,1,H
05/02/2024,20:00,Brentford,Man City,1,3,A
10/02/2024,12:30,Man City,Everton,2,0,H
10/02/2024,15:00,Fulham,Bournemouth,3,1,H
10/02/2024,,Liverpool,Burnley,3,1,H
10/02/2024,,Luton Town,Sheffield United,1,3,A
10/02/2024,,Tottenham,Brighton,2,1,H
10/02/2024,,Wolves,Brentford,0,2,A
10/02/2024,17:30,Nottingham Forest,Newcastle,2,3,A
11/02/2024,14:00,West Ham,Arsenal,0,6,A
11/02/2024,16:30,Aston Villa,Man United,1,2,A
12/02/2024,20:00,Crystal Palace,Chelsea,1,3,A
17/02/2024,12:30,Brentford,Liverpool,1,4,A
17/02/2024,15:00,Burnley,Arsenal,0,5,A
17/02/2024,,Fulham,Aston Villa,1,2,A
17/02/2024,,Newcastle,Bournemouth,2,2,D
17/02/2024,,Nottingham Forest,West Ham,2,0,H
17/02/2024,,Tottenham,Wolves,1,2,A
17/02/2024,17:30,Man City,Chelsea,1,1,D
18/02/2024,14:00,Sheffield United,Brighton,0,5,A
18/02/2024,16:30,Luton Town,Man United,1,2,A
19/02/2024,20:00,Everton,Crystal Palace,1,1,D
20/02/2024,19:30,Man City,Brentford,1,0,H
21/02/2024,19:30,Liverpool,Luton Town,4,1,H
24/02/2024,15:00,Aston Villa,Nottingham Forest,4,2,H
24/02/2024,,Brighton,Everton,1,1,D
24/02/2024,,Crystal Palace,Burnley,3,0,H
24/02/2024,,Man United,Fulham,1,2,A
24/02/2024,17:30,Bournemouth,Man City,0,1,A
24/02/2024,20:00,Arsenal,Newcastle,4,1,H
25/02/2024,13:30,Wolves,Sheffield United,1,0,H
26/02/2024,20:00,West Ham,Brentford,4,2,H
02/03/2024,15:00,Brentford,Chelsea,2,2,D
02/03/2024,,Everton,West Ham,1,3,A
02/03/2024,,Fulham,Brighton,3,0,H
02/03/2024,,Newcastle,Wolves,3,0,H
02/03/2024,,Nottingham Forest,Liverpool,0,1,A
02/03/2024,,Tottenham,Crystal Palace,3,1,H
02/03/2024,17:30,Luton Town,Aston Villa,2,3,A
03/03/2024,13:00,Burnley,Bournemouth,0,2,A
03/03/2024,15:30,Man City,Man United,3,1,H
04/03/2024,20:00,Sheffield United,Arsenal,0,6,A
09/03/2024,12:30,Man United,Everton,2,0,H
09/03/2024,15:00,Bournemouth,Sheffield United,2,2,D
09/03/2024,,Crystal Palace,Luton Town,1,1,D
09/03/2024,,Wolves,Fulham,2,1,H
09/03/2024,17:30,Arsenal,Brentford,2,1,H
10/03/2024,13:00,Aston Villa,Tottenham,0,4,A
10/03/2024,14:00,Brighton,Nottingham Forest,1,0,H
10/03/2024,,West Ham,Burnley,2,2,D
10/03/2024,15:45,Liverpool,Man City,1,1,D
11/03/2024,20:00,Chelsea,Newcastle,3,2,H
13/03/2024,19:30,Bournemouth,Luton Town,4,3,H
16/03/2024,15:00,Burnley,Brentford,2,1,H
16/03/2024,,Luton Town,Nottingham Forest,1,1,D
16/03/2024,17:30,Fulham,Tottenham,3,0,H
17/03/2024,14:00,West Ham,Aston Villa,1,1,D
30/03/2024,12:30,Newcastle,West Ham,4,3,H
30/03/2024,15:00,Bournemouth,Everton,2,1,H
30/03/2024,,Chelsea,Burnley,2,2,D
30/03/2024,,Nottingham Forest,Crystal Palace,1,1,D
30/03/2024,,Sheffield United,Fulham,3,3,D
30/03/2024,,Tottenham,Luton Town,2,1,H
30/03/2024,17:30,Aston Villa,Wolves,2,0,H
30/03/2024,20:00,Brentford,Man United,1,1,D
31/03/2024,14:00,Liverpool,Brighton,2,1,H
31/03/2024,16:30,Man City,Arsenal,0,0,D
02/04/2024,19:30,Nottingham Forest,Fulham,3,1,H
02/04/2024,,Newcastle,Everton,1,1,D
02/04/2024,19:45,Bournemouth,Crystal Palace,1,0,H
02/04/2024,,Burnley,Wolves,1,1,D
02/04/2024,20:15,West Ham,Tottenham,1,1,D
03/04/2024,19:30,Arsenal,Luton Town,2,0,H
03/04/2024,,Brentford,Brighton,0,0,D
03/04/2024,20:15,Man City,Aston Villa,4,1,H
04/04/2024,19:30,Liverpool,Sheffield United,3,1,H
04/04/2024,20:15,Chelsea,Man United,4,3,H
06/04/2024,12:30,Crystal Palace,Man City,2,4,A
06/04/2024,15:00,Aston Villa,Brentford,3,3,D
06/04/2024,,Everton,Burnley,1,0,H
06/04/2024,,Fulham,Newcastle,0,1,A
06/04/2024,,Luton Town,Bournemouth,2,1,H
06/04/2024,,Wolves,West Ham,1,2,A
06/04/2024,17:30,Brighton,Arsenal,0,3,A
07/04/2024,15:30,Man United,Liverpool,2,2,D
07/04/2024,17:30,Sheffield United,Chelsea,2,2,D
07/04/2024,18:00,Tottenham,Nottingham Forest,3,1,H
13/04/2024,12:30,Newcastle,Tottenham,4,0,H
13/04/2024,15:00,Brentford,Sheffield United,2,0,H
13/04/2024,,Burnley,Brighton,1,1,D
13/04/2024,,Man City,Luton Town,5,1,H
13/04/2024,,Nottingham Forest,Wolves,2,2,D
13/04/2024,17:30,Bournemouth,Man United,2,2,D
14/04/2024,14:00,Liverpool,Crystal Palace,0,1,A
14/04/2024,,West Ham,Fulham,0,2,A
14/04/2024,16:30,Arsenal,Aston Villa,0,2,A
15/04/2024,20:00,Chelsea,Everton,6,0,H
20/04/2024,15:00,Luton Town,Brentford,1,5,A
20/04/2024,,Sheffield United,Burnley,1,4,A
20/04/2024,19:30,Wolves,Arsenal,0,2,A
21/04/2024,13:30,Everton,Nottingham Forest,2,0,H
21/04/2024,15:00,Aston Villa,Bournemouth,3,1,H
21/04/2024,,Crystal Palace,West Ham,5,2,H
21/04/2024,16:30,Fulham,Liverpool,1,3,A
23/04/2024,20:00,Arsenal,Chelsea,5,0,H
24/04/2024,19:45,Wolves,Bournemouth,0,1,A
24/04/2024,20:00,Crystal Palace,Newcastle,2,0,H
24/04/2024,,Everton,Liverpool,2,0,H
24/04/2024,,Man United,Sheffield United,4,2,H
25/04/2024,20:00,Brighton,Man City,0,4,A
27/04/2024,12:30,West Ham,Liverpool,2,2,D
27/04/2024,15:00,Fulham,Crystal Palace,1,1,D
27/04/2024,,Man United,Burnley,1,1,D
27/04/2024,,Newcastle,Sheffield United,5,1,H
27/04/2024,,Wolves,Luton Town,2,1,H
27/04/2024,17:30,Everton,Brentford,1,0,H
27/04/2024,20:00,Aston Villa,Chelsea,2,2,D
28/04/2024,14:00,Bournemouth,Brighton,3,0,H
28/04/2024,,Tottenham,Arsenal,2,3,A
28/04/2024,16:30,Nottingham Forest,Man City,0,2,A
02/05/2024,19:30,Chelsea,Tottenham,2,0,H
03/05/2024,20:00,Luton Town,Everton,1,1,D
04/05/2024,12:30,Arsenal,Bournemouth,3,0,H
04/05/2024,15:00,Brentford,Fulham,0,0,D
04/05/2024,,Burnley,Newcastle,1,4,A
04/05/2024,,Sheffield United,Nottingham Forest,1,3,A
04/05/2024,17:30,Man City,Wolves,5,1,H
05/05/2024,14:00,Brighton,Aston Villa,1,0,H
05/05/2024,,Chelsea,West Ham,5,0,H
05/05/2024,16:30,Liverpool,Tottenham,4,2,H
06/05/2024,20:00,Crystal Palace,Man United,4,0,H
11/05/2024,12:30,Fulham,Man City,0,4,A
11/05/2024,15:00,Bournemouth,Brentford,1,2,A
11/05/2024,,Everton,Sheffield United,1,0,H
11/05/2024,,Newcastle,Brighton,1,1,D
11/05/2024,,Tottenham,Burnley,2,1,H
11/05/2024,,West Ham,Luton Town,3,1,H
11/05/2024,,Wolves,Crystal Palace,1,3,A
11/05/2024,17:30,Nottingham Forest,Chelsea,2,3,A
12/05/2024,16:30,Man United,Arsenal,0,1,A
13/05/2024,20:00,Aston Villa,Liverpool,3,3,D
14/05/2024,20:00,Tottenham,Man City,0,2,A
15/05/2024,19:45,Brighton,Chelsea,1,2,A
15/05/2024,20:00,Man United,Newcastle,3,2,H
19/05/2024,16:00,Arsenal,Everton,2,1,H
19/05/2024,,Brentford,Newcastle,2,4,A
19/05/2024,,Brighton,Man United,0,2,A
19/05/2024,,Burnley,Nottingham Forest,1,2,A
19/05/2024,,Chelsea,Bournemouth,2,1,H
19/05/2024,,Crystal Palace,Aston Villa,5,0,H
19/05/2024,,Liverpool,Wolves,2,0,H
19/05/2024,,Luton Town,Fulham,2,4,A
19/05/2024,,Man City,West Ham,3,1,H
19/05/2024,,Sheffield United,Tottenham,0,3,A
16/08/2024,20:00,Man United,Fulham,1,0,H
17/08/2024,12:30,Ipswich Town,Liverpool,0,2,A
17/08/2024,15:00,Arsenal,Wolves,2,0,H
17/08/2024,,Everton,Brighton,0,3,A
17/08/2024,,Newcastle,Southampton,1,0,H
17/08/2024,,Nottingham Forest,Bournemouth,1,1,D
17/08/2024,17:30,West Ham,Aston Villa,1,2,A
18/08/2024,14:00,Brentford,Crystal Palace,2,1,H
18/08/2024,16:30,Chelsea,Man City,0,2,A
19/08/2024,20:00,Leicester,Tottenham,1,1,D
24/08/2024,12:30,Brighton,Man United,2,1,H
24/08/2024,15:00,Crystal Palace,West Ham,0,2,A
24/08/2024,,Fulham,Leicester,2,1,H
24/08/2024,,Man City,Ipswich Town,4,1,H
24/08/2024,,Southampton,Nottingham Forest,0,1,A
24/08/2024,,Tottenham,Everton,4,0,H
24/08/2024,17:30,Aston Villa,Arsenal,0,2,A
25/08/2024,14:00,Bournemouth,Newcastle,1,1,D
25/08/2024,,Wolves,Chelsea,2,6,A
25/08/2024,16:30,Liverpool,Brentford,2,0,H
31/08/2024,12:30,Arsenal,Brighton,1,1,D
31/08/2024,15:00,Brentford,Southampton,3,1,H
31/08/2024,,Everton,Bournemouth,2,3,A
31/08/2024,,Ipswich Town,Fulham,1,1,D
31/08/2024,,Leicester,Aston Villa,1,2,A
31/08/2024,,Nottingham Forest,Wolves,1,1,D
31/08/2024,17:30,West Ham,Man City,1,3,A
01/09/2024,13:30,Chelsea,Crystal Palace,1,1,D
01/09/2024,,Newcastle,Tottenham,2,1,H
01/09/2024,16:00,Man United,Liverpool,0,3,A
14/09/2024,12:30,Southampton,Man United,0,3,A
14/09/2024,15:00,Brighton,Ipswich Town,0,0,D
14/09/2024,,Crystal Palace,Leicester,2,2,D
14/09/2024,,Fulham,West Ham,1,1,D
14/09/2024,,Liverpool,Nottingham Forest,0,1,A
14/09/2024,,Man City,Brentford,2,1,H
14/09/2024,17:30,Aston Villa,Everton,3,2,H
14/09/2024,20:00,Bournemouth,Chelsea,0,1,A
15/09/2024,14:00,Tottenham,Arsenal,0,1,A
15/09/2024,16:30,Wolves,Newcastle,1,2,A
21/09/2024,12:30,West Ham,Chelsea,0,3,A
21/09/2024,15:00,Aston Villa,Wolves,3,1,H
21/09/2024,,Fulham,Newcastle,3,1,H
21/09/2024,,Leicester,Everton,1,1,D
21/09/2024,,Liverpool,Bournemouth,3,0,H
21/09/2024,,Southampton,Ipswich Town,1,1,D
21/09/2024,,Tottenham,Brentford,3,1,H
21/09/2024,17:30,Crystal Palace,Man United,0,0,D
22/09/2024,14:00,Brighton,Nottingham Forest,2,2,D
22/09/2024,16:30,Man City,Arsenal,2,2,D
28/09/2024,12:30,Newcastle,Man City,1,1,D
28/09/2024,15:00,Arsenal,Leicester,4,2,H
28/09/2024,,Brentford,West Ham,1,1,D
28/09/2024,,Chelsea,Brighton,4,2,H
28/09/2024,,Everton,Crystal Palace,2,1,H
28/09/2024,,Nottingham Forest,Fulham,0,1,A
28/09/2024,17:30,Wolves,Liverpool,1,2,A
29/09/2024,14:00,Ipswich Town,Aston Villa,2,2,D
29/09/2024,16:30,Man United,Tottenham,0,3,A
30/09/2024,20:00,Bournemouth,Southampton,3,1,H
05/10/2024,12:30,Crystal Palace,Liverpool,0,1,A
05/10/2024,15:00,Arsenal,Southampton,3,1,H
05/10/2024,,Brentford,Wolves,5,3,H
05/10/2024,,Leicester,Bournemouth,1,0,H
05/10/2024,,Man City,Fulham,3,2,H
05/10/2024,,West Ham,Ipswich Town,4,1,H
05/10/2024,17:30,Everton,Newcastle,0,0,D
06/10/2024,14:00,Aston Villa,Man United,0,0,D
06/10/2024,,Chelsea,Nottingham Forest,1,1,D
06/10/2024,16:30,Brighton,Tottenham,3,2,H
19/10/2024,12:30,Tottenham,West Ham,4,1,H
19/10/2024,15:00,Fulham,Aston Villa,1,3,A
19/10/2024,,Ipswich Town,Everton,0,2,A
19/10/2024,,Man United,Brentford,2,1,H
19/10/2024,,Newcastle,Brighton,0,1,A
19/10/2024,,Southampton,Leicester,2,3,A
19/10/2024,17:30,Bournemouth,Arsenal,2,0,H
20/10/2024,14:00,Wolves,Man City,1,2,A
20/10/2024,16:30,Liverpool,Chelsea,2,1,H
21/10/2024,20:00,Nottingham Forest,Crystal Palace,1,0,H
25/10/2024,20:00,Leicester,Nottingham Forest,1,3,A
26/10/2024,15:00,Aston Villa,Bournemouth,1,1,D
26/10/2024,,Brentford,Ipswich Town,4,3,H
26/10/2024,,Brighton,Wolves,2,2,D
26/10/2024,,Man City,Southampton,1,0,H
26/10/2024,17:30,Everton,Fulham,1,1,D
27/10/2024,14:00,Chelsea,Newcastle,2,1,H
27/10/2024,,Crystal Palace,Tottenham,1,0,H
27/10/2024,,West Ham,Man United,2,1,H
27/10/2024,16:30,Arsenal,Liverpool,2,2,D
02/11/2024,12:30,Newcastle,Arsenal,1,0,H
02/11/2024,15:00,Bournemouth,Man City,2,1,H
02/11/2024,,Ipswich Town,Leicester,1,1,D
02/11/2024,,Liverpool,Brighton,2,1,H
02/11/2024,,Nottingham Forest,West Ham,3,0,H
02/11/2024,,Southampton,Everton,1,0,H
02/11/2024,17:30,Wolves,Crystal Palace,2,2,D
03/11/2024,14:00,Tottenham,Aston Villa,4,1,H
03/11/2024,16:30,Man United,Chelsea,1,1,D
04/11/2024,20:00,Fulham,Brentford,2,1,H
09/11/2024,15:00,Brentford,Bournemouth,3,2,H
09/11/2024,,Crystal Palace,Fulham,0,2,A
09/11/2024,,West Ham,Everton,0,0,D
09/11/2024,,Wolves,Southampton,2,0,H
09/11/2024,17:30,Brighton,Man City,2,1,H
09/11/2024,20:00,Liverpool,Aston Villa,2,0,H
10/11/2024,14:00,Man United,Leicester,3,0,H
10/11/2024,,Nottingham Forest,Newcastle,1,3,A
10/11/2024,,Tottenham,Ipswich Town,1,2,A
10/11/2024,16:30,Chelsea,Arsenal,1,1,D
23/11/2024,12:30,Leicester,Chelsea,1,2,A
23/11/2024,15:00,Bournemouth,Brighton,1,2,A
23/11/2024,,Arsenal,Nottingham Forest,3,0,H
23/11/2024,,Aston Villa,Crystal Palace,2,2,D
23/11/2024,,Everton,Brentford,0,0,D
23/11/2024,,Fulham,Wolves,1,4,A
23/11/2024,17:30,Man City,Tottenham,0,4,A
24/11/2024,14:00,Southampton,Liverpool,2,3,A
24/11/2024,16:30,Ipswich Town,Man United,1,1,D
25/11/2024,20:00,Newcastle,West Ham,0,2,A
29/11/2024,20:00,Brighton,Southampton,1,1,D
30/11/2024,15:00,Brentford,Leicester,4,1,H
30/11/2024,,Crystal Palace,Newcastle,1,1,D
30/11/2024,,Nottingham Forest,Ipswich Town,1,0,H
30/11/2024,,Wolves,Bournemouth,2,4,A
30/11/2024,17:30,West Ham,Arsenal,2,5,A
01/12/2024,13:30,Chelsea,Aston Villa,3,0,H
01/12/2024,,Man United,Everton,4,0,H
01/12/2024,,Tottenham,Fulham,1,1,D
01/12/2024,16:00,Liverpool,Man City,2,0,H
03/12/2024,19:30,Ipswich Town,Crystal Palace,0,1,A
03/12/2024,20:15,Leicester,West Ham,3,1,H
04/12/2024,19:30,Everton,Wolves,4,0,H
04/12/2024,,Man City,Nottingham Forest,3,0,H
04/12/2024,,Newcastle,Liverpool,3,3,D
04/12/2024,,Southampton,Chelsea,1,5,A
04/12/2024,20:15,Arsenal,Man United,2,0,H
04/12/2024,,Aston Villa,Brentford,3,1,H
05/12/2024,19:30,Fulham,Brighton,3,1,H
05/12/2024,20:15,Bournemouth,Tottenham,1,0,H
07/12/2024,15:00,Aston Villa,Southampton,1,0,H
07/12/2024,,Brentford,Newcastle,4,2,H
07/12/2024,,Crystal Palace,Man City,2,2,D
07/12/2024,17:30,Man United,Nottingham Forest,2,3,A
08/12/2024,14:00,Fulham,Arsenal,1,1,D
08/12/2024,,Ipswich Town,Bournemouth,1,2,A
08/12/2024,,Leicester,Brighton,2,2,D
08/12/2024,16:30,Tottenham,Chelsea,3,4,A
09/12/2024,20:00,West Ham,Wolves,2,1,H
14/12/2024,15:00,Arsenal,Everton,0,0,D
14/12/2024,,Liverpool,Fulham,2,2,D
14/12/2024,,Newcastle,Leicester,4,0,H
14/12/2024,,Wolves,Ipswich Town,1,2,A
14/12/2024,17:30,Nottingham Forest,Aston Villa,2,1,H
15/12/2024,14:00,Brighton,Crystal Palace,1,3,A
15/12/2024,16:30,Man City,Man United,1,2,A
15/12/2024,19:00,Chelsea,Brentford,2,1,H
15/12/2024,,Southampton,Tottenham,0,5,A
16/12/2024,20:00,Bournemouth,West Ham,1,1,D
21/12/2024,12:30,Aston Villa,Man City,2,1,H
21/12/2024,15:00,Brentford,Nottingham Forest,0,2,A
21/12/2024,,Ipswich Town,Newcastle,0,4,A
21/12/2024,,West Ham,Brighton,1,1,D
21/12/2024,17:30,Crystal Palace,Arsenal,1,5,A
22/12/2024,14:00,Everton,Chelsea,0,0,D
22/12/2024,,Fulham,Southampton,0,0,D
22/12/2024,,Leicester,Wolves,0,3,A
22/12/2024,,Man United,Bournemouth,0,3,A
22/12/2024,16:30,Tottenham,Liverpool,3,6,A
26/12/2024,12:30,Man City,Everton,1,1,D
26/12/2024,15:00,Bournemouth,Crystal Palace,0,0,D
26/12/2024,,Chelsea,Fulham,1,2,A
26/12/2024,,Newcastle,Aston Villa,3,0,H
26/12/2024,,Nottingham Forest,Tottenham,1,0,H
26/12/2024,,Southampton,West Ham,0,1,A
26/12/2024,17:30,Wolves,Man United,2,0,H
26/12/2024,20:00,Liverpool,Leicester,3,1,H
27/12/2024,19:30,Brighton,Brentford,0,0,D
27/12/2024,20:15,Arsenal,Ipswich Town,1,0,H
29/12/2024,14:30,Leicester,Man City,0,2,A
29/12/2024,15:00,Crystal Palace,Southampton,2,1,H
29/12/2024,,Everton,Nottingham Forest,0,2,A
29/12/2024,,Fulham,Bournemouth,2,2,D
29/12/2024,,Tottenham,Wolves,2,2,D
29/12/2024,17:15,West Ham,Liverpool,0,5,A
30/12/2024,19:45,Aston Villa,Brighton,2,2,D
30/12/2024,,Ipswich Town,Chelsea,2,0,H
30/12/2024,20:00,Man United,Newcastle,0,2,A
01/01/2025,17:30,Brentford,Arsenal,1,3,A
04/01/2025,12:30,Tottenham,Newcastle,1,2,A
04/01/2025,15:00,Southampton,Brentford,0,5,A
04/01/2025,,Crystal Palace,Chelsea,1,1,D
04/01/2025,,Bournemouth,Everton,1,0,H
04/01/2025,,Aston Villa,Leicester,2,1,H
04/01/2025,,Man City,West Ham,4,1,H
04/01/2025,17:30,Brighton,Arsenal,1,1,D
05/01/2025,14:00,Fulham,Ipswich Town,2,2,D
05/01/2025,16:30,Liverpool,Man United,2,2,D
06/01/2025,20:00,Wolves,Nottingham Forest,0,3,A
14/01/2025,19:30,West Ham,Fulham,3,2,H
14/01/2025,,Brentford,Man City,2,2,D
14/01/2025,,Chelsea,Bournemouth,2,2,D
14/01/2025,20:00,Nottingham Forest,Liverpool,1,1,D
15/01/2025,19:30,Everton,Aston Villa,0,1,A
15/01/2025,,Leicester,Crystal Palace,0,2,A
15/01/2025,,Newcastle,Wolves,3,0,H
15/01/2025,20:00,Arsenal,Tottenham,2,1,H
16/01/2025,19:30,Ipswich Town,Brighton,0,2,A
16/01/2025,20:00,Man United,Southampton,3,1,H
18/01/2025,12:30,Newcastle,Bournemouth,1,4,A
18/01/2025,15:00,West Ham,Crystal Palace,0,2,A
18/01/2025,,Leicester,Fulham,0,2,A
18/01/2025,,Brentford,Liverpool,0,2,A
18/01/2025,17:30,Arsenal,Aston Villa,2,2,D
19/01/2025,14:00,Man United,Brighton,1,3,A
19/01/2025,,Nottingham Forest,Southampton,3,2,H
19/01/2025,,Everton,Tottenham,3,2,H
19/01/2025,16:30,Ipswich Town,Man City,0,6,A
20/01/2025,20:00,Chelsea,Wolves,3,1,H
25/01/2025,15:00,Liverpool,Ipswich Town,4,1,H
25/01/2025,,Wolves,Arsenal,0,1,A
25/01/2025,,Brighton,Everton,0,1,A
25/01/2025,,Southampton,Newcastle,1,3,A
25/01/2025,,Bournemouth,Nottingham Forest,5,0,H
25/01/2025,17:30,Man City,Chelsea,3,1,H
26/01/2025,14:00,Crystal Palace,Brentford,1,2,A
26/01/2025,,Tottenham,Leicester,1,2,A
26/01/2025,16:30,Aston Villa,West Ham,1,1,D
26/01/2025,19:00,Fulham,Man United,0,1,A
01/02/2025,12:30,Nottingham Forest,Brighton,7,0,H
01/02/2025,15:00,Newcastle,Fulham,1,2,A
01/02/2025,,Everton,Leicester,4,0,H
01/02/2025,,Bournemouth,Liverpool,0,2,A
01/02/2025,,Ipswich Town,Southampton,1,2,A
01/02/2025,17:30,Wolves,Aston Villa,2,0,H
02/02/2025,14:00,Man United,Crystal Palace,0,2,A
02/02/2025,,Brentford,Tottenham,0,2,A
02/02/2025,16:30,Arsenal,Man City,5,1,H
03/02/2025,20:00,Chelsea,West Ham,2,1,H
12/02/2025,19:30,Everton,Liverpool,2,2,D
14/02/2025,20:00,Brighton,Chelsea,3,0,H
15/02/2025,12:30,Leicester,Arsenal,0,2,A
15/02/2025,15:00,Southampton,Bournemouth,1,3,A
15/02/2025,,West Ham,Brentford,0,1,A
15/02/2025,,Aston Villa,Ipswich Town,1,1,D
15/02/2025,,Man City,Newcastle,4,0,H
15/02/2025,,Fulham,Nottingham Forest,2,1,H
15/02/2025,17:30,Crystal Palace,Everton,1,2,A
16/02/2025,14:00,Liverpool,Wolves,2,1,H
16/02/2025,16:30,Tottenham,Man United,1,0,H
19/02/2025,19:30,Aston Villa,Liverpool,2,2,D
21/02/2025,20:00,Leicester,Brentford,0,4,A
22/02/2025,12:30,Everton,Man United,2,2,D
22/02/2025,15:00,Ipswich Town,Tottenham,1,4,A
22/02/2025,,Fulham,Crystal Palace,0,2,A
22/02/2025,,Arsenal,West Ham,0,1,A
22/02/2025,,Bournemouth,Wolves,0,1,A
22/02/2025,,Southampton,Brighton,0,4,A
22/02/2025,17:30,Aston Villa,Chelsea,2,1,H
23/02/2025,14:00,Newcastle,Nottingham Forest,4,3,H
23/02/2025,16:30,Man City,Liverpool,0,2,A
25/02/2025,19:30,Brighton,Bournemouth,2,1,H
25/02/2025,,Crystal Palace,Aston Villa,4,1,H
25/02/2025,,Wolves,Fulham,1,2,A
25/02/2025,20:15,Chelsea,Southampton,4,0,H
26/02/2025,19:30,Nottingham Forest,Arsenal,0,0,D
26/02/2025,,Brentford,Everton,1,1,D
26/02/2025,,Tottenham,Man City,0,1,A
26/02/2025,,Man United,Ipswich Town,3,2,H
26/02/2025,20:15,Liverpool,Newcastle,2,0,H
27/02/2025,20:00,West Ham,Leicester,2,0,H
08/03/2025,12:30,Nottingham Forest,Man City,1,0,H
08/03/2025,15:00,Brighton,Fulham,2,1,H
08/03/2025,,Crystal Palace,Ipswich Town,1,0,H
08/03/2025,,Liverpool,Southampton,3,1,H
08/03/2025,17:30,Brentford,Aston Villa,0,1,A
08/03/2025,20:00,Wolves,Everton,1,1,D
09/03/2025,14:00,Tottenham,Bournemouth,2,2,D
09/03/2025,,Chelsea,Leicester,1,0,H
09/03/2025,16:30,Man United,Arsenal,1,1,D
10/03/2025,20:00,West Ham,Newcastle,0,1,A
15/03/2025,15:00,Everton,West Ham,1,1,D
15/03/2025,,Ipswich Town,Nottingham Forest,2,4,A
15/03/2025,,Man City,Brighton,2,2,D
15/03/2025,,Southampton,Wolves,1,2,A
15/03/2025,17:30,Bournemouth,Brentford,1,2,A
16/03/2025,13:30,Arsenal,Chelsea,1,0,H
16/03/2025,,Fulham,Tottenham,2,0,H
16/03/2025,19:00,Leicester,Man United,0,3,A
01/04/2025,19:45,Arsenal,Fulham,2,1,H
01/04/2025,,Wolves,West Ham,1,0,H
01/04/2025,20:00,Nottingham Forest,Man United,1,0,H
02/04/2025,19:45,Bournemouth,Ipswich Town,1,2,A
02/04/2025,,Brighton,Aston Villa,0,3,A
02/04/2025,,Man City,Leicester,2,0,H
02/04/2025,,Newcastle,Brentford,2,1,H
02/04/2025,,Southampton,Crystal Palace,1,1,D
02/04/2025,20:00,Liverpool,Everton,1,0,H
03/04/2025,20:00,Chelsea,Tottenham,1,0,H
05/04/2025,12:30,Everton,Arsenal,1,1,D
05/04/2025,15:00,Crystal Palace,Brighton,2,1,H
05/04/2025,,Ipswich Town,Wolves,1,2,A
05/04/2025,,West Ham,Bournemouth,2,2,D
05/04/2025,17:30,Aston Villa,Nottingham Forest,2,1,H
06/04/2025,14:00,Brentford,Chelsea,0,0,D
06/04/2025,,Fulham,Liverpool,3,2,H
06/04/2025,,Tottenham,Southampton,3,1,H
06/04/2025,16:30,Man United,Man City,0,0,D
07/04/2025,20:00,Leicester,Newcastle,0,3,A
12/04/2025,12:30,Man City,Crystal Palace,5,2,H
12/04/2025,15:00,Brighton,Leicester,2,2,D
12/04/2025,,Nottingham Forest,Everton,0,1,A
12/04/2025,,Southampton,Aston Villa,0,3,A
12/04/2025,17:30,Arsenal,Brentford,1,1,D
13/04/2025,14:00,Chelsea,Ipswich Town,2,2,D
13/04/2025,,Liverpool,West Ham,2,1,H
13/04/2025,,Wolves,Tottenham,4,2,H
13/04/2025,16:30,Newcastle,Man United,4,1,H
14/04/2025,20:00,Bournemouth,Fulham,1,0,H
16/04/2025,19:30,Newcastle,Crystal Palace,5,0,H
19/04/2025,15:00,Brentford,Brighton,4,2,H
19/04/2025,,Crystal Palace,Bournemouth,0,0,D
19/04/2025,,Everton,Man City,0,2,A
19/04/2025,,West Ham,Southampton,1,1,D
19/04/2025,17:30,Aston Villa,Newcastle,4,1,H
20/04/2025,14:00,Fulham,Chelsea,1,2,A
20/04/2025,,Ipswich Town,Arsenal,0,4,A
20/04/2025,,Man United,Wolves,0,1,A
20/04/2025,16:30,Leicester,Liverpool,0,1,A
21/04/2025,20:00,Tottenham,Nottingham Forest,1,2,A
22/04/2025,20:00,Man City,Aston Villa,2,1,H
23/04/2025,20:00,Arsenal,Crystal Palace,2,2,D
26/04/2025,12:30,Chelsea,Everton,1,0,H
26/04/2025,15:00,Brighton,West Ham,3,2,H
26/04/2025,,Newcastle,Ipswich Town,3,0,H
26/04/2025,,Southampton,Fulham,1,2,A
26/04/2025,,Wolves,Leicester,3,0,H
27/04/2025,14:00,Bournemouth,Man United,1,1,D
27/04/2025,16:30,Liverpool,Tottenham,5,1,H
01/05/2025,19:30,Nottingham Forest,Brentford,0,2,A
02/05/2025,20:00,Man City,Wolves,1,0,H
03/05/2025,12:30,Aston Villa,Fulham,1,0,H
03/05/2025,15:00,Everton,Ipswich Town,2,2,D
03/05/2025,,Leicester,Southampton,2,0,H
03/05/2025,17:30,Arsenal,Bournemouth,1,2,A
04/05/2025,14:00,Brentford,Man United,4,3,H
04/05/2025,,Brighton,Newcastle,1,1,D
04/05/2025,,West Ham,Tottenham,1,1,D
04/05/2025,16:30,Chelsea,Liverpool,3,1,H
05/05/2025,20:00,Crystal Palace,Nottingham Forest,1,1,D
10/05/2025,15:00,Fulham,Everton,1,3,A
10/05/2025,,Ipswich Town,Brentford,0,1,A
10/05/2025,,Southampton,Man City,0,0,D
10/05/2025,,Wolves,Brighton,0,2,A
10/05/2025,17:30,Bournemouth,Aston Villa,0,1,A
11/05/2025,12:00,Newcastle,Chelsea,2,0,H
11/05/2025,14:15,Man United,West Ham,0,2,A
11/05/2025,,Nottingham Forest,Leicester,2,2,D
11/05/2025,,Tottenham,Crystal Palace,0,2,A
11/05/2025,16:30,Liverpool,Arsenal,2,2,D
16/05/2025,19:30,Aston Villa,Tottenham,2,0,H
16/05/2025,20:15,Chelsea,Man United,1,0,H
18/05/2025,12:00,Everton,Southampton,2,0,H
18/05/2025,14:15,West Ham,Nottingham Forest,1,2,A
18/05/2025,15:00,Brentford,Fulham,2,3,A
18/05/2025,,Leicester,Ipswich Town,2,0,H
18/05/2025,16:30,Arsenal,Newcastle,1,0,H
19/05/2025,20:00,Brighton,Liverpool,3,2,H
20/05/2025,20:00,Crystal Palace,Wolves,4,2,H
20/05/2025,,Man City,Bournemouth,3,1,H
25/05/2025,16:00,Bournemouth,Leicester,2,0,H
25/05/2025,,Fulham,Man City,0,2,A
25/05/2025,,Ipswich Town,West Ham,1,3,A
25/05/2025,,Liverpool,Crystal Palace,1,1,D
25/05/2025,,Man United,Aston Villa,2,0,H
25/05/2025,,Newcastle,Everton,0,1,A
25/05/2025,,Nottingham Forest,Chelsea,0,1,A
25/05/2025,,Southampton,Arsenal,1,2,A
25/05/2025,,Tottenham,Brighton,1,4,A
25/05/2025,,Wolves,Brentford,1,1,D
15/08/2025,19:00,Liverpool,Bournemouth,4,2,H
16/08/2025,12:30,Aston Villa,Newcastle,0,0,D
16/08/2025,14:00,Sunderland,West Ham,3,0,H
16/08/2025,15:00,Brighton,Fulham,1,1,D
16/08/2025,15:00,Tottenham,Burnley,3,0,H
16/08/2025,17:30,Wolves,Man City,0,4,A
17/08/2025,14:00,Chelsea,Crystal Palace,0,0,D
17/08/2025,14:00,Nottingham Forest,Brentford,3,1,H
17/08/2025,16:30,Man United,Arsenal,0,1,A
18/08/2025,20:00,Leeds,Everton,1,0,H
22/08/2025,20:00,West Ham,Chelsea,1,5,A
23/08/2025,12:30,Man City,Tottenham,0,2,A
23/08/2025,15:00,Burnley,Sunderland,2,0,H
23/08/2025,15:00,Brentford,Aston Villa,1,0,H
23/08/2025,15:00,Bournemouth,Wolves,1,0,H
23/08/2025,17:30,Arsenal,Leeds,5,0,H
24/08/2025,14:00,Crystal Palace,Nottingham Forest,1,1,D
24/08/2025,13:00,Everton,Brighton,2,0,H
24/08/2025,16:30,Fulham,Man United,1,1,D
25/08/2025,20:00,Newcastle,Liverpool,2,3,A
30/08/2025,12:30,Chelsea,Fulham,2,0,H
30/08/2025,15:00,Tottenham,Bournemouth,0,1,A
30/08/2025,14:00,Sunderland,Brentford,2,1,H
30/08/2025,15:00,Man United,Burnley,3,2,H
30/08/2025,15:00,Wolves,Everton,2,3,A
30/08/2025,17:30,Leeds,Newcastle,0,0,D
31/08/2025,14:00,Brighton,Man City,2,1,H
31/08/2025,14:00,Nottingham Forest,West Ham,0,3,A
31/08/2025,15:30,Liverpool,Arsenal,1,0,H
31/08/2025,19:00,Aston Villa,Crystal Palace,0,3,A
13/09/2025,12:30,Arsenal,Nottingham Forest,3,0,H
13/09/2025,15:00,Newcastle,Wolves,1,0,H
13/09/2025,15:00,Bournemouth,Brighton,2,1,H
13/09/2025,15:00,Crystal Palace,Sunderland,0,0,D
13/09/2025,15:00,Fulham,Leeds,1,0,H
13/09/2025,14:00,Everton,Aston Villa,0,0,D
13/09/2025,17:30,West Ham,Tottenham,0,3,A
13/09/2025,20:00,Brentford,Chelsea,2,2,D
14/09/2025,14:00,Burnley,Liverpool,0,1,A
14/09/2025,16:30,Man City,Man United,3,0,H
20/09/2025,11:30,Liverpool,Everton,2,1,H
20/09/2025,15:00,Burnley,Nottingham Forest,1,1,D
20/09/2025,15:00,Brighton,Tottenham,2,2,D
20/09/2025,15:00,Wolves,Leeds,1,3,A
20/09/2025,15:00,West Ham,Crystal Palace,1,2,A
20/09/2025,17:30,Man United,Chelsea,2,1,H
20/09/2025,20:00,Fulham,Brentford,3,1,H
21/09/2025,13:00,Sunderland,Aston Villa,1,1,D
21/09/2025,14:00,Bournemouth,Newcastle,0,0,D
21/09/2025,16:30,Arsenal,Man City,1,1,D
27/09/2025,12:30,Brentford,Man United,3,1,H
27/09/2025,15:00,Crystal Palace,Liverpool,2,1,H
27/09/2025,15:00,Chelsea,Brighton,1,3,A
27/09/2025,15:00,Man City,Burnley,5,1,H
27/09/2025,15:00,Leeds,Bournemouth,2,2,D
27/09/2025,17:30,Nottingham Forest,Sunderland,0,1,A
27/09/2025,20:00,Tottenham,Wolves,1,1,D
28/09/2025,14:00,Aston Villa,Fulham,3,1,H
28/09/2025,16:30,Newcastle,Arsenal,1,2,A
29/09/2025,19:00,Everton,West Ham,1,1,D
03/10/2025,20:00,Bournemouth,Fulham,3,1,H
04/10/2025,12:30,Leeds,Tottenham,1,2,A
04/10/2025,15:00,Man United,Sunderland,2,0,H
04/10/2025,15:00,Arsenal,West Ham,2,0,H
04/10/2025,17:30,Chelsea,Liverpool,2,1,H
05/10/2025,14:00,Newcastle,Nottingham Forest,2,0,H
05/10/2025,14:00,Aston Villa,Burnley,2,1,H
05/10/2025,14:00,Wolves,Brighton,1,1,D
05/10/2025,13:00,Everton,Crystal Palace,2,1,H
05/10/2025,16:30,Brentford,Man City,0,1,A
18/10/2025,12:30,Nottingham Forest,Chelsea,0,3,A
18/10/2025,14:00,Sunderland,Wolves,2,0,H
18/10/2025,15:00,Brighton,Newcastle,2,1,H
18/10/2025,15:00,Man City,Everton,2,0,H
18/10/2025,15:00,Crystal Palace,Bournemouth,3,3,D
18/10/2025,15:00,Burnley,Leeds,2,0,H
18/10/2025,17:30,Fulham,Arsenal,0,1,A
19/10/2025,14:00,Tottenham,Aston Villa,1,2,A
19/10/2025,15:30,Liverpool,Man United,1,2,A
20/10/2025,20:00,West Ham,Brentford,0,2,A
24/10/2025,20:00,Leeds,West Ham,2,1,H
25/10/2025,15:00,Chelsea,Sunderland,1,2,A
25/10/2025,15:00,Newcastle,Fulham,2,1,H
25/10/2025,17:30,Man United,Brighton,4,2,H
25/10/2025,20:00,Brentford,Liverpool,3,2,H
26/10/2025,14:00,Aston Villa,Man City,1,0,H
26/10/2025,14:00,Arsenal,Crystal Palace,1,0,H
26/10/2025,14:00,Wolves,Burnley,2,3,A
26/10/2025,14:00,Bournemouth,Nottingham Forest,2,0,H
26/10/2025,16:30,Everton,Tottenham,0,3,A
01/11/2025,15:00,Fulham,Wolves,3,0,H
01/11/2025,15:00,Crystal Palace,Brentford,2,0,H
01/11/2025,15:00,Nottingham Forest,Man United,2,2,D
01/11/2025,15:00,Burnley,Arsenal,0,2,A
01/11/2025,15:00,Brighton,Leeds,3,0,H
01/11/2025,17:30,Tottenham,Chelsea,0,1,A
01/11/2025,20:00,Liverpool,Aston Villa,2,0,H
02/11/2025,14:00,West Ham,Newcastle,3,1,H
02/11/2025,16:30,Man City,Bournemouth,3,1,H
03/11/2025,20:00,Sunderland,Everton,1,1,D
08/11/2025,12:30,Tottenham,Man United,2,2,D
08/11/2025,15:00,Everton,Fulham,2,0,H
08/11/2025,15:00,West Ham,Burnley,3,2,H
08/11/2025,17:30,Sunderland,Arsenal,2,2,D
08/11/2025,20:00,Chelsea,Wolves,3,0,H
09/11/2025,14:00,Nottingham Forest,Leeds,3,1,H
09/11/2025,14:00,Aston Villa,Bournemouth,4,0,H
09/11/2025,14:00,Brentford,Newcastle,3,1,H
09/11/2025,14:00,Crystal Palace,Brighton,0,0,D
09/11/2025,16:30,Man City,Liverpool,3,0,H
22/11/2025,12:30,Burnley,Chelsea,0,2,A
22/11/2025,15:00,Liverpool,Nottingham Forest,0,3,A
22/11/2025,15:00,Wolves,Crystal Palace,0,2,A
22/11/2025,15:00,Fulham,Sunderland,1,0,H
22/11/2025,15:00,Bournemouth,West Ham,2,2,D
22/11/2025,15:00,Brighton,Brentford,2,1,H
22/11/2025,17:30,Newcastle,Man City,2,1,H
23/11/2025,14:00,Leeds,Aston Villa,1,2,A
23/11/2025,16:30,Arsenal,Tottenham,4,1,H
24/11/2025,20:00,Man United,Everton,0,1,A
29/11/2025,15:00,Sunderland,Bournemouth,3,2,H
29/11/2025,15:00,Man City,Leeds,3,2,H
29/11/2025,15:00,Brentford,Burnley,3,1,H
29/11/2025,17:30,Everton,Newcastle,1,4,A
29/11/2025,20:00,Tottenham,Fulham,1,2,A
30/11/2025,12:00,Crystal Palace,Man United,1,2,A
30/11/2025,14:05,West Ham,Liverpool,0,2,A
30/11/2025,14:05,Aston Villa,Wolves,1,0,H
30/11/2025,14:05,Nottingham Forest,Brighton,0,2,A
30/11/2025,16:30,Chelsea,Arsenal,1,1,D
02/12/2025,19:30,Bournemouth,Everton,0,1,A
02/12/2025,19:30,Fulham,Man City,4,5,A
02/12/2025,20:15,Newcastle,Tottenham,2,2,D
03/12/2025,19:30,Wolves,Nottingham Forest,0,1,A
03/12/2025,19:30,Arsenal,Brentford,2,0,H
03/12/2025,19:30,Brighton,Aston Villa,3,4,A
03/12/2025,19:30,Burnley,Crystal Palace,0,1,A
03/12/2025,20:15,Leeds,Chelsea,3,1,H
03/12/2025,20:15,Liverpool,Sunderland,1,1,D
04/12/2025,20:00,Man United,West Ham,1,1,D
06/12/2025,12:30,Aston Villa,Arsenal,2,1,H
06/12/2025,15:00,Bournemouth,Chelsea,0,0,D
06/12/2025,15:00,Man City,Sunderland,3,0,H
06/12/2025,15:00,Everton,Nottingham Forest,3,0,H
06/12/2025,15:00,Tottenham,Brentford,2,0,H
06/12/2025,15:00,Newcastle,Burnley,2,1,H
06/12/2025,17:30,Leeds,Liverpool,3,3,D
07/12/2025,14:00,Brighton,West Ham,1,1,D
07/12/2025,16:30,Fulham,Crystal Palace,1,2,A
08/12/2025,20:00,Wolves,Man United,1,4,A
13/12/2025,15:00,Chelsea,Everton,2,0,H
13/12/2025,15:00,Liverpool,Brighton,2,0,H
13/12/2025,17:30,Burnley,Fulham,2,3,A
13/12/2025,20:00,Arsenal,Wolves,2,1,H
14/12/2025,14:00,Nottingham Forest,Tottenham,3,0,H
14/12/2025,14:00,Sunderland,Newcastle,1,0,H
14/12/2025,14:00,Crystal Palace,Man City,0,3,A
14/12/2025,14:00,West Ham,Aston Villa,2,3,A
14/12/2025,16:30,Brentford,Leeds,1,1,D
15/12/2025,20:00,Man United,Bournemouth,4,4,D
20/12/2025,12:30,Newcastle,Chelsea,2,2,D
20/12/2025,15:00,Bournemouth,Burnley,1,1,D
20/12/2025,15:00,Wolves,Brentford,0,2,A
20/12/2025,15:00,Brighton,Sunderland,0,0,D
20/12/2025,15:00,Man City,West Ham,3,0,H
20/12/2025,17:30,Tottenham,Liverpool,1,2,A
20/12/2025,20:00,Leeds,Crystal Palace,4,1,H
20/12/2025,20:00,Everton,Arsenal,0,1,A
21/12/2025,16:30,Aston Villa,Man United,2,1,H
22/12/2025,20:00,Fulham,Nottingham Forest,1,0,H
26/12/2025,20:00,Man United,Newcastle,1,0,H
27/12/2025,12:30,Nottingham Forest,Man City,1,2,A
27/12/2025,15:00,West Ham,Fulham,0,1,A
27/12/2025,15:00,Brentford,Bournemouth,4,1,H
27/12/2025,15:00,Arsenal,Brighton,2,1,H
27/12/2025,15:00,Liverpool,Wolves,2,1,H
27/12/2025,15:00,Burnley,Everton,0,0,D
27/12/2025,17:30,Chelsea,Aston Villa,1,2,A
28/12/2025,14:00,Sunderland,Leeds,1,1,D
28/12/2025,16:30,Crystal Palace,Tottenham,0,1,A
30/12/2025,19:30,Burnley,Newcastle,1,3,A
30/12/2025,19:30,West Ham,Brighton,2,2,D
30/12/2025,19:30,Nottingham Forest,Everton,0,2,A
30/12/2025,19:30,Chelsea,Bournemouth,2,2,D
30/12/2025,20:15,Man United,Wolves,1,1,D
30/12/2025,20:15,Arsenal,Aston Villa,4,1,H
01/01/2026,17:30,Liverpool,Leeds,0,0,D
01/01/2026,17:30,Crystal Palace,Fulham,1,1,D
01/01/2026,20:00,Sunderland,Man City,0,0,D
01/01/2026,20:00,Brentford,Tottenham,0,0,D
03/01/2026,12:30,Aston Villa,Nottingham Forest,3,1,H
03/01/2026,15:00,Wolves,West Ham,3,0,H
03/01/2026,15:00,Brighton,Burnley,2,0,H
03/01/2026,17:30,Bournemouth,Arsenal,2,3,A
04/01/2026,12:30,Leeds,Man United,1,1,D
04/01/2026,15:00,Tottenham,Sunderland,1,1,D
04/01/2026,15:00,Newcastle,Crystal Palace,2,0,H
04/01/2026,15:00,Everton,Brentford,2,4,A
04/01/2026,15:15,Fulham,Liverpool,2,2,D
04/01/2026,17:30,Man City,Chelsea,1,1,D
06/01/2026,20:00,West Ham,Nottingham Forest,1,2,A
07/01/2026,19:30,Fulham,Chelsea,2,1,H
07/01/2026,19:30,Brentford,Sunderland,3,0,H
07/01/2026,19:30,Bournemouth,Tottenham,3,2,H
07/01/2026,19:30,Man City,Brighton,1,1,D
07/01/2026,19:30,Everton,Wolves,1,1,D
07/01/2026,19:30,Crystal Palace,Aston Villa,0,0,D
07/01/2026,20:15,Burnley,Man United,2,2,D
07/01/2026,20:15,Newcastle,Leeds,4,3,H
08/01/2026,20:00,Arsenal,Liverpool,0,0,D
17/01/2026,12:30,Man United,Man City,2,0,H
17/01/2026,15:00,Tottenham,West Ham,1,2,A
17/01/2026,15:00,Leeds,Fulham,1,0,H
17/01/2026,15:00,Chelsea,Brentford,2,0,H
17/01/2026,15:00,Sunderland,Crystal Palace,2,1,H
17/01/2026,15:00,Liverpool,Burnley,1,1,D
17/01/2026,17:30,Nottingham Forest,Arsenal,0,0,D
18/01/2026,14:00,Wolves,Newcastle,0,0,D
18/01/2026,16:30,Aston Villa,Everton,0,1,A
19/01/2026,20:00,Brighton,Bournemouth,1,1,D
24/01/2026,12:30,West Ham,Sunderland,3,1,H
24/01/2026,15:00,Man City,Wolves,2,0,H
24/01/2026,15:00,Fulham,Brighton,2,1,H
24/01/2026,15:00,Burnley,Tottenham,2,2,D
24/01/2026,17:30,Bournemouth,Liverpool,3,2,H
25/01/2026,14:00,Brentford,Nottingham Forest,0,2,A
25/01/2026,14:00,Newcastle,Aston Villa,0,2,A
25/01/2026,14:00,Crystal Palace,Chelsea,1,3,A
25/01/2026,16:30,Arsenal,Man United,2,3,A
26/01/2026,20:00,Everton,Leeds,1,1,D
31/01/2026,15:00,Leeds,Arsenal,0,4,A
31/01/2026,15:00,Brighton,Everton,1,1,D
31/01/2026,15:00,Wolves,Bournemouth,0,2,A
31/01/2026,17:30,Chelsea,West Ham,3,2,H
31/01/2026,20:00,Liverpool,Newcastle,4,1,H
01/02/2026,14:00,Nottingham Forest,Crystal Palace,1,1,D
01/02/2026,14:00,Man United,Fulham,3,2,H
01/02/2026,14:00,Aston Villa,Brentford,0,1,A
01/02/2026,16:30,Tottenham,Man City,2,2,D
02/02/2026,20:00,Sunderland,Burnley,3,0,H
06/02/2026,20:00,Leeds,Nottingham Forest,3,1,H
07/02/2026,12:30,Man United,Tottenham,2,0,H
07/02/2026,15:00,Burnley,West Ham,0,2,A
07/02/2026,15:00,Fulham,Everton,1,2,A
07/02/2026,15:00,Wolves,Chelsea,1,3,A
07/02/2026,15:00,Bournemouth,Aston Villa,1,1,D
07/02/2026,15:00,Arsenal,Sunderland,3,0,H
07/02/2026,17:30,Newcastle,Brentford,2,3,A
08/02/2026,14:00,Brighton,Crystal Palace,0,1,A
08/02/2026,16:30,Liverpool,Man City,1,2,A
10/02/2026,19:30,Chelsea,Leeds,2,2,D
10/02/2026,19:30,Tottenham,Newcastle,1,2,A
10/02/2026,19:30,Everton,Bournemouth,1,2,A
10/02/2026,20:15,West Ham,Man United,1,1,D
11/02/2026,19:30,Aston Villa,Brighton,1,0,H
11/02/2026,19:30,Man City,Fulham,3,0,H
11/02/2026,19:30,Nottingham Forest,Wolves,0,0,D
11/02/2026,19:40,Crystal Palace,Burnley,2,3,A
11/02/2026,20:15,Sunderland,Liverpool,0,1,A
12/02/2026,20:00,Brentford,Arsenal,1,1,D
18/02/2026,20:00,Wolves,Arsenal,2,2,D
21/02/2026,15:00,Aston Villa,Leeds,1,1,D
21/02/2026,15:00,Chelsea,Burnley,1,1,D
21/02/2026,15:00,Brentford,Brighton,0,2,A
21/02/2026,17:30,West Ham,Bournemouth,0,0,D
21/02/2026,20:00,Man City,Newcastle,2,1,H
22/02/2026,14:00,Nottingham Forest,Liverpool,0,1,A
22/02/2026,14:00,Sunderland,Fulham,1,3,A
22/02/2026,14:00,Crystal Palace,Wolves,1,0,H
22/02/2026,16:30,Tottenham,Arsenal,1,4,A
23/02/2026,20:00,Everton,Man United,0,1,A
27/02/2026,20:00,Wolves,Aston Villa,2,0,H
28/02/2026,12:30,Bournemouth,Sunderland,1,1,D
28/02/2026,15:00,Burnley,Brentford,3,4,A
28/02/2026,15:00,Liverpool,West Ham,5,2,H
28/02/2026,15:00,Newcastle,Everton,2,3,A
28/02/2026,17:30,Leeds,Man City,0,1,A
01/03/2026,14:00,Man United,Crystal Palace,2,1,H
01/03/2026,14:00,Brighton,Nottingham Forest,2,1,H
01/03/2026,14:00,Fulham,Tottenham,2,1,H
01/03/2026,16:30,Arsenal,Chelsea,2,1,H
03/03/2026,19:30,Everton,Burnley,2,0,H
03/03/2026,19:30,Bournemouth,Brentford,0,0,D
03/03/2026,19:30,Leeds,Sunderland,0,1,A
03/03/2026,20:15,Wolves,Liverpool,2,1,H
04/03/2026,19:30,Man City,Nottingham Forest,2,2,D
04/03/2026,19:30,Fulham,West Ham,0,1,A
04/03/2026,19:30,Brighton,Arsenal,0,1,A
04/03/2026,19:30,Aston Villa,Chelsea,1,4,A
04/03/2026,20:15,Newcastle,Man United,2,1,H
05/03/2026,20:00,Tottenham,Crystal Palace,1,3,A
14/03/2026,15:00,Sunderland,Brighton,0,1,A
14/03/2026,15:00,Burnley,Bournemouth,0,0,D
14/03/2026,17:30,Chelsea,Newcastle,0,1,A
14/03/2026,17:30,Arsenal,Everton,2,0,H
14/03/2026,20:00,West Ham,Man City,1,1,D
15/03/2026,14:00,Man United,Aston Villa,3,1,H
15/03/2026,14:00,Crystal Palace,Leeds,0,0,D
15/03/2026,14:00,Nottingham Forest,Fulham,0,0,D
15/03/2026,16:30,Liverpool,Tottenham,1,1,D
16/03/2026,20:00,Brentford,Wolves,2,2,D
20/03/2026,20:00,Bournemouth,Man United,2,2,D
21/03/2026,12:45,Brighton,Liverpool,2,1,H
21/03/2026,15:00,Fulham,Burnley,3,1,H
21/03/2026,17:30,Everton,Chelsea,3,0,H
21/03/2026,20:00,Leeds,Brentford,0,0,D
22/03/2026,12:00,Newcastle,Sunderland,1,2,A
22/03/2026,14:15,Tottenham,Nottingham Forest,0,3,A
22/03/2026,14:15,Aston Villa,West Ham,2,0,H
10/04/2026,20:00,West Ham,Wolves,4,0,H
11/04/2026,12:30,Arsenal,Bournemouth,1,2,A
11/04/2026,15:00,Burnley,Brighton,0,2,A
11/04/2026,15:00,Brentford,Everton,2,2,D
11/04/2026,16:30,Liverpool,Fulham,2,0,H
12/04/2026,14:00,Crystal Palace,Newcastle,2,1,H
12/04/2026,14:00,Nottingham Forest,Aston Villa,1,1,D
12/04/2026,13:00,Sunderland,Tottenham,1,0,H
12/04/2026,16:30,Chelsea,Man City,0,3,A
13/04/2026,20:00,Man United,Leeds,1,2,A
18/04/2026,12:30,Brentford,Fulham,0,0,D
18/04/2026,15:00,Leeds,Wolves,3,0,H
18/04/2026,15:00,Newcastle,Bournemouth,1,2,A
18/04/2026,17:30,Tottenham,Brighton,2,2,D
18/04/2026,20:00,Chelsea,Man United,0,1,A
19/04/2026,14:00,Aston Villa,Sunderland,4,3,H
19/04/2026,13:00,Everton,Liverpool,1,2,A
19/04/2026,14:00,Nottingham Forest,Burnley,4,1,H
19/04/2026,16:30,Man City,Arsenal,2,1,H
20/04/2026,20:00,Crystal Palace,West Ham,0,0,D
21/04/2026,20:00,Brighton,Chelsea,3,0,H
22/04/2026,20:00,Bournemouth,Leeds,2,2,D
22/04/2026,20:00,Burnley,Man City,0,1,A
24/04/2026,19:00,Sunderland,Nottingham Forest,0,5,A
25/04/2026,12:30,Fulham,Aston Villa,1,0,H
25/04/2026,14:00,Liverpool,Crystal Palace,3,1,H
25/04/2026,15:00,Wolves,Tottenham,0,1,A
25/04/2026,15:00,West Ham,Everton,2,1,H
25/04/2026,17:30,Arsenal,Newcastle,1,0,H
27/04/2026,20:00,Man United,Brentford,2,1,H
01/05/2026,20:00,Leeds,Burnley,3,1,H
02/05/2026,15:00,Newcastle,Brighton,3,1,H
02/05/2026,15:00,Brentford,West Ham,3,0,H
02/05/2026,15:00,Wolves,Sunderland,1,1,D
02/05/2026,17:30,Arsenal,Fulham,3,0,H
03/05/2026,14:00,Bournemouth,Crystal Palace,3,0,H
03/05/2026,15:30,Man United,Liverpool,3,2,H
03/05/2026,19:00,Aston Villa,Tottenham,1,2,A
04/05/2026,15:00,Chelsea,Nottingham Forest,1,3,A
04/05/2026,19:00,Everton,Man City,3,3,D
09/05/2026,11:30,Liverpool,Chelsea,1,1,D
09/05/2026,14:00,Sunderland,Man United,0,0,D
09/05/2026,15:00,Brighton,Wolves,3,0,H
09/05/2026,15:00,Fulham,Bournemouth,0,1,A
09/05/2026,17:30,Man City,Brentford,3,0,H
10/05/2026,14:00,Nottingham Forest,Newcastle,1,1,D
10/05/2026,14:00,Burnley,Aston Villa,2,2,D
10/05/2026,14:00,Crystal Palace,Everton,2,2,D
10/05/2026,16:30,West Ham,Arsenal,0,1,A
11/05/2026,20:00,Tottenham,Leeds,1,1,D
13/05/2026,20:00,Man City,Crystal Palace,3,0,H
15/05/2026,20:00,Aston Villa,Liverpool,4,2,H
17/05/2026,12:30,Man United,Nottingham Forest,3,2,H
17/05/2026,15:00,Brentford,Crystal Palace,2,2,D
17/05/2026,15:00,Wolves,Fulham,1,1,D
17/05/2026,14:00,Everton,Sunderland,1,3,A
17/05/2026,15:00,Leeds,Brighton,1,0,H
17/05/2026,17:30,Newcastle,West Ham,3,1,H
18/05/2026,20:00,Arsenal,Burnley,1,0,H
19/05/2026,19:30,Bournemouth,Man City,1,1,D
19/05/2026,20:15,Chelsea,Tottenham,2,1,H
24/05/2026,15:00,Sunderland,Chelsea,2,1,H
24/05/2026,16:00,Nottingham Forest,Bournemouth,1,1,D
24/05/2026,16:00,Brighton,Man United,0,3,A
24/05/2026,15:00,Liverpool,Brentford,1,1,D
24/05/2026,16:00,Crystal Palace,Arsenal,1,2,A
24/05/2026,16:00,Man City,Aston Villa,1,2,A
24/05/2026,16:00,Fulham,Newcastle,2,0,H
24/05/2026,16:00,West Ham,Leeds,3,0,H
24/05/2026,16:00,Tottenham,Everton,1,0,H
24/05/2026,16:00,Burnley,Wolves,1,1,D
21/08/2026,20:00,Arsenal,Coventry City,3,0,H
22/08/2026,12:30,Hull City,Man United,2,0,H
22/08/2026,15:00,Ipswich Town,Sunderland,2,1,H
22/08/2026,,Nottingham Forest,Leeds,0,1,A
22/08/2026,,Everton,Crystal Palace,2,0,H
22/08/2026,17:30,Brentford,Tottenham,3,0,H
23/08/2026,14:00,Man City,Bournemouth,2,1,H
23/08/2026,,Brighton,Aston Villa,4,0,H
23/08/2026,16:30,Newcastle,Liverpool,2,2,D
24/08/2026,20:00,Fulham,Chelsea,2,3,A
28/08/2026,20:00,Crystal Palace,Man City,1,4,A
29/08/2026,12:30,Liverpool,Nottingham Forest,2,2,D
29/08/2026,15:00,Bournemouth,Everton,1,1,D
29/08/2026,,Coventry City,Hull City,0,1,A
29/08/2026,17:30,Tottenham,Newcastle,0,2,A
30/08/2026,14:00,Sunderland,Fulham,1,0,H
30/08/2026,,Chelsea,Brighton,4,3,H
30/08/2026,,Leeds,Brentford,1,1,D
30/08/2026,16:30,Man United,Ipswich Town,5,2,H
31/08/2026,20:00,Aston Villa,Arsenal,0,1,A
