Date,HomeTeam,AwayTeam,FTHG,FTAG,FTR
21/08/2015,Malaga,Sevilla,0,0,D
22/08/2015,Espanyol,Getafe,1,0,H
22/08/2015,Deportivo La Coruna,Real Sociedad,0,0,D
22/08/2015,Atletico Madrid,Las Palmas,1,0,H
22/08/2015,Rayo Vallecano,Valencia,0,0,D
23/08/2015,Athletic Bilbao,Barcelona,0,1,A
23/08/2015,Sporting Gijon,Real Madrid,0,0,D
23/08/2015,Levante,Celta Vigo,1,2,A
23/08/2015,Real Betis,Villarreal,1,1,D
24/08/2015,Granada,Eibar,1,3,A
28/08/2015,Villarreal,Espanyol,3,1,H
29/08/2015,Real Sociedad,Sporting Gijon,0,0,D
29/08/2015,Barcelona,Malaga,1,0,H
29/08/2015,Celta Vigo,Rayo Vallecano,3,0,H
29/08/2015,Real Madrid,Real Betis,5,0,H
30/08/2015,Eibar,Athletic Bilbao,2,0,H
30/08/2015,Sevilla,Atletico Madrid,0,3,A
30/08/2015,Valencia,Deportivo La Coruna,1,1,D
30/08/2015,Las Palmas,Levante,0,0,D
30/08/2015,Getafe,Granada,1,2,A
11/09/2015,Levante,Sevilla,1,1,D
12/09/2015,Espanyol,Real Madrid,0,6,A
12/09/2015,Sporting Gijon,Valencia,0,1,A
12/09/2015,Atletico Madrid,Barcelona,1,2,A
12/09/2015,Real Betis,Real Sociedad,1,0,H
13/09/2015,Granada,Villarreal,1,3,A
13/09/2015,Athletic Bilbao,Getafe,3,1,H
13/09/2015,Celta Vigo,Las Palmas,3,3,D
13/09/2015,Malaga,Eibar,0,0,D
14/09/2015,Rayo Vallecano,Deportivo La Coruna,1,3,A
18/09/2015,Getafe,Malaga,1,0,H
19/09/2015,Real Madrid,Granada,1,0,H
19/09/2015,Valencia,Real Betis,0,0,D
19/09/2015,Eibar,Atletico Madrid,0,2,A
19/09/2015,Real Sociedad,Espanyol,2,3,A
20/09/2015,Sevilla,Celta Vigo,1,2,A
20/09/2015,Deportivo La Coruna,Sporting Gijon,2,3,A
20/09/2015,Villarreal,Athletic Bilbao,3,1,H
20/09/2015,Las Palmas,Rayo Vallecano,0,1,A
20/09/2015,Barcelona,Levante,4,1,H
22/09/2015,Atletico Madrid,Getafe,2,0,H
22/09/2015,Espanyol,Valencia,1,0,H
22/09/2015,Granada,Real Sociedad,0,3,A
23/09/2015,Celta Vigo,Barcelona,4,1,H
23/09/2015,Levante,Eibar,2,2,D
23/09/2015,Rayo Vallecano,Sporting Gijon,2,1,H
23/09/2015,Athletic Bilbao,Real Madrid,1,2,A
23/09/2015,Las Palmas,Sevilla,2,0,H
23/09/2015,Malaga,Villarreal,0,1,A
24/09/2015,Real Betis,Deportivo La Coruna,1,2,A
25/09/2015,Valencia,Granada,1,0,H
26/09/2015,Barcelona,Las Palmas,2,1,H
26/09/2015,Real Madrid,Malaga,0,0,D
26/09/2015,Sevilla,Rayo Vallecano,3,2,H
26/09/2015,Villarreal,Atletico Madrid,1,0,H
26/09/2015,Eibar,Celta Vigo,1,1,D
27/09/2015,Sporting Gijon,Real Betis,1,2,A
27/09/2015,Deportivo La Coruna,Espanyol,3,0,H
27/09/2015,Getafe,Levante,3,0,H
27/09/2015,Real Sociedad,Athletic Bilbao,0,0,D
02/10/2015,Celta Vigo,Getafe,0,0,D
03/10/2015,Sevilla,Barcelona,2,1,H
03/10/2015,Granada,Deportivo La Coruna,1,1,D
03/10/2015,Espanyol,Sporting Gijon,1,2,A
03/10/2015,Las Palmas,Eibar,0,2,A
03/10/2015,Malaga,Real Sociedad,3,1,H
04/10/2015,Rayo Vallecano,Real Betis,0,2,A
04/10/2015,Athletic Bilbao,Valencia,3,1,H
04/10/2015,Levante,Villarreal,1,0,H
04/10/2015,Atletico Madrid,Real Madrid,1,1,D
17/10/2015,Real Madrid,Levante,3,0,H
17/10/2015,Eibar,Sevilla,1,1,D
17/10/2015,Barcelona,Rayo Vallecano,5,2,H
17/10/2015,Valencia,Malaga,3,0,H
17/10/2015,Real Betis,Espanyol,1,3,A
18/10/2015,Villarreal,Celta Vigo,1,2,A
18/10/2015,Real Sociedad,Atletico Madrid,0,2,A
18/10/2015,Getafe,Las Palmas,4,0,H
18/10/2015,Deportivo La Coruna,Athletic Bilbao,2,2,D
19/10/2015,Sporting Gijon,Granada,3,3,D
23/10/2015,Rayo Vallecano,Espanyol,3,0,H
24/10/2015,Celta Vigo,Real Madrid,1,3,A
24/10/2015,Granada,Real Betis,1,1,D
24/10/2015,Sevilla,Getafe,5,0,H
24/10/2015,Malaga,Deportivo La Coruna,2,0,H
25/10/2015,Levante,Real Sociedad,0,4,A
25/10/2015,Las Palmas,Villarreal,0,0,D
25/10/2015,Barcelona,Eibar,3,1,H
25/10/2015,Atletico Madrid,Valencia,2,1,H
26/10/2015,Athletic Bilbao,Sporting Gijon,3,0,H
30/10/2015,Deportivo La Coruna,Atletico Madrid,1,1,D
31/10/2015,Real Madrid,Las Palmas,3,1,H
31/10/2015,Villarreal,Sevilla,2,1,H
31/10/2015,Valencia,Levante,3,0,H
31/10/2015,Getafe,Barcelona,0,2,A
31/10/2015,Real Sociedad,Celta Vigo,2,3,A
01/11/2015,Eibar,Rayo Vallecano,1,0,H
01/11/2015,Espanyol,Granada,1,1,D
01/11/2015,Sporting Gijon,Malaga,1,0,H
01/11/2015,Real Betis,Athletic Bilbao,1,3,A
06/11/2015,Las Palmas,Real Sociedad,2,0,H
07/11/2015,Celta Vigo,Valencia,1,5,A
07/11/2015,Levante,Deportivo La Coruna,1,1,D
07/11/2015,Eibar,Getafe,3,1,H
07/11/2015,Rayo Vallecano,Granada,2,1,H
07/11/2015,Malaga,Real Betis,0,1,A
08/11/2015,Athletic Bilbao,Espanyol,2,1,H
08/11/2015,Barcelona,Villarreal,3,0,H
08/11/2015,Atletico Madrid,Sporting Gijon,1,0,H
08/11/2015,Sevilla,Real Madrid,3,2,H
21/11/2015,Real Sociedad,Sevilla,2,0,H
21/11/2015,Real Madrid,Barcelona,0,4,A
21/11/2015,Espanyol,Malaga,2,0,H
21/11/2015,Valencia,Las Palmas,1,1,D
21/11/2015,Deportivo La Coruna,Celta Vigo,2,0,H
22/11/2015,Sporting Gijon,Levante,0,3,A
22/11/2015,Villarreal,Eibar,1,1,D
22/11/2015,Granada,Athletic Bilbao,2,0,H
22/11/2015,Real Betis,Atletico Madrid,0,1,A
23/11/2015,Getafe,Rayo Vallecano,1,1,D
27/11/2015,Levante,Real Betis,0,1,A
28/11/2015,Barcelona,Real Sociedad,4,0,H
28/11/2015,Atletico Madrid,Espanyol,1,0,H
28/11/2015,Malaga,Granada,2,2,D
28/11/2015,Las Palmas,Deportivo La Coruna,0,2,A
28/11/2015,Celta Vigo,Sporting Gijon,2,1,H
29/11/2015,Getafe,Villarreal,2,0,H
29/11/2015,Eibar,Real Madrid,0,2,A
29/11/2015,Rayo Vallecano,Athletic Bilbao,0,3,A
29/11/2015,Sevilla,Valencia,1,0,H
05/12/2015,Real Madrid,Getafe,4,1,H
05/12/2015,Granada,Atletico Madrid,0,2,A
05/12/2015,Valencia,Barcelona,1,1,D
05/12/2015,Deportivo La Coruna,Sevilla,1,1,D
05/12/2015,Real Betis,Celta Vigo,1,1,D
06/12/2015,Real Sociedad,Eibar,2,1,H
06/12/2015,Villarreal,Rayo Vallecano,2,1,H
06/12/2015,Sporting Gijon,Las Palmas,3,1,H
06/12/2015,Athletic Bilbao,Malaga,0,0,D
07/12/2015,Espanyol,Levante,1,1,D
11/12/2015,Getafe,Real Sociedad,1,1,D
12/12/2015,Barcelona,Deportivo La Coruna,2,2,D
12/12/2015,Celta Vigo,Espanyol,1,0,H
12/12/2015,Levante,Granada,1,2,A
12/12/2015,Sevilla,Sporting Gijon,2,0,H
12/12/2015,Las Palmas,Real Betis,1,0,H
13/12/2015,Rayo Vallecano,Malaga,1,2,A
13/12/2015,Eibar,Valencia,1,1,D
13/12/2015,Atletico Madrid,Athletic Bilbao,2,1,H
13/12/2015,Villarreal,Real Madrid,1,0,H
19/12/2015,Valencia,Getafe,2,2,D
19/12/2015,Espanyol,Las Palmas,1,0,H
19/12/2015,Real Betis,Sevilla,0,0,D
19/12/2015,Deportivo La Coruna,Eibar,2,0,H
20/12/2015,Real Madrid,Rayo Vallecano,10,2,H
20/12/2015,Real Sociedad,Villarreal,0,2,A
20/12/2015,Granada,Celta Vigo,0,2,A
20/12/2015,Athletic Bilbao,Levante,2,0,H
20/12/2015,Malaga,Atletico Madrid,1,0,H
17/02/2016,Sporting Gijon,Barcelona,1,3,A
30/12/2015,Real Madrid,Real Sociedad,3,1,H
30/12/2015,Levante,Malaga,0,1,A
30/12/2015,Sevilla,Espanyol,2,0,H
30/12/2015,Rayo Vallecano,Atletico Madrid,0,2,A
30/12/2015,Eibar,Sporting Gijon,2,0,H
30/12/2015,Getafe,Deportivo La Coruna,0,0,D
30/12/2015,Barcelona,Real Betis,4,0,H
30/12/2015,Celta Vigo,Athletic Bilbao,0,1,A
30/12/2015,Las Palmas,Granada,4,1,H
31/12/2015,Villarreal,Valencia,1,0,H
02/01/2016,Espanyol,Barcelona,0,0,D
02/01/2016,Atletico Madrid,Levante,1,0,H
02/01/2016,Malaga,Celta Vigo,2,0,H
03/01/2016,Rayo Vallecano,Real Sociedad,2,2,D
03/01/2016,Real Betis,Eibar,0,4,A
03/01/2016,Granada,Sevilla,2,1,H
03/01/2016,Deportivo La Coruna,Villarreal,1,2,A
03/01/2016,Athletic Bilbao,Las Palmas,2,2,D
03/01/2016,Valencia,Real Madrid,2,2,D
04/01/2016,Sporting Gijon,Getafe,1,2,A
09/01/2016,Barcelona,Granada,4,0,H
09/01/2016,Getafe,Real Betis,1,0,H
09/01/2016,Sevilla,Athletic Bilbao,2,0,H
09/01/2016,Real Madrid,Deportivo La Coruna,5,0,H
09/01/2016,Levante,Rayo Vallecano,2,1,H
10/01/2016,Villarreal,Sporting Gijon,2,0,H
10/01/2016,Real Sociedad,Valencia,2,0,H
10/01/2016,Eibar,Espanyol,2,1,H
10/01/2016,Las Palmas,Malaga,1,1,D
10/01/2016,Celta Vigo,Atletico Madrid,0,2,A
16/01/2016,Sevilla,Malaga,2,1,H
16/01/2016,Celta Vigo,Levante,4,3,H
16/01/2016,Villarreal,Real Betis,0,0,D
16/01/2016,Real Sociedad,Deportivo La Coruna,1,1,D
17/01/2016,Valencia,Rayo Vallecano,2,2,D
17/01/2016,Real Madrid,Sporting Gijon,5,1,H
17/01/2016,Getafe,Espanyol,3,1,H
17/01/2016,Las Palmas,Atletico Madrid,0,3,A
17/01/2016,Barcelona,Athletic Bilbao,6,0,H
18/01/2016,Eibar,Granada,5,1,H
22/01/2016,Sporting Gijon,Real Sociedad,5,1,H
23/01/2016,Malaga,Barcelona,1,2,A
23/01/2016,Espanyol,Villarreal,2,2,D
23/01/2016,Granada,Getafe,3,2,H
23/01/2016,Rayo Vallecano,Celta Vigo,3,0,H
24/01/2016,Athletic Bilbao,Eibar,5,2,H
24/01/2016,Atletico Madrid,Sevilla,0,0,D
24/01/2016,Deportivo La Coruna,Valencia,1,1,D
24/01/2016,Real Betis,Real Madrid,1,1,D
25/01/2016,Levante,Las Palmas,3,2,H
30/01/2016,Barcelona,Atletico Madrid,2,1,H
30/01/2016,Eibar,Malaga,1,2,A
30/01/2016,Getafe,Athletic Bilbao,0,1,A
30/01/2016,Villarreal,Granada,1,0,H
30/01/2016,Real Sociedad,Real Betis,2,1,H
31/01/2016,Sevilla,Levante,3,1,H
31/01/2016,Valencia,Sporting Gijon,0,1,A
31/01/2016,Las Palmas,Celta Vigo,2,1,H
31/01/2016,Real Madrid,Espanyol,6,0,H
01/02/2016,Deportivo La Coruna,Rayo Vallecano,2,2,D
05/02/2016,Malaga,Getafe,3,0,H
06/02/2016,Atletico Madrid,Eibar,3,1,H
06/02/2016,Rayo Vallecano,Las Palmas,2,0,H
06/02/2016,Athletic Bilbao,Villarreal,0,0,D
06/02/2016,Sporting Gijon,Deportivo La Coruna,1,1,D
07/02/2016,Levante,Barcelona,0,2,A
07/02/2016,Real Betis,Valencia,1,0,H
07/02/2016,Celta Vigo,Sevilla,1,1,D
07/02/2016,Granada,Real Madrid,1,2,A
08/02/2016,Espanyol,Real Sociedad,0,5,A
12/02/2016,Sporting Gijon,Rayo Vallecano,2,2,D
13/02/2016,Real Madrid,Athletic Bilbao,4,2,H
13/02/2016,Villarreal,Malaga,1,0,H
13/02/2016,Valencia,Espanyol,2,1,H
13/02/2016,Deportivo La Coruna,Real Betis,2,2,D
14/02/2016,Real Sociedad,Granada,3,0,H
14/02/2016,Sevilla,Las Palmas,2,0,H
14/02/2016,Eibar,Levante,2,0,H
14/02/2016,Getafe,Atletico Madrid,0,1,A
14/02/2016,Barcelona,Celta Vigo,6,1,H
19/02/2016,Levante,Getafe,3,0,H
20/02/2016,Las Palmas,Barcelona,1,2,A
20/02/2016,Espanyol,Deportivo La Coruna,1,0,H
20/02/2016,Real Betis,Sporting Gijon,1,1,D
20/02/2016,Celta Vigo,Eibar,3,2,H
21/02/2016,Rayo Vallecano,Sevilla,2,2,D
21/02/2016,Malaga,Real Madrid,1,1,D
21/02/2016,Athletic Bilbao,Real Sociedad,0,1,A
21/02/2016,Granada,Valencia,1,2,A
21/02/2016,Atletico Madrid,Villarreal,0,0,D
26/02/2016,Eibar,Las Palmas,0,1,A
27/02/2016,Real Madrid,Atletico Madrid,0,1,A
27/02/2016,Getafe,Celta Vigo,0,1,A
27/02/2016,Sporting Gijon,Espanyol,2,4,A
27/02/2016,Real Betis,Rayo Vallecano,2,2,D
27/02/2016,Real Sociedad,Malaga,1,1,D
28/02/2016,Villarreal,Levante,3,0,H
28/02/2016,Valencia,Athletic Bilbao,0,3,A
28/02/2016,Deportivo La Coruna,Granada,0,1,A
28/02/2016,Barcelona,Sevilla,2,1,H
01/03/2016,Atletico Madrid,Real Sociedad,3,0,H
01/03/2016,Las Palmas,Getafe,4,0,H
02/03/2016,Sevilla,Eibar,1,0,H
02/03/2016,Celta Vigo,Villarreal,0,0,D
02/03/2016,Malaga,Valencia,1,2,A
02/03/2016,Athletic Bilbao,Deportivo La Coruna,4,1,H
02/03/2016,Levante,Real Madrid,1,3,A
03/03/2016,Granada,Sporting Gijon,2,0,H
03/03/2016,Espanyol,Real Betis,0,3,A
03/03/2016,Rayo Vallecano,Barcelona,1,5,A
05/03/2016,Real Madrid,Celta Vigo,7,1,H
05/03/2016,Villarreal,Las Palmas,0,1,A
05/03/2016,Getafe,Sevilla,1,1,D
05/03/2016,Deportivo La Coruna,Malaga,3,3,D
06/03/2016,Real Betis,Granada,2,0,H
06/03/2016,Eibar,Barcelona,0,4,A
06/03/2016,Real Sociedad,Levante,1,1,D
06/03/2016,Sporting Gijon,Athletic Bilbao,0,2,A
06/03/2016,Valencia,Atletico Madrid,1,3,A
07/03/2016,Espanyol,Rayo Vallecano,2,1,H
11/03/2016,Malaga,Sporting Gijon,1,0,H
12/03/2016,Barcelona,Getafe,6,0,H
12/03/2016,Celta Vigo,Real Sociedad,1,0,H
12/03/2016,Atletico Madrid,Deportivo La Coruna,3,0,H
12/03/2016,Rayo Vallecano,Eibar,1,1,D
13/03/2016,Levante,Valencia,1,0,H
13/03/2016,Sevilla,Villarreal,4,2,H
13/03/2016,Athletic Bilbao,Real Betis,3,1,H
13/03/2016,Las Palmas,Real Madrid,1,2,A
14/03/2016,Granada,Espanyol,1,1,D
18/03/2016,Getafe,Eibar,1,1,D
19/03/2016,Sporting Gijon,Atletico Madrid,2,1,H
19/03/2016,Real Sociedad,Las Palmas,0,1,A
19/03/2016,Granada,Rayo Vallecano,2,2,D
19/03/2016,Deportivo La Coruna,Levante,2,1,H
19/03/2016,Real Betis,Malaga,0,1,A
20/03/2016,Espanyol,Athletic Bilbao,2,1,H
20/03/2016,Villarreal,Barcelona,2,2,D
20/03/2016,Valencia,Celta Vigo,0,2,A
20/03/2016,Real Madrid,Sevilla,4,0,H
01/04/2016,Rayo Vallecano,Getafe,2,0,H
02/04/2016,Atletico Madrid,Real Betis,5,1,H
02/04/2016,Las Palmas,Valencia,2,1,H
02/04/2016,Barcelona,Real Madrid,1,2,A
02/04/2016,Celta Vigo,Deportivo La Coruna,1,1,D
03/04/2016,Athletic Bilbao,Granada,1,1,D
03/04/2016,Malaga,Espanyol,1,1,D
03/04/2016,Eibar,Villarreal,1,2,A
03/04/2016,Sevilla,Real Sociedad,1,2,A
04/04/2016,Levante,Sporting Gijon,0,0,D
08/04/2016,Granada,Malaga,0,0,D
09/04/2016,Real Madrid,Eibar,4,0,H
09/04/2016,Espanyol,Atletico Madrid,1,3,A
09/04/2016,Real Sociedad,Barcelona,1,0,H
09/04/2016,Real Betis,Levante,1,0,H
10/04/2016,Sporting Gijon,Celta Vigo,0,1,A
10/04/2016,Valencia,Sevilla,2,1,H
10/04/2016,Villarreal,Getafe,2,0,H
10/04/2016,Athletic Bilbao,Rayo Vallecano,1,0,H
11/04/2016,Deportivo La Coruna,Las Palmas,1,3,A
15/04/2016,Levante,Espanyol,2,1,H
16/04/2016,Getafe,Real Madrid,1,5,A
16/04/2016,Las Palmas,Sporting Gijon,1,1,D
16/04/2016,Eibar,Real Sociedad,2,1,H
16/04/2016,Celta Vigo,Real Betis,1,1,D
17/04/2016,Malaga,Athletic Bilbao,0,1,A
17/04/2016,Sevilla,Deportivo La Coruna,1,1,D
17/04/2016,Rayo Vallecano,Villarreal,2,1,H
17/04/2016,Atletico Madrid,Granada,3,0,H
17/04/2016,Barcelona,Valencia,1,2,A
19/04/2016,Espanyol,Celta Vigo,1,1,D
19/04/2016,Real Betis,Las Palmas,1,0,H
20/04/2016,Deportivo La Coruna,Barcelona,0,8,A
20/04/2016,Valencia,Eibar,4,0,H
20/04/2016,Sporting Gijon,Sevilla,2,1,H
20/04/2016,Athletic Bilbao,Atletico Madrid,0,1,A
20/04/2016,Malaga,Rayo Vallecano,1,1,D
20/04/2016,Real Madrid,Villarreal,3,0,H
21/04/2016,Real Sociedad,Getafe,1,2,A
21/04/2016,Granada,Levante,5,1,H
22/04/2016,Las Palmas,Espanyol,4,0,H
23/04/2016,Rayo Vallecano,Real Madrid,2,3,A
23/04/2016,Atletico Madrid,Malaga,1,0,H
23/04/2016,Barcelona,Sporting Gijon,6,0,H
23/04/2016,Eibar,Deportivo La Coruna,1,1,D
24/04/2016,Levante,Athletic Bilbao,2,2,D
24/04/2016,Sevilla,Real Betis,2,0,H
24/04/2016,Getafe,Valencia,2,2,D
24/04/2016,Villarreal,Real Sociedad,0,0,D
25/04/2016,Celta Vigo,Granada,2,1,H
29/04/2016,Sporting Gijon,Eibar,2,0,H
30/04/2016,Real Sociedad,Real Madrid,0,1,A
30/04/2016,Atletico Madrid,Rayo Vallecano,1,0,H
30/04/2016,Real Betis,Barcelona,0,2,A
30/04/2016,Granada,Las Palmas,3,2,H
01/05/2016,Athletic Bilbao,Celta Vigo,2,1,H
01/05/2016,Espanyol,Sevilla,1,0,H
01/05/2016,Deportivo La Coruna,Getafe,0,2,A
01/05/2016,Valencia,Villarreal,0,2,A
02/05/2016,Malaga,Levante,3,1,H
08/05/2016,Real Sociedad,Rayo Vallecano,2,1,H
08/05/2016,Real Madrid,Valencia,3,2,H
08/05/2016,Villarreal,Deportivo La Coruna,0,2,A
08/05/2016,Getafe,Sporting Gijon,1,1,D
08/05/2016,Eibar,Real Betis,1,1,D
08/05/2016,Barcelona,Espanyol,5,0,H
08/05/2016,Sevilla,Granada,1,4,A
08/05/2016,Las Palmas,Athletic Bilbao,0,0,D
08/05/2016,Celta Vigo,Malaga,1,0,H
08/05/2016,Levante,Atletico Madrid,2,1,H
13/05/2016,Valencia,Real Sociedad,0,1,A
14/05/2016,Deportivo La Coruna,Real Madrid,0,2,A
14/05/2016,Granada,Barcelona,0,3,A
14/05/2016,Athletic Bilbao,Sevilla,3,1,H
14/05/2016,Atletico Madrid,Celta Vigo,2,0,H
15/05/2016,Malaga,Las Palmas,4,1,H
15/05/2016,Espanyol,Eibar,4,2,H
15/05/2016,Sporting Gijon,Villarreal,2,0,H
15/05/2016,Real Betis,Getafe,2,1,H
15/05/2016,Rayo Vallecano,Levante,3,1,H
19/08/2016,Malaga,Osasuna,1,1,D
19/08/2016,Deportivo La Coruna,Eibar,2,1,H
20/08/2016,Barcelona,Real Betis,6,2,H
20/08/2016,Granada,Villarreal,1,1,D
20/08/2016,Sevilla,Espanyol,6,4,H
21/08/2016,Sporting Gijon,Athletic Bilbao,2,1,H
21/08/2016,Real Sociedad,Real Madrid,0,3,A
21/08/2016,Atletico Madrid,Alaves,1,1,D
22/08/2016,Celta Vigo,Leganes,0,1,A
22/08/2016,Valencia,Las Palmas,2,4,A
26/08/2016,Real Betis,Deportivo La Coruna,0,0,D
26/08/2016,Espanyol,Malaga,2,2,D
27/08/2016,Osasuna,Real Sociedad,0,2,A
27/08/2016,Eibar,Valencia,1,0,H
27/08/2016,Real Madrid,Celta Vigo,2,1,H
27/08/2016,Leganes,Atletico Madrid,0,0,D
28/08/2016,Las Palmas,Granada,5,1,H
28/08/2016,Alaves,Sporting Gijon,0,0,D
28/08/2016,Athletic Bilbao,Barcelona,0,1,A
28/08/2016,Villarreal,Sevilla,0,0,D
09/09/2016,Real Sociedad,Espanyol,1,1,D
10/09/2016,Celta Vigo,Atletico Madrid,0,4,A
10/09/2016,Real Madrid,Osasuna,5,2,H
10/09/2016,Malaga,Villarreal,0,2,A
10/09/2016,Sevilla,Las Palmas,2,1,H
10/09/2016,Barcelona,Alaves,1,2,A
11/09/2016,Sporting Gijon,Leganes,2,1,H
11/09/2016,Valencia,Real Betis,2,3,A
11/09/2016,Granada,Eibar,1,2,A
11/09/2016,Deportivo La Coruna,Athletic Bilbao,0,1,A
16/09/2016,Real Betis,Granada,2,2,D
17/09/2016,Leganes,Barcelona,1,5,A
17/09/2016,Atletico Madrid,Sporting Gijon,5,0,H
17/09/2016,Eibar,Sevilla,1,1,D
17/09/2016,Las Palmas,Malaga,1,0,H
18/09/2016,Osasuna,Celta Vigo,0,0,D
18/09/2016,Athletic Bilbao,Valencia,2,1,H
18/09/2016,Villarreal,Real Sociedad,2,1,H
18/09/2016,Espanyol,Real Madrid,0,2,A
19/09/2016,Alaves,Deportivo La Coruna,0,0,D
20/09/2016,Malaga,Eibar,2,1,H
20/09/2016,Sevilla,Real Betis,1,0,H
21/09/2016,Real Madrid,Villarreal,1,1,D
21/09/2016,Celta Vigo,Sporting Gijon,2,1,H
21/09/2016,Real Sociedad,Las Palmas,4,1,H
21/09/2016,Granada,Athletic Bilbao,1,2,A
21/09/2016,Barcelona,Atletico Madrid,1,1,D
22/09/2016,Osasuna,Espanyol,1,2,A
22/09/2016,Deportivo La Coruna,Leganes,1,2,A
22/09/2016,Valencia,Alaves,2,1,H
23/09/2016,Real Betis,Malaga,1,0,H
24/09/2016,Eibar,Real Sociedad,2,0,H
24/09/2016,Sporting Gijon,Barcelona,0,5,A
24/09/2016,Athletic Bilbao,Sevilla,3,1,H
24/09/2016,Las Palmas,Real Madrid,2,2,D
25/09/2016,Leganes,Valencia,1,2,A
25/09/2016,Atletico Madrid,Deportivo La Coruna,1,0,H
25/09/2016,Villarreal,Osasuna,3,1,H
25/09/2016,Espanyol,Celta Vigo,0,2,A
26/09/2016,Alaves,Granada,3,1,H
30/09/2016,Real Sociedad,Real Betis,1,0,H
01/10/2016,Granada,Leganes,0,1,A
01/10/2016,Sevilla,Alaves,2,1,H
01/10/2016,Osasuna,Las Palmas,2,2,D
01/10/2016,Deportivo La Coruna,Sporting Gijon,2,1,H
02/10/2016,Valencia,Atletico Madrid,0,2,A
02/10/2016,Real Madrid,Eibar,1,1,D
02/10/2016,Espanyol,Villarreal,0,0,D
02/10/2016,Malaga,Athletic Bilbao,2,1,H
02/10/2016,Celta Vigo,Barcelona,4,3,H
14/10/2016,Las Palmas,Espanyol,0,0,D
15/10/2016,Leganes,Sevilla,2,3,A
15/10/2016,Barcelona,Deportivo La Coruna,4,0,H
15/10/2016,Atletico Madrid,Granada,7,1,H
15/10/2016,Real Betis,Real Madrid,1,6,A
16/10/2016,Alaves,Malaga,1,1,D
16/10/2016,Athletic Bilbao,Real Sociedad,3,2,H
16/10/2016,Sporting Gijon,Valencia,1,2,A
16/10/2016,Villarreal,Celta Vigo,5,0,H
17/10/2016,Eibar,Osasuna,2,3,A
21/10/2016,Osasuna,Real Betis,1,2,A
22/10/2016,Espanyol,Eibar,3,3,D
22/10/2016,Valencia,Barcelona,2,3,A
22/10/2016,Real Sociedad,Alaves,3,0,H
22/10/2016,Granada,Sporting Gijon,0,0,D
23/10/2016,Celta Vigo,Deportivo La Coruna,4,1,H
23/10/2016,Sevilla,Atletico Madrid,1,0,H
23/10/2016,Villarreal,Las Palmas,2,1,H
23/10/2016,Malaga,Leganes,4,0,H
23/10/2016,Real Madrid,Athletic Bilbao,2,1,H
28/10/2016,Leganes,Real Sociedad,0,2,A
29/10/2016,Sporting Gijon,Sevilla,1,1,D
29/10/2016,Alaves,Real Madrid,1,4,A
29/10/2016,Atletico Madrid,Malaga,4,2,H
29/10/2016,Barcelona,Granada,1,0,H
30/10/2016,Eibar,Villarreal,2,1,H
30/10/2016,Athletic Bilbao,Osasuna,1,1,D
30/10/2016,Real Betis,Espanyol,0,1,A
30/10/2016,Las Palmas,Celta Vigo,3,3,D
31/10/2016,Deportivo La Coruna,Valencia,1,1,D
04/11/2016,Malaga,Sporting Gijon,3,2,H
05/11/2016,Granada,Deportivo La Coruna,1,1,D
05/11/2016,Real Sociedad,Atletico Madrid,2,0,H
05/11/2016,Osasuna,Alaves,0,1,A
05/11/2016,Las Palmas,Eibar,1,0,H
06/11/2016,Real Madrid,Leganes,3,0,H
06/11/2016,Espanyol,Athletic Bilbao,0,0,D
06/11/2016,Celta Vigo,Valencia,2,1,H
06/11/2016,Villarreal,Real Betis,2,0,H
06/11/2016,Sevilla,Barcelona,1,2,A
18/11/2016,Real Betis,Las Palmas,2,0,H
19/11/2016,Deportivo La Coruna,Sevilla,2,3,A
19/11/2016,Barcelona,Malaga,0,0,D
19/11/2016,Eibar,Celta Vigo,1,0,H
19/11/2016,Atletico Madrid,Real Madrid,0,3,A
20/11/2016,Alaves,Espanyol,0,1,A
20/11/2016,Valencia,Granada,1,1,D
20/11/2016,Sporting Gijon,Real Sociedad,1,3,A
20/11/2016,Athletic Bilbao,Villarreal,1,0,H
21/11/2016,Leganes,Osasuna,2,0,H
25/11/2016,Eibar,Real Betis,3,1,H
26/11/2016,Malaga,Deportivo La Coruna,4,3,H
26/11/2016,Real Madrid,Sporting Gijon,2,1,H
26/11/2016,Espanyol,Leganes,3,0,H
26/11/2016,Sevilla,Valencia,2,1,H
27/11/2016,Villarreal,Alaves,0,2,A
27/11/2016,Osasuna,Atletico Madrid,0,3,A
27/11/2016,Celta Vigo,Granada,3,1,H
27/11/2016,Real Sociedad,Barcelona,1,1,D
28/11/2016,Las Palmas,Athletic Bilbao,3,1,H
03/12/2016,Granada,Sevilla,2,1,H
03/12/2016,Barcelona,Real Madrid,1,1,D
03/12/2016,Leganes,Villarreal,0,0,D
03/12/2016,Atletico Madrid,Espanyol,0,0,D
04/12/2016,Real Betis,Celta Vigo,3,3,D
04/12/2016,Athletic Bilbao,Eibar,3,1,H
04/12/2016,Alaves,Las Palmas,1,1,D
04/12/2016,Sporting Gijon,Osasuna,3,1,H
04/12/2016,Valencia,Malaga,2,2,D
05/12/2016,Deportivo La Coruna,Real Sociedad,5,1,H
09/12/2016,Malaga,Granada,1,1,D
10/12/2016,Osasuna,Barcelona,0,3,A
10/12/2016,Real Sociedad,Valencia,3,2,H
10/12/2016,Las Palmas,Leganes,1,1,D
10/12/2016,Real Madrid,Deportivo La Coruna,3,2,H
11/12/2016,Eibar,Alaves,0,0,D
11/12/2016,Celta Vigo,Sevilla,0,3,A
11/12/2016,Espanyol,Sporting Gijon,2,1,H
11/12/2016,Real Betis,Athletic Bilbao,1,0,H
12/12/2016,Villarreal,Atletico Madrid,3,0,H
16/12/2016,Alaves,Real Betis,1,0,H
17/12/2016,Sporting Gijon,Villarreal,1,3,A
17/12/2016,Atletico Madrid,Las Palmas,1,0,H
17/12/2016,Granada,Real Sociedad,0,2,A
17/12/2016,Sevilla,Malaga,4,1,H
18/12/2016,Leganes,Eibar,1,1,D
18/12/2016,Deportivo La Coruna,Osasuna,2,0,H
18/12/2016,Barcelona,Espanyol,4,1,H
19/12/2016,Athletic Bilbao,Celta Vigo,2,1,H
22/02/2017,Valencia,Real Madrid,2,1,H
06/01/2017,Espanyol,Deportivo La Coruna,1,1,D
07/01/2017,Real Madrid,Granada,5,0,H
07/01/2017,Eibar,Atletico Madrid,0,2,A
07/01/2017,Las Palmas,Sporting Gijon,1,0,H
07/01/2017,Real Sociedad,Sevilla,0,4,A
08/01/2017,Athletic Bilbao,Alaves,0,0,D
08/01/2017,Real Betis,Leganes,2,0,H
08/01/2017,Celta Vigo,Malaga,3,1,H
08/01/2017,Villarreal,Barcelona,1,1,D
09/01/2017,Osasuna,Valencia,3,3,D
14/01/2017,Leganes,Athletic Bilbao,0,0,D
14/01/2017,Barcelona,Las Palmas,5,0,H
14/01/2017,Atletico Madrid,Real Betis,1,0,H
14/01/2017,Deportivo La Coruna,Villarreal,0,0,D
15/01/2017,Valencia,Espanyol,2,1,H
15/01/2017,Celta Vigo,Alaves,1,0,H
15/01/2017,Sporting Gijon,Eibar,2,3,A
15/01/2017,Granada,Osasuna,1,1,D
15/01/2017,Sevilla,Real Madrid,2,1,H
16/01/2017,Malaga,Real Sociedad,0,2,A
20/01/2017,Las Palmas,Deportivo La Coruna,1,1,D
21/01/2017,Espanyol,Granada,3,1,H
21/01/2017,Real Madrid,Malaga,2,1,H
21/01/2017,Alaves,Leganes,2,2,D
21/01/2017,Villarreal,Valencia,0,2,A
22/01/2017,Osasuna,Sevilla,3,4,A
22/01/2017,Athletic Bilbao,Atletico Madrid,2,2,D
22/01/2017,Real Betis,Sporting Gijon,0,0,D
22/01/2017,Real Sociedad,Celta Vigo,1,0,H
22/01/2017,Eibar,Barcelona,0,4,A
27/01/2017,Osasuna,Malaga,1,1,D
28/01/2017,Villarreal,Granada,2,0,H
28/01/2017,Alaves,Atletico Madrid,0,0,D
28/01/2017,Eibar,Deportivo La Coruna,3,1,H
28/01/2017,Leganes,Celta Vigo,0,2,A
29/01/2017,Real Betis,Barcelona,1,1,D
29/01/2017,Espanyol,Sevilla,3,1,H
29/01/2017,Athletic Bilbao,Sporting Gijon,2,1,H
29/01/2017,Real Madrid,Real Sociedad,3,0,H
30/01/2017,Las Palmas,Valencia,3,1,H
04/02/2017,Malaga,Espanyol,0,1,A
04/02/2017,Barcelona,Athletic Bilbao,3,0,H
04/02/2017,Atletico Madrid,Leganes,2,0,H
04/02/2017,Valencia,Eibar,0,4,A
05/02/2017,Sevilla,Villarreal,0,0,D
05/02/2017,Sporting Gijon,Alaves,2,4,A
05/02/2017,Real Sociedad,Osasuna,3,2,H
06/02/2017,Granada,Las Palmas,1,0,H
08/03/2017,Deportivo La Coruna,Real Betis,1,1,D
17/05/2017,Celta Vigo,Real Madrid,1,4,A
10/02/2017,Espanyol,Real Sociedad,1,2,A
11/02/2017,Real Betis,Valencia,0,0,D
11/02/2017,Alaves,Barcelona,0,6,A
11/02/2017,Athletic Bilbao,Deportivo La Coruna,2,1,H
11/02/2017,Osasuna,Real Madrid,1,3,A
12/02/2017,Villarreal,Malaga,1,1,D
12/02/2017,Leganes,Sporting Gijon,0,2,A
12/02/2017,Las Palmas,Sevilla,0,1,A
12/02/2017,Atletico Madrid,Celta Vigo,3,2,H
13/02/2017,Eibar,Granada,4,0,H
17/02/2017,Granada,Real Betis,4,1,H
18/02/2017,Sporting Gijon,Atletico Madrid,1,4,A
18/02/2017,Real Madrid,Espanyol,2,0,H
18/02/2017,Deportivo La Coruna,Alaves,0,1,A
18/02/2017,Sevilla,Eibar,2,0,H
19/02/2017,Real Sociedad,Villarreal,0,1,A
19/02/2017,Valencia,Athletic Bilbao,2,0,H
19/02/2017,Celta Vigo,Osasuna,3,0,H
19/02/2017,Barcelona,Leganes,2,1,H
20/02/2017,Malaga,Las Palmas,2,1,H
24/02/2017,Las Palmas,Real Sociedad,0,1,A
25/02/2017,Alaves,Valencia,2,1,H
25/02/2017,Real Betis,Sevilla,1,2,A
25/02/2017,Leganes,Deportivo La Coruna,4,0,H
25/02/2017,Eibar,Malaga,3,0,H
26/02/2017,Espanyol,Osasuna,3,0,H
26/02/2017,Atletico Madrid,Barcelona,1,2,A
26/02/2017,Athletic Bilbao,Granada,3,1,H
26/02/2017,Sporting Gijon,Celta Vigo,1,1,D
26/02/2017,Villarreal,Real Madrid,2,3,A
28/02/2017,Real Sociedad,Eibar,2,2,D
28/02/2017,Malaga,Real Betis,1,2,A
28/02/2017,Valencia,Leganes,1,0,H
01/03/2017,Osasuna,Villarreal,1,4,A
01/03/2017,Barcelona,Sporting Gijon,6,1,H
01/03/2017,Celta Vigo,Espanyol,2,2,D
01/03/2017,Real Madrid,Las Palmas,3,3,D
01/03/2017,Granada,Alaves,2,1,H
02/03/2017,Deportivo La Coruna,Atletico Madrid,1,1,D
02/03/2017,Sevilla,Athletic Bilbao,1,0,H
03/03/2017,Real Betis,Real Sociedad,2,3,A
04/03/2017,Leganes,Granada,1,0,H
04/03/2017,Eibar,Real Madrid,1,4,A
04/03/2017,Villarreal,Espanyol,2,0,H
04/03/2017,Barcelona,Celta Vigo,5,0,H
05/03/2017,Sporting Gijon,Deportivo La Coruna,0,1,A
05/03/2017,Atletico Madrid,Valencia,3,0,H
05/03/2017,Las Palmas,Osasuna,5,2,H
05/03/2017,Athletic Bilbao,Malaga,1,0,H
06/03/2017,Alaves,Sevilla,1,1,D
10/03/2017,Espanyol,Las Palmas,4,3,H
11/03/2017,Valencia,Sporting Gijon,1,1,D
11/03/2017,Sevilla,Leganes,1,1,D
11/03/2017,Malaga,Alaves,1,2,A
11/03/2017,Granada,Atletico Madrid,0,1,A
12/03/2017,Real Sociedad,Athletic Bilbao,0,2,A
12/03/2017,Deportivo La Coruna,Barcelona,2,1,H
12/03/2017,Celta Vigo,Villarreal,0,1,A
12/03/2017,Real Madrid,Real Betis,2,1,H
13/03/2017,Osasuna,Eibar,1,1,D
17/03/2017,Las Palmas,Villarreal,1,0,H
18/03/2017,Eibar,Espanyol,1,1,D
18/03/2017,Athletic Bilbao,Real Madrid,1,2,A
18/03/2017,Alaves,Real Sociedad,1,0,H
18/03/2017,Real Betis,Osasuna,2,0,H
19/03/2017,Leganes,Malaga,0,0,D
19/03/2017,Atletico Madrid,Sevilla,3,1,H
19/03/2017,Sporting Gijon,Granada,3,1,H
19/03/2017,Deportivo La Coruna,Celta Vigo,0,1,A
19/03/2017,Barcelona,Valencia,4,2,H
31/03/2017,Espanyol,Real Betis,2,1,H
01/04/2017,Villarreal,Eibar,2,3,A
01/04/2017,Osasuna,Athletic Bilbao,1,2,A
01/04/2017,Real Sociedad,Leganes,1,1,D
01/04/2017,Malaga,Atletico Madrid,0,2,A
02/04/2017,Sevilla,Sporting Gijon,0,0,D
02/04/2017,Real Madrid,Alaves,3,0,H
02/04/2017,Valencia,Deportivo La Coruna,3,0,H
02/04/2017,Granada,Barcelona,1,4,A
03/04/2017,Celta Vigo,Las Palmas,3,1,H
04/04/2017,Athletic Bilbao,Espanyol,2,0,H
04/04/2017,Real Betis,Villarreal,0,1,A
04/04/2017,Atletico Madrid,Real Sociedad,1,0,H
05/04/2017,Barcelona,Sevilla,3,0,H
05/04/2017,Alaves,Osasuna,0,1,A
05/04/2017,Sporting Gijon,Malaga,0,1,A
05/04/2017,Deportivo La Coruna,Granada,0,0,D
05/04/2017,Leganes,Real Madrid,2,4,A
06/04/2017,Eibar,Las Palmas,3,1,H
06/04/2017,Valencia,Celta Vigo,3,2,H
07/04/2017,Villarreal,Athletic Bilbao,3,1,H
08/04/2017,Espanyol,Alaves,1,0,H
08/04/2017,Real Madrid,Atletico Madrid,1,1,D
08/04/2017,Sevilla,Deportivo La Coruna,4,2,H
08/04/2017,Malaga,Barcelona,2,0,H
09/04/2017,Granada,Valencia,1,3,A
09/04/2017,Celta Vigo,Eibar,0,2,A
09/04/2017,Osasuna,Leganes,2,1,H
09/04/2017,Las Palmas,Real Betis,4,1,H
10/04/2017,Real Sociedad,Sporting Gijon,3,1,H
14/04/2017,Athletic Bilbao,Las Palmas,5,1,H
15/04/2017,Deportivo La Coruna,Malaga,2,0,H
15/04/2017,Sporting Gijon,Real Madrid,2,3,A
15/04/2017,Atletico Madrid,Osasuna,3,0,H
15/04/2017,Barcelona,Real Sociedad,3,2,H
16/04/2017,Leganes,Espanyol,0,1,A
16/04/2017,Valencia,Sevilla,0,0,D
16/04/2017,Real Betis,Eibar,2,0,H
16/04/2017,Granada,Celta Vigo,0,3,A
17/04/2017,Alaves,Villarreal,2,1,H
21/04/2017,Sevilla,Granada,2,0,H
22/04/2017,Malaga,Valencia,2,0,H
22/04/2017,Villarreal,Leganes,2,1,H
22/04/2017,Osasuna,Sporting Gijon,2,2,D
22/04/2017,Espanyol,Atletico Madrid,0,1,A
23/04/2017,Real Sociedad,Deportivo La Coruna,1,0,H
23/04/2017,Celta Vigo,Real Betis,0,1,A
23/04/2017,Las Palmas,Alaves,1,1,D
23/04/2017,Real Madrid,Barcelona,2,3,A
24/04/2017,Eibar,Athletic Bilbao,0,1,A
25/04/2017,Sporting Gijon,Espanyol,1,1,D
25/04/2017,Granada,Malaga,0,2,A
25/04/2017,Atletico Madrid,Villarreal,0,1,A
26/04/2017,Barcelona,Osasuna,7,1,H
26/04/2017,Leganes,Las Palmas,3,0,H
26/04/2017,Valencia,Real Sociedad,2,3,A
26/04/2017,Deportivo La Coruna,Real Madrid,2,6,A
27/04/2017,Alaves,Eibar,0,0,D
27/04/2017,Sevilla,Celta Vigo,2,1,H
27/04/2017,Athletic Bilbao,Real Betis,2,1,H
28/04/2017,Villarreal,Sporting Gijon,3,1,H
29/04/2017,Real Sociedad,Granada,2,1,H
29/04/2017,Real Madrid,Valencia,2,1,H
29/04/2017,Las Palmas,Atletico Madrid,0,5,A
29/04/2017,Espanyol,Barcelona,0,3,A
30/04/2017,Osasuna,Deportivo La Coruna,2,2,D
30/04/2017,Real Betis,Alaves,1,4,A
30/04/2017,Eibar,Leganes,2,0,H
30/04/2017,Celta Vigo,Athletic Bilbao,0,3,A
01/05/2017,Malaga,Sevilla,4,2,H
05/05/2017,Sevilla,Real Sociedad,1,1,D
06/05/2017,Sporting Gijon,Las Palmas,1,0,H
06/05/2017,Atletico Madrid,Eibar,1,0,H
06/05/2017,Barcelona,Villarreal,4,1,H
06/05/2017,Granada,Real Madrid,0,4,A
07/05/2017,Alaves,Athletic Bilbao,1,0,H
07/05/2017,Valencia,Osasuna,4,1,H
07/05/2017,Deportivo La Coruna,Espanyol,1,2,A
07/05/2017,Malaga,Celta Vigo,3,0,H
08/05/2017,Leganes,Real Betis,4,0,H
13/05/2017,Espanyol,Valencia,0,1,A
13/05/2017,Osasuna,Granada,2,1,H
14/05/2017,Alaves,Celta Vigo,3,1,H
14/05/2017,Athletic Bilbao,Leganes,1,1,D
14/05/2017,Real Betis,Atletico Madrid,1,1,D
14/05/2017,Eibar,Sporting Gijon,0,1,A
14/05/2017,Las Palmas,Barcelona,1,4,A
14/05/2017,Villarreal,Deportivo La Coruna,0,0,D
14/05/2017,Real Madrid,Sevilla,4,1,H
14/05/2017,Real Sociedad,Malaga,2,2,D
19/05/2017,Granada,Espanyol,1,2,A
20/05/2017,Sporting Gijon,Real Betis,2,2,D
20/05/2017,Leganes,Alaves,1,1,D
20/05/2017,Deportivo La Coruna,Las Palmas,3,0,H
20/05/2017,Sevilla,Osasuna,5,0,H
21/05/2017,Atletico Madrid,Athletic Bilbao,3,1,H
21/05/2017,Valencia,Villarreal,1,3,A
21/05/2017,Celta Vigo,Real Sociedad,2,2,D
21/05/2017,Barcelona,Eibar,4,2,H
21/05/2017,Malaga,Real Madrid,0,2,A
18/08/2017,Leganes,Alaves,1,0,H
18/08/2017,Valencia,Las Palmas,1,0,H
19/08/2017,Celta Vigo,Real Sociedad,2,3,A
19/08/2017,Girona,Atletico Madrid,2,2,D
19/08/2017,Sevilla,Espanyol,1,1,D
20/08/2017,Athletic Bilbao,Getafe,0,0,D
20/08/2017,Barcelona,Real Betis,2,0,H
20/08/2017,Deportivo La Coruna,Real Madrid,0,3,A
21/08/2017,Levante,Villarreal,1,0,H
21/08/2017,Malaga,Eibar,0,1,A
25/08/2017,Real Sociedad,Villarreal,3,0,H
25/08/2017,Real Betis,Celta Vigo,2,1,H
26/08/2017,Alaves,Barcelona,0,2,A
26/08/2017,Girona,Malaga,1,0,H
26/08/2017,Levante,Deportivo La Coruna,2,2,D
26/08/2017,Las Palmas,Atletico Madrid,1,5,A
27/08/2017,Eibar,Athletic Bilbao,0,1,A
27/08/2017,Espanyol,Leganes,0,1,A
27/08/2017,Getafe,Sevilla,0,1,A
27/08/2017,Real Madrid,Valencia,2,2,D
08/09/2017,Leganes,Getafe,1,2,A
09/09/2017,Real Madrid,Levante,1,1,D
09/09/2017,Valencia,Atletico Madrid,0,0,D
09/09/2017,Sevilla,Eibar,3,0,H
09/09/2017,Barcelona,Espanyol,5,0,H
10/09/2017,Deportivo La Coruna,Real Sociedad,2,4,A
10/09/2017,Athletic Bilbao,Girona,2,0,H
10/09/2017,Celta Vigo,Alaves,1,0,H
10/09/2017,Villarreal,Real Betis,3,1,H
11/09/2017,Malaga,Las Palmas,1,3,A
15/09/2017,Eibar,Leganes,1,0,H
16/09/2017,Levante,Valencia,1,1,D
16/09/2017,Getafe,Barcelona,1,2,A
16/09/2017,Real Betis,Deportivo La Coruna,2,1,H
16/09/2017,Atletico Madrid,Malaga,1,0,H
17/09/2017,Alaves,Villarreal,0,3,A
17/09/2017,Girona,Sevilla,0,1,A
17/09/2017,Las Palmas,Athletic Bilbao,1,0,H
17/09/2017,Real Sociedad,Real Madrid,1,3,A
18/09/2017,Espanyol,Celta Vigo,2,1,H
19/09/2017,Valencia,Malaga,5,0,H
19/09/2017,Barcelona,Eibar,6,1,H
20/09/2017,Athletic Bilbao,Atletico Madrid,1,2,A
20/09/2017,Leganes,Girona,0,0,D
20/09/2017,Deportivo La Coruna,Alaves,1,0,H
20/09/2017,Real Madrid,Real Betis,0,1,A
20/09/2017,Sevilla,Las Palmas,1,0,H
21/09/2017,Villarreal,Espanyol,0,0,D
21/09/2017,Celta Vigo,Getafe,1,1,D
21/09/2017,Levante,Real Sociedad,3,0,H
23/09/2017,Atletico Madrid,Sevilla,2,0,H
23/09/2017,Alaves,Real Madrid,1,2,A
23/09/2017,Malaga,Athletic Bilbao,3,3,D
23/09/2017,Girona,Barcelona,0,3,A
24/09/2017,Espanyol,Deportivo La Coruna,4,1,H
24/09/2017,Getafe,Villarreal,4,0,H
24/09/2017,Eibar,Celta Vigo,0,4,A
24/09/2017,Las Palmas,Leganes,0,2,A
24/09/2017,Real Sociedad,Valencia,2,3,A
25/09/2017,Real Betis,Levante,4,0,H
29/09/2017,Celta Vigo,Girona,3,3,D
30/09/2017,Deportivo La Coruna,Getafe,2,1,H
30/09/2017,Sevilla,Malaga,2,0,H
30/09/2017,Levante,Alaves,0,2,A
30/09/2017,Leganes,Atletico Madrid,0,0,D
01/10/2017,Real Sociedad,Real Betis,4,4,D
01/10/2017,Barcelona,Las Palmas,3,0,H
01/10/2017,Valencia,Athletic Bilbao,3,2,H
01/10/2017,Villarreal,Eibar,3,0,H
01/10/2017,Real Madrid,Espanyol,2,0,H
13/10/2017,Espanyol,Levante,0,0,D
14/10/2017,Athletic Bilbao,Sevilla,1,0,H
14/10/2017,Getafe,Real Madrid,1,2,A
14/10/2017,Alaves,Real Sociedad,0,2,A
14/10/2017,Atletico Madrid,Barcelona,1,1,D
15/10/2017,Eibar,Deportivo La Coruna,0,0,D
15/10/2017,Girona,Villarreal,1,2,A
15/10/2017,Malaga,Leganes,0,2,A
15/10/2017,Real Betis,Valencia,3,6,A
16/10/2017,Las Palmas,Celta Vigo,2,5,A
21/10/2017,Levante,Getafe,1,1,D
21/10/2017,Real Betis,Alaves,2,0,H
21/10/2017,Valencia,Sevilla,4,0,H
21/10/2017,Barcelona,Malaga,2,0,H
22/10/2017,Villarreal,Las Palmas,4,0,H
22/10/2017,Celta Vigo,Atletico Madrid,0,1,A
22/10/2017,Leganes,Athletic Bilbao,1,0,H
22/10/2017,Real Madrid,Eibar,3,0,H
23/10/2017,Real Sociedad,Espanyol,1,1,D
23/10/2017,Deportivo La Coruna,Girona,1,2,A
28/10/2017,Alaves,Valencia,1,2,A
28/10/2017,Atletico Madrid,Villarreal,1,1,D
28/10/2017,Athletic Bilbao,Barcelona,0,2,A
28/10/2017,Sevilla,Leganes,2,1,H
29/10/2017,Getafe,Real Sociedad,2,1,H
29/10/2017,Girona,Real Madrid,2,1,H
29/10/2017,Eibar,Levante,2,2,D
29/10/2017,Malaga,Celta Vigo,2,1,H
30/10/2017,Espanyol,Real Betis,1,0,H
30/10/2017,Las Palmas,Deportivo La Coruna,1,3,A
03/11/2017,Real Betis,Getafe,2,2,D
04/11/2017,Valencia,Leganes,3,0,H
04/11/2017,Deportivo La Coruna,Atletico Madrid,0,1,A
04/11/2017,Alaves,Espanyol,1,0,H
04/11/2017,Barcelona,Sevilla,2,1,H
05/11/2017,Levante,Girona,1,2,A
05/11/2017,Celta Vigo,Athletic Bilbao,3,1,H
05/11/2017,Real Sociedad,Eibar,3,1,H
05/11/2017,Villarreal,Malaga,2,0,H
05/11/2017,Real Madrid,Las Palmas,3,0,H
17/11/2017,Girona,Real Sociedad,1,1,D
18/11/2017,Getafe,Alaves,4,1,H
18/11/2017,Leganes,Barcelona,0,3,A
18/11/2017,Sevilla,Celta Vigo,2,1,H
18/11/2017,Atletico Madrid,Real Madrid,0,0,D
19/11/2017,Malaga,Deportivo La Coruna,3,2,H
19/11/2017,Espanyol,Valencia,0,2,A
19/11/2017,Las Palmas,Levante,0,2,A
19/11/2017,Athletic Bilbao,Villarreal,1,1,D
20/11/2017,Eibar,Real Betis,5,0,H
24/11/2017,Celta Vigo,Leganes,1,0,H
25/11/2017,Alaves,Eibar,1,2,A
25/11/2017,Real Madrid,Malaga,3,2,H
25/11/2017,Real Betis,Girona,2,2,D
25/11/2017,Levante,Atletico Madrid,0,5,A
26/11/2017,Deportivo La Coruna,Athletic Bilbao,2,2,D
26/11/2017,Real Sociedad,Las Palmas,2,2,D
26/11/2017,Villarreal,Sevilla,2,3,A
26/11/2017,Valencia,Barcelona,1,1,D
27/11/2017,Espanyol,Getafe,1,0,H
01/12/2017,Malaga,Levante,0,0,D
02/12/2017,Barcelona,Celta Vigo,2,2,D
02/12/2017,Atletico Madrid,Real Sociedad,2,1,H
02/12/2017,Sevilla,Deportivo La Coruna,2,0,H
02/12/2017,Athletic Bilbao,Real Madrid,0,0,D
03/12/2017,Leganes,Villarreal,3,1,H
03/12/2017,Getafe,Valencia,1,0,H
03/12/2017,Eibar,Espanyol,3,1,H
03/12/2017,Las Palmas,Real Betis,1,0,H
04/12/2017,Girona,Alaves,2,3,A
08/12/2017,Alaves,Las Palmas,2,0,H
09/12/2017,Getafe,Eibar,0,0,D
09/12/2017,Real Madrid,Sevilla,5,0,H
09/12/2017,Deportivo La Coruna,Leganes,1,0,H
09/12/2017,Valencia,Celta Vigo,2,1,H
10/12/2017,Real Sociedad,Malaga,0,2,A
10/12/2017,Real Betis,Atletico Madrid,0,1,A
10/12/2017,Levante,Athletic Bilbao,1,2,A
10/12/2017,Villarreal,Barcelona,0,2,A
11/12/2017,Espanyol,Girona,0,1,A
15/12/2017,Sevilla,Levante,0,0,D
16/12/2017,Athletic Bilbao,Real Sociedad,0,0,D
16/12/2017,Eibar,Valencia,2,1,H
16/12/2017,Atletico Madrid,Alaves,1,0,H
17/12/2017,Girona,Getafe,1,0,H
17/12/2017,Celta Vigo,Villarreal,0,1,A
17/12/2017,Las Palmas,Espanyol,2,2,D
17/12/2017,Barcelona,Deportivo La Coruna,4,0,H
18/12/2017,Malaga,Real Betis,0,2,A
21/02/2018,Leganes,Real Madrid,1,3,A
19/12/2017,Levante,Leganes,0,0,D
20/12/2017,Getafe,Las Palmas,2,0,H
20/12/2017,Real Sociedad,Sevilla,3,1,H
21/12/2017,Eibar,Girona,4,1,H
21/12/2017,Alaves,Malaga,1,0,H
22/12/2017,Real Betis,Athletic Bilbao,0,2,A
22/12/2017,Espanyol,Atletico Madrid,1,0,H
23/12/2017,Real Madrid,Barcelona,0,3,A
23/12/2017,Valencia,Villarreal,0,1,A
23/12/2017,Deportivo La Coruna,Celta Vigo,1,3,A
06/01/2018,Atletico Madrid,Getafe,2,0,H
06/01/2018,Valencia,Girona,2,1,H
06/01/2018,Las Palmas,Eibar,1,2,A
06/01/2018,Sevilla,Real Betis,3,5,A
07/01/2018,Leganes,Real Sociedad,1,0,H
07/01/2018,Barcelona,Levante,3,0,H
07/01/2018,Athletic Bilbao,Alaves,2,0,H
07/01/2018,Villarreal,Deportivo La Coruna,1,1,D
07/01/2018,Celta Vigo,Real Madrid,2,2,D
08/01/2018,Malaga,Espanyol,0,1,A
12/01/2018,Getafe,Malaga,1,0,H
13/01/2018,Girona,Las Palmas,6,0,H
13/01/2018,Real Madrid,Villarreal,0,1,A
13/01/2018,Eibar,Atletico Madrid,0,1,A
13/01/2018,Deportivo La Coruna,Valencia,1,2,A
14/01/2018,Levante,Celta Vigo,0,1,A
14/01/2018,Alaves,Sevilla,1,0,H
14/01/2018,Espanyol,Athletic Bilbao,1,1,D
14/01/2018,Real Sociedad,Barcelona,2,4,A
15/01/2018,Real Betis,Leganes,3,2,H
19/01/2018,Getafe,Athletic Bilbao,2,2,D
20/01/2018,Espanyol,Sevilla,0,3,A
20/01/2018,Atletico Madrid,Girona,1,1,D
20/01/2018,Villarreal,Levante,2,1,H
20/01/2018,Las Palmas,Valencia,2,1,H
21/01/2018,Alaves,Leganes,2,2,D
21/01/2018,Real Madrid,Deportivo La Coruna,7,1,H
21/01/2018,Real Sociedad,Celta Vigo,1,2,A
21/01/2018,Real Betis,Barcelona,0,5,A
22/01/2018,Eibar,Malaga,1,1,D
26/01/2018,Athletic Bilbao,Eibar,1,1,D
27/01/2018,Deportivo La Coruna,Levante,2,2,D
27/01/2018,Valencia,Real Madrid,1,4,A
27/01/2018,Malaga,Girona,0,0,D
27/01/2018,Villarreal,Real Sociedad,4,2,H
28/01/2018,Leganes,Espanyol,3,2,H
28/01/2018,Atletico Madrid,Las Palmas,3,0,H
28/01/2018,Sevilla,Getafe,1,1,D
28/01/2018,Barcelona,Alaves,2,1,H
29/01/2018,Celta Vigo,Real Betis,3,2,H
02/02/2018,Real Sociedad,Deportivo La Coruna,5,0,H
03/02/2018,Eibar,Sevilla,5,1,H
03/02/2018,Real Betis,Villarreal,2,1,H
03/02/2018,Alaves,Celta Vigo,2,1,H
03/02/2018,Levante,Real Madrid,2,2,D
04/02/2018,Getafe,Leganes,0,0,D
04/02/2018,Espanyol,Barcelona,1,1,D
04/02/2018,Girona,Athletic Bilbao,2,0,H
04/02/2018,Atletico Madrid,Valencia,1,0,H
05/02/2018,Las Palmas,Malaga,1,0,H
09/02/2018,Athletic Bilbao,Las Palmas,0,0,D
10/02/2018,Villarreal,Alaves,1,2,A
10/02/2018,Malaga,Atletico Madrid,0,1,A
10/02/2018,Leganes,Eibar,0,1,A
10/02/2018,Real Madrid,Real Sociedad,5,2,H
11/02/2018,Sevilla,Girona,1,0,H
11/02/2018,Barcelona,Getafe,0,0,D
11/02/2018,Celta Vigo,Espanyol,2,2,D
11/02/2018,Valencia,Levante,3,1,H
12/02/2018,Deportivo La Coruna,Real Betis,0,1,A
16/02/2018,Girona,Leganes,3,0,H
17/02/2018,Las Palmas,Sevilla,1,2,A
17/02/2018,Eibar,Barcelona,0,2,A
17/02/2018,Alaves,Deportivo La Coruna,1,0,H
17/02/2018,Malaga,Valencia,1,2,A
18/02/2018,Real Sociedad,Levante,3,0,H
18/02/2018,Atletico Madrid,Athletic Bilbao,2,0,H
18/02/2018,Espanyol,Villarreal,1,1,D
18/02/2018,Real Betis,Real Madrid,3,5,A
19/02/2018,Getafe,Celta Vigo,3,0,H
23/02/2018,Deportivo La Coruna,Espanyol,0,0,D
24/02/2018,Celta Vigo,Eibar,2,0,H
24/02/2018,Real Madrid,Alaves,4,0,H
24/02/2018,Leganes,Las Palmas,0,0,D
24/02/2018,Barcelona,Girona,6,1,H
25/02/2018,Villarreal,Getafe,1,0,H
25/02/2018,Athletic Bilbao,Malaga,2,1,H
25/02/2018,Valencia,Real Sociedad,2,1,H
25/02/2018,Sevilla,Atletico Madrid,2,5,A
26/02/2018,Levante,Real Betis,0,2,A
27/02/2018,Espanyol,Real Madrid,1,0,H
27/02/2018,Girona,Celta Vigo,1,0,H
28/02/2018,Athletic Bilbao,Valencia,1,1,D
28/02/2018,Getafe,Deportivo La Coruna,3,0,H
28/02/2018,Malaga,Sevilla,0,1,A
28/02/2018,Atletico Madrid,Leganes,4,0,H
28/02/2018,Eibar,Villarreal,1,0,H
01/03/2018,Real Betis,Real Sociedad,0,0,D
01/03/2018,Las Palmas,Barcelona,1,1,D
01/03/2018,Alaves,Levante,1,0,H
03/03/2018,Villarreal,Girona,0,2,A
03/03/2018,Sevilla,Athletic Bilbao,2,0,H
03/03/2018,Deportivo La Coruna,Eibar,1,1,D
03/03/2018,Leganes,Malaga,2,0,H
03/03/2018,Real Madrid,Getafe,3,1,H
04/03/2018,Levante,Espanyol,1,1,D
04/03/2018,Barcelona,Atletico Madrid,1,0,H
04/03/2018,Real Sociedad,Alaves,2,1,H
04/03/2018,Valencia,Real Betis,2,0,H
05/03/2018,Celta Vigo,Las Palmas,2,1,H
09/03/2018,Girona,Deportivo La Coruna,2,0,H
10/03/2018,Eibar,Real Madrid,1,2,A
10/03/2018,Sevilla,Valencia,0,2,A
10/03/2018,Getafe,Levante,0,1,A
10/03/2018,Malaga,Barcelona,0,2,A
11/03/2018,Espanyol,Real Sociedad,2,1,H
11/03/2018,Atletico Madrid,Celta Vigo,3,0,H
11/03/2018,Las Palmas,Villarreal,0,2,A
11/03/2018,Athletic Bilbao,Leganes,2,0,H
12/03/2018,Alaves,Real Betis,1,3,A
16/03/2018,Levante,Eibar,2,1,H
17/03/2018,Deportivo La Coruna,Las Palmas,1,1,D
17/03/2018,Valencia,Alaves,3,1,H
17/03/2018,Real Sociedad,Getafe,1,2,A
17/03/2018,Real Betis,Espanyol,3,0,H
18/03/2018,Leganes,Sevilla,2,1,H
18/03/2018,Barcelona,Athletic Bilbao,2,0,H
18/03/2018,Celta Vigo,Malaga,0,0,D
18/03/2018,Villarreal,Atletico Madrid,2,1,H
18/03/2018,Real Madrid,Girona,6,3,H
31/03/2018,Girona,Levante,1,1,D
31/03/2018,Athletic Bilbao,Celta Vigo,1,1,D
31/03/2018,Las Palmas,Real Madrid,0,3,A
31/03/2018,Sevilla,Barcelona,2,2,D
01/04/2018,Espanyol,Alaves,0,0,D
01/04/2018,Leganes,Valencia,0,1,A
01/04/2018,Eibar,Real Sociedad,0,0,D
01/04/2018,Malaga,Villarreal,1,0,H
01/04/2018,Atletico Madrid,Deportivo La Coruna,1,0,H
02/04/2018,Getafe,Real Betis,0,1,A
06/04/2018,Deportivo La Coruna,Malaga,3,2,H
07/04/2018,Alaves,Getafe,2,0,H
07/04/2018,Celta Vigo,Sevilla,4,0,H
07/04/2018,Real Betis,Eibar,2,0,H
07/04/2018,Barcelona,Leganes,3,1,H
08/04/2018,Levante,Las Palmas,2,1,H
08/04/2018,Real Madrid,Atletico Madrid,1,1,D
08/04/2018,Real Sociedad,Girona,5,0,H
08/04/2018,Valencia,Espanyol,1,0,H
09/04/2018,Villarreal,Athletic Bilbao,1,3,A
13/04/2018,Girona,Real Betis,0,1,A
14/04/2018,Sevilla,Villarreal,2,2,D
14/04/2018,Barcelona,Valencia,2,1,H
14/04/2018,Las Palmas,Real Sociedad,0,1,A
14/04/2018,Leganes,Celta Vigo,1,0,H
14/04/2018,Athletic Bilbao,Deportivo La Coruna,2,3,A
15/04/2018,Eibar,Alaves,0,1,A
15/04/2018,Atletico Madrid,Levante,3,0,H
15/04/2018,Getafe,Espanyol,1,0,H
15/04/2018,Malaga,Real Madrid,1,2,A
17/04/2018,Deportivo La Coruna,Sevilla,0,0,D
17/04/2018,Celta Vigo,Barcelona,2,2,D
17/04/2018,Villarreal,Leganes,2,1,H
18/04/2018,Espanyol,Eibar,0,1,A
18/04/2018,Valencia,Getafe,1,2,A
18/04/2018,Real Madrid,Athletic Bilbao,1,1,D
19/04/2018,Alaves,Girona,1,2,A
19/04/2018,Real Sociedad,Atletico Madrid,3,0,H
19/04/2018,Real Betis,Las Palmas,1,0,H
19/04/2018,Levante,Malaga,1,0,H
20/04/2018,Leganes,Deportivo La Coruna,0,0,D
21/04/2018,Eibar,Getafe,0,1,A
21/04/2018,Celta Vigo,Valencia,1,1,D
22/04/2018,Girona,Espanyol,0,2,A
22/04/2018,Malaga,Real Sociedad,2,0,H
22/04/2018,Las Palmas,Alaves,0,4,A
22/04/2018,Atletico Madrid,Real Betis,0,0,D
23/04/2018,Athletic Bilbao,Levante,1,3,A
09/05/2018,Barcelona,Villarreal,5,1,H
09/05/2018,Sevilla,Real Madrid,3,2,H
27/04/2018,Levante,Sevilla,2,1,H
28/04/2018,Espanyol,Las Palmas,1,1,D
28/04/2018,Real Sociedad,Athletic Bilbao,3,1,H
28/04/2018,Real Madrid,Leganes,2,1,H
28/04/2018,Villarreal,Celta Vigo,4,1,H
29/04/2018,Getafe,Girona,1,1,D
29/04/2018,Alaves,Atletico Madrid,0,1,A
29/04/2018,Valencia,Eibar,0,0,D
29/04/2018,Deportivo La Coruna,Barcelona,2,4,A
30/04/2018,Real Betis,Malaga,2,1,H
04/05/2018,Sevilla,Real Sociedad,1,0,H
05/05/2018,Girona,Eibar,1,4,A
05/05/2018,Athletic Bilbao,Real Betis,2,0,H
05/05/2018,Celta Vigo,Deportivo La Coruna,1,1,D
05/05/2018,Villarreal,Valencia,1,0,H
06/05/2018,Malaga,Alaves,0,3,A
06/05/2018,Atletico Madrid,Espanyol,0,2,A
06/05/2018,Las Palmas,Getafe,0,1,A
06/05/2018,Barcelona,Real Madrid,2,2,D
07/05/2018,Leganes,Levante,0,3,A
12/05/2018,Real Sociedad,Leganes,3,2,H
12/05/2018,Alaves,Athletic Bilbao,3,1,H
12/05/2018,Real Betis,Sevilla,2,2,D
12/05/2018,Deportivo La Coruna,Villarreal,2,4,A
12/05/2018,Eibar,Las Palmas,1,0,H
12/05/2018,Getafe,Atletico Madrid,0,1,A
12/05/2018,Girona,Valencia,0,1,A
12/05/2018,Real Madrid,Celta Vigo,6,0,H
13/05/2018,Espanyol,Malaga,4,1,H
13/05/2018,Levante,Barcelona,5,4,H
19/05/2018,Celta Vigo,Levante,4,2,H
19/05/2018,Leganes,Real Betis,3,2,H
19/05/2018,Las Palmas,Girona,1,2,A
19/05/2018,Malaga,Getafe,0,1,A
19/05/2018,Sevilla,Alaves,1,0,H
19/05/2018,Villarreal,Real Madrid,2,2,D
20/05/2018,Valencia,Deportivo La Coruna,2,1,H
20/05/2018,Athletic Bilbao,Espanyol,0,1,A
20/05/2018,Atletico Madrid,Eibar,2,2,D
20/05/2018,Barcelona,Real Sociedad,1,0,H
17/08/2018,Girona,Valladolid,0,0,D
17/08/2018,Real Betis,Levante,0,3,A
18/08/2018,Celta Vigo,Espanyol,1,1,D
18/08/2018,Villarreal,Real Sociedad,1,2,A
18/08/2018,Barcelona,Alaves,3,0,H
19/08/2018,Eibar,Huesca,1,2,A
19/08/2018,Rayo Vallecano,Sevilla,1,4,A
19/08/2018,Real Madrid,Getafe,2,0,H
20/08/2018,Valencia,Atletico Madrid,1,1,D
20/08/2018,Athletic Bilbao,Leganes,2,1,H
24/08/2018,Getafe,Eibar,2,0,H
24/08/2018,Leganes,Real Sociedad,2,2,D
25/08/2018,Alaves,Real Betis,0,0,D
25/08/2018,Atletico Madrid,Rayo Vallecano,1,0,H
25/08/2018,Valladolid,Barcelona,0,1,A
26/08/2018,Espanyol,Valencia,2,0,H
26/08/2018,Girona,Real Madrid,1,4,A
26/08/2018,Sevilla,Villarreal,0,0,D
27/08/2018,Levante,Celta Vigo,1,2,A
27/08/2018,Athletic Bilbao,Huesca,2,2,D
31/08/2018,Getafe,Valladolid,0,0,D
31/08/2018,Eibar,Real Sociedad,2,1,H
31/08/2018,Villarreal,Girona,0,1,A
01/09/2018,Celta Vigo,Atletico Madrid,2,0,H
01/09/2018,Real Madrid,Leganes,4,1,H
02/09/2018,Levante,Valencia,2,2,D
02/09/2018,Alaves,Espanyol,2,1,H
02/09/2018,Barcelona,Huesca,8,2,H
02/09/2018,Real Betis,Sevilla,1,0,H
24/10/2018,Rayo Vallecano,Athletic Bilbao,1,1,D
14/09/2018,Huesca,Rayo Vallecano,0,1,A
15/09/2018,Atletico Madrid,Eibar,1,1,D
15/09/2018,Real Sociedad,Barcelona,1,2,A
15/09/2018,Valencia,Real Betis,0,0,D
15/09/2018,Athletic Bilbao,Real Madrid,1,1,D
16/09/2018,Leganes,Villarreal,0,1,A
16/09/2018,Espanyol,Levante,1,0,H
16/09/2018,Valladolid,Alaves,0,1,A
16/09/2018,Sevilla,Getafe,0,2,A
17/09/2018,Girona,Celta Vigo,3,2,H
21/09/2018,Huesca,Real Sociedad,0,1,A
22/09/2018,Rayo Vallecano,Alaves,1,5,A
22/09/2018,Celta Vigo,Valladolid,3,3,D
22/09/2018,Eibar,Leganes,1,0,H
22/09/2018,Getafe,Atletico Madrid,0,2,A
22/09/2018,Real Madrid,Espanyol,1,0,H
23/09/2018,Levante,Sevilla,2,6,A
23/09/2018,Villarreal,Valencia,0,0,D
23/09/2018,Real Betis,Athletic Bilbao,2,2,D
23/09/2018,Barcelona,Girona,2,2,D
25/09/2018,Espanyol,Eibar,1,0,H
25/09/2018,Real Sociedad,Rayo Vallecano,2,2,D
25/09/2018,Atletico Madrid,Huesca,3,0,H
26/09/2018,Athletic Bilbao,Villarreal,0,3,A
26/09/2018,Leganes,Barcelona,2,1,H
26/09/2018,Valencia,Celta Vigo,1,1,D
26/09/2018,Sevilla,Real Madrid,3,0,H
27/09/2018,Alaves,Getafe,1,1,D
27/09/2018,Valladolid,Levante,2,1,H
27/09/2018,Girona,Real Betis,0,1,A
28/09/2018,Rayo Vallecano,Espanyol,2,2,D
29/09/2018,Real Sociedad,Valencia,0,1,A
29/09/2018,Barcelona,Athletic Bilbao,1,1,D
29/09/2018,Eibar,Sevilla,1,3,A
29/09/2018,Real Madrid,Atletico Madrid,0,0,D
30/09/2018,Huesca,Girona,1,1,D
30/09/2018,Villarreal,Valladolid,0,1,A
30/09/2018,Levante,Alaves,2,1,H
30/09/2018,Real Betis,Leganes,1,0,H
01/10/2018,Celta Vigo,Getafe,1,1,D
05/10/2018,Athletic Bilbao,Real Sociedad,1,3,A
06/10/2018,Girona,Eibar,2,3,A
06/10/2018,Getafe,Levante,0,1,A
06/10/2018,Alaves,Real Madrid,1,0,H
06/10/2018,Leganes,Rayo Vallecano,1,0,H
07/10/2018,Valladolid,Huesca,1,0,H
07/10/2018,Atletico Madrid,Real Betis,1,0,H
07/10/2018,Espanyol,Villarreal,3,1,H
07/10/2018,Sevilla,Celta Vigo,2,1,H
07/10/2018,Valencia,Barcelona,1,1,D
19/10/2018,Celta Vigo,Alaves,0,1,A
20/10/2018,Real Madrid,Levante,1,2,A
20/10/2018,Valencia,Leganes,1,1,D
20/10/2018,Villarreal,Atletico Madrid,1,1,D
20/10/2018,Barcelona,Sevilla,4,2,H
21/10/2018,Rayo Vallecano,Getafe,1,2,A
21/10/2018,Eibar,Athletic Bilbao,1,1,D
21/10/2018,Huesca,Espanyol,0,2,A
21/10/2018,Real Betis,Valladolid,0,1,A
22/10/2018,Real Sociedad,Girona,0,0,D
26/10/2018,Valladolid,Espanyol,1,1,D
27/10/2018,Girona,Rayo Vallecano,2,1,H
27/10/2018,Athletic Bilbao,Valencia,0,0,D
27/10/2018,Celta Vigo,Eibar,4,0,H
27/10/2018,Levante,Leganes,2,0,H
27/10/2018,Atletico Madrid,Real Sociedad,2,0,H
28/10/2018,Getafe,Real Betis,2,0,H
28/10/2018,Barcelona,Real Madrid,5,1,H
28/10/2018,Alaves,Villarreal,2,1,H
28/10/2018,Sevilla,Huesca,2,1,H
03/11/2018,Leganes,Atletico Madrid,1,1,D
03/11/2018,Real Madrid,Valladolid,2,0,H
03/11/2018,Valencia,Girona,0,1,A
03/11/2018,Rayo Vallecano,Barcelona,2,3,A
04/11/2018,Eibar,Alaves,2,1,H
04/11/2018,Villarreal,Levante,1,1,D
04/11/2018,Real Sociedad,Sevilla,0,0,D
04/11/2018,Huesca,Getafe,1,1,D
04/11/2018,Real Betis,Celta Vigo,3,3,D
05/11/2018,Espanyol,Athletic Bilbao,1,0,H
09/11/2018,Levante,Real Sociedad,1,3,A
10/11/2018,Valladolid,Eibar,0,0,D
10/11/2018,Getafe,Valencia,0,1,A
10/11/2018,Atletico Madrid,Athletic Bilbao,3,2,H
10/11/2018,Girona,Leganes,0,0,D
11/11/2018,Alaves,Huesca,2,1,H
11/11/2018,Barcelona,Real Betis,3,4,A
11/11/2018,Rayo Vallecano,Villarreal,2,2,D
11/11/2018,Sevilla,Espanyol,2,1,H
11/11/2018,Celta Vigo,Real Madrid,2,4,A
23/11/2018,Leganes,Alaves,1,0,H
24/11/2018,Eibar,Real Madrid,3,0,H
24/11/2018,Valencia,Rayo Vallecano,3,0,H
24/11/2018,Huesca,Levante,2,2,D
24/11/2018,Atletico Madrid,Barcelona,1,1,D
25/11/2018,Athletic Bilbao,Getafe,1,1,D
25/11/2018,Sevilla,Valladolid,1,0,H
25/11/2018,Espanyol,Girona,1,3,A
25/11/2018,Villarreal,Real Betis,2,1,H
26/11/2018,Real Sociedad,Celta Vigo,2,1,H
30/11/2018,Rayo Vallecano,Eibar,1,0,H
01/12/2018,Celta Vigo,Huesca,2,0,H
01/12/2018,Valladolid,Leganes,2,4,A
01/12/2018,Getafe,Espanyol,3,0,H
01/12/2018,Real Madrid,Valencia,2,0,H
02/12/2018,Real Betis,Real Sociedad,1,0,H
02/12/2018,Girona,Atletico Madrid,1,1,D
02/12/2018,Barcelona,Villarreal,2,0,H
02/12/2018,Alaves,Sevilla,1,1,D
03/12/2018,Levante,Athletic Bilbao,3,0,H
07/12/2018,Leganes,Getafe,1,1,D
08/12/2018,Atletico Madrid,Alaves,3,0,H
08/12/2018,Valencia,Sevilla,1,1,D
08/12/2018,Villarreal,Celta Vigo,2,3,A
08/12/2018,Espanyol,Barcelona,0,4,A
09/12/2018,Eibar,Levante,4,4,D
09/12/2018,Huesca,Real Madrid,0,1,A
09/12/2018,Real Sociedad,Valladolid,1,2,A
09/12/2018,Real Betis,Rayo Vallecano,2,0,H
10/12/2018,Athletic Bilbao,Girona,1,0,H
14/12/2018,Celta Vigo,Leganes,0,0,D
15/12/2018,Getafe,Real Sociedad,1,0,H
15/12/2018,Valladolid,Atletico Madrid,2,3,A
15/12/2018,Real Madrid,Rayo Vallecano,1,0,H
15/12/2018,Eibar,Valencia,1,1,D
16/12/2018,Sevilla,Girona,2,0,H
16/12/2018,Espanyol,Real Betis,1,3,A
16/12/2018,Huesca,Villarreal,2,2,D
16/12/2018,Levante,Barcelona,0,5,A
17/12/2018,Alaves,Athletic Bilbao,0,0,D
21/12/2018,Girona,Getafe,1,1,D
21/12/2018,Real Sociedad,Alaves,0,1,A
22/12/2018,Real Betis,Eibar,1,1,D
22/12/2018,Atletico Madrid,Espanyol,1,0,H
22/12/2018,Barcelona,Celta Vigo,2,0,H
22/12/2018,Athletic Bilbao,Valladolid,1,1,D
23/12/2018,Valencia,Huesca,2,1,H
23/12/2018,Leganes,Sevilla,1,1,D
23/12/2018,Rayo Vallecano,Levante,2,1,H
03/01/2019,Villarreal,Real Madrid,2,2,D
04/01/2019,Levante,Girona,2,2,D
04/01/2019,Espanyol,Leganes,1,0,H
05/01/2019,Valladolid,Rayo Vallecano,0,1,A
05/01/2019,Alaves,Valencia,2,1,H
05/01/2019,Huesca,Real Betis,2,1,H
06/01/2019,Eibar,Villarreal,0,0,D
06/01/2019,Sevilla,Atletico Madrid,1,1,D
06/01/2019,Real Madrid,Real Sociedad,0,2,A
06/01/2019,Getafe,Barcelona,1,2,A
07/01/2019,Celta Vigo,Athletic Bilbao,1,2,A
11/01/2019,Rayo Vallecano,Celta Vigo,4,2,H
12/01/2019,Leganes,Huesca,1,0,H
12/01/2019,Valencia,Valladolid,1,1,D
12/01/2019,Girona,Alaves,1,1,D
12/01/2019,Villarreal,Getafe,1,2,A
13/01/2019,Atletico Madrid,Levante,1,0,H
13/01/2019,Athletic Bilbao,Sevilla,2,0,H
13/01/2019,Barcelona,Eibar,3,0,H
13/01/2019,Real Betis,Real Madrid,1,2,A
14/01/2019,Real Sociedad,Espanyol,3,2,H
18/01/2019,Getafe,Alaves,4,0,H
19/01/2019,Real Madrid,Sevilla,2,0,H
19/01/2019,Huesca,Atletico Madrid,0,3,A
19/01/2019,Celta Vigo,Valencia,1,2,A
20/01/2019,Real Betis,Girona,3,2,H
20/01/2019,Villarreal,Athletic Bilbao,1,1,D
20/01/2019,Levante,Valladolid,2,0,H
20/01/2019,Rayo Vallecano,Real Sociedad,2,2,D
20/01/2019,Barcelona,Leganes,3,1,H
21/01/2019,Eibar,Espanyol,3,0,H
26/01/2019,Sevilla,Levante,5,0,H
26/01/2019,Atletico Madrid,Getafe,2,0,H
26/01/2019,Leganes,Eibar,2,2,D
26/01/2019,Valencia,Villarreal,3,0,H
27/01/2019,Valladolid,Celta Vigo,2,1,H
27/01/2019,Girona,Barcelona,0,2,A
27/01/2019,Athletic Bilbao,Real Betis,1,0,H
27/01/2019,Real Sociedad,Huesca,0,0,D
27/01/2019,Espanyol,Real Madrid,2,4,A
28/01/2019,Alaves,Rayo Vallecano,0,1,A
01/02/2019,Huesca,Valladolid,4,0,H
02/02/2019,Levante,Getafe,0,0,D
02/02/2019,Real Sociedad,Athletic Bilbao,2,1,H
02/02/2019,Barcelona,Valencia,2,2,D
02/02/2019,Celta Vigo,Sevilla,1,0,H
03/02/2019,Villarreal,Espanyol,2,2,D
03/02/2019,Real Betis,Atletico Madrid,1,0,H
03/02/2019,Eibar,Girona,3,0,H
03/02/2019,Real Madrid,Alaves,3,0,H
04/02/2019,Rayo Vallecano,Leganes,1,2,A
08/02/2019,Valladolid,Villarreal,0,0,D
09/02/2019,Getafe,Celta Vigo,3,1,H
09/02/2019,Atletico Madrid,Real Madrid,1,3,A
09/02/2019,Espanyol,Rayo Vallecano,2,1,H
09/02/2019,Girona,Huesca,0,2,A
10/02/2019,Leganes,Real Betis,3,0,H
10/02/2019,Valencia,Real Sociedad,0,0,D
10/02/2019,Sevilla,Eibar,2,2,D
10/02/2019,Athletic Bilbao,Barcelona,0,0,D
11/02/2019,Alaves,Levante,2,0,H
15/02/2019,Eibar,Getafe,2,2,D
16/02/2019,Celta Vigo,Levante,1,4,A
16/02/2019,Rayo Vallecano,Atletico Madrid,0,1,A
16/02/2019,Real Sociedad,Leganes,3,0,H
16/02/2019,Barcelona,Valladolid,1,0,H
17/02/2019,Real Madrid,Girona,1,2,A
17/02/2019,Valencia,Espanyol,0,0,D
17/02/2019,Villarreal,Sevilla,3,0,H
17/02/2019,Real Betis,Alaves,1,1,D
18/02/2019,Huesca,Athletic Bilbao,0,1,A
22/02/2019,Espanyol,Huesca,1,1,D
23/02/2019,Getafe,Rayo Vallecano,2,1,H
23/02/2019,Sevilla,Barcelona,2,4,A
23/02/2019,Alaves,Celta Vigo,0,0,D
23/02/2019,Athletic Bilbao,Eibar,1,0,H
24/02/2019,Leganes,Valencia,1,1,D
24/02/2019,Atletico Madrid,Villarreal,2,0,H
24/02/2019,Valladolid,Real Betis,0,2,A
24/02/2019,Levante,Real Madrid,1,2,A
25/02/2019,Girona,Real Sociedad,0,0,D
01/03/2019,Rayo Vallecano,Girona,0,2,A
02/03/2019,Espanyol,Valladolid,3,1,H
02/03/2019,Villarreal,Alaves,1,2,A
02/03/2019,Huesca,Sevilla,2,1,H
02/03/2019,Real Madrid,Barcelona,0,1,A
03/03/2019,Eibar,Celta Vigo,1,0,H
03/03/2019,Real Betis,Getafe,1,2,A
03/03/2019,Real Sociedad,Atletico Madrid,0,2,A
03/03/2019,Valencia,Athletic Bilbao,2,0,H
04/03/2019,Leganes,Levante,1,0,H
08/03/2019,Athletic Bilbao,Espanyol,1,1,D
09/03/2019,Alaves,Eibar,1,1,D
09/03/2019,Atletico Madrid,Leganes,1,0,H
09/03/2019,Barcelona,Rayo Vallecano,3,1,H
09/03/2019,Getafe,Huesca,2,1,H
10/03/2019,Celta Vigo,Real Betis,0,1,A
10/03/2019,Girona,Valencia,2,3,A
10/03/2019,Levante,Villarreal,0,2,A
10/03/2019,Sevilla,Real Sociedad,5,2,H
10/03/2019,Valladolid,Real Madrid,1,4,A
15/03/2019,Real Sociedad,Levante,1,1,D
16/03/2019,Huesca,Alaves,1,3,A
16/03/2019,Real Madrid,Celta Vigo,2,0,H
16/03/2019,Athletic Bilbao,Atletico Madrid,2,0,H
16/03/2019,Leganes,Girona,0,2,A
17/03/2019,Eibar,Valladolid,1,2,A
17/03/2019,Espanyol,Sevilla,0,1,A
17/03/2019,Valencia,Getafe,0,0,D
17/03/2019,Villarreal,Rayo Vallecano,3,1,H
17/03/2019,Real Betis,Barcelona,1,4,A
29/03/2019,Girona,Athletic Bilbao,1,2,A
30/03/2019,Getafe,Leganes,0,2,A
30/03/2019,Barcelona,Espanyol,2,0,H
30/03/2019,Celta Vigo,Villarreal,3,2,H
30/03/2019,Alaves,Atletico Madrid,0,4,A
31/03/2019,Levante,Eibar,2,2,D
31/03/2019,Rayo Vallecano,Real Betis,1,1,D
31/03/2019,Sevilla,Valencia,0,1,A
31/03/2019,Valladolid,Real Sociedad,1,1,D
31/03/2019,Real Madrid,Huesca,3,2,H
02/04/2019,Atletico Madrid,Girona,2,0,H
02/04/2019,Espanyol,Getafe,1,1,D
02/04/2019,Villarreal,Barcelona,4,4,D
03/04/2019,Athletic Bilbao,Levante,3,2,H
03/04/2019,Eibar,Rayo Vallecano,2,1,H
03/04/2019,Huesca,Celta Vigo,3,3,D
03/04/2019,Valencia,Real Madrid,2,1,H
04/04/2019,Sevilla,Alaves,2,0,H
04/04/2019,Leganes,Valladolid,1,0,H
04/04/2019,Real Sociedad,Real Betis,2,1,H
06/04/2019,Girona,Espanyol,1,2,A
06/04/2019,Real Madrid,Eibar,2,1,H
06/04/2019,Rayo Vallecano,Valencia,2,0,H
06/04/2019,Barcelona,Atletico Madrid,2,0,H
07/04/2019,Alaves,Leganes,1,1,D
07/04/2019,Getafe,Athletic Bilbao,1,0,H
07/04/2019,Valladolid,Sevilla,0,2,A
07/04/2019,Celta Vigo,Real Sociedad,3,1,H
07/04/2019,Levante,Huesca,2,2,D
07/04/2019,Real Betis,Villarreal,2,1,H
13/04/2019,Espanyol,Alaves,2,1,H
13/04/2019,Huesca,Barcelona,0,0,D
13/04/2019,Atletico Madrid,Celta Vigo,2,0,H
13/04/2019,Sevilla,Real Betis,3,2,H
14/04/2019,Valladolid,Getafe,2,2,D
14/04/2019,Athletic Bilbao,Rayo Vallecano,3,2,H
14/04/2019,Real Sociedad,Eibar,1,1,D
14/04/2019,Girona,Villarreal,0,1,A
14/04/2019,Valencia,Levante,3,1,H
15/04/2019,Leganes,Real Madrid,1,1,D
19/04/2019,Alaves,Valladolid,2,2,D
20/04/2019,Celta Vigo,Girona,2,1,H
20/04/2019,Eibar,Atletico Madrid,0,1,A
20/04/2019,Rayo Vallecano,Huesca,0,0,D
20/04/2019,Barcelona,Real Sociedad,2,1,H
21/04/2019,Levante,Espanyol,2,2,D
21/04/2019,Getafe,Sevilla,3,0,H
21/04/2019,Real Madrid,Athletic Bilbao,3,0,H
21/04/2019,Villarreal,Leganes,2,1,H
21/04/2019,Real Betis,Valencia,1,2,A
23/04/2019,Huesca,Eibar,2,0,H
23/04/2019,Valladolid,Girona,1,0,H
23/04/2019,Alaves,Barcelona,0,2,A
24/04/2019,Atletico Madrid,Valencia,3,2,H
24/04/2019,Leganes,Athletic Bilbao,0,1,A
24/04/2019,Espanyol,Celta Vigo,1,1,D
24/04/2019,Levante,Real Betis,4,0,H
25/04/2019,Sevilla,Rayo Vallecano,5,0,H
25/04/2019,Real Sociedad,Villarreal,0,1,A
25/04/2019,Getafe,Real Madrid,0,0,D
27/04/2019,Athletic Bilbao,Alaves,1,1,D
27/04/2019,Atletico Madrid,Valladolid,1,0,H
27/04/2019,Leganes,Celta Vigo,0,0,D
27/04/2019,Barcelona,Levante,1,0,H
28/04/2019,Valencia,Eibar,0,1,A
28/04/2019,Girona,Sevilla,1,0,H
28/04/2019,Real Sociedad,Getafe,2,1,H
28/04/2019,Villarreal,Huesca,1,1,D
28/04/2019,Rayo Vallecano,Real Madrid,1,0,H
29/04/2019,Real Betis,Espanyol,1,1,D
03/05/2019,Sevilla,Leganes,0,3,A
04/05/2019,Levante,Rayo Vallecano,4,1,H
04/05/2019,Espanyol,Atletico Madrid,3,0,H
04/05/2019,Alaves,Real Sociedad,0,1,A
04/05/2019,Celta Vigo,Barcelona,2,0,H
05/05/2019,Getafe,Girona,2,0,H
05/05/2019,Eibar,Real Betis,1,0,H
05/05/2019,Real Madrid,Villarreal,3,2,H
05/05/2019,Valladolid,Athletic Bilbao,1,0,H
05/05/2019,Huesca,Valencia,2,6,A
12/05/2019,Athletic Bilbao,Celta Vigo,3,1,H
12/05/2019,Atletico Madrid,Sevilla,1,1,D
12/05/2019,Barcelona,Getafe,2,0,H
12/05/2019,Real Betis,Huesca,2,1,H
12/05/2019,Girona,Levante,1,2,A
12/05/2019,Rayo Vallecano,Valladolid,1,2,A
12/05/2019,Valencia,Alaves,3,1,H
12/05/2019,Villarreal,Eibar,1,0,H
12/05/2019,Leganes,Espanyol,0,2,A
12/05/2019,Real Sociedad,Real Madrid,3,1,H
18/05/2019,Levante,Atletico Madrid,2,2,D
18/05/2019,Espanyol,Real Sociedad,2,0,H
18/05/2019,Getafe,Villarreal,2,2,D
18/05/2019,Sevilla,Athletic Bilbao,2,0,H
18/05/2019,Valladolid,Valencia,0,2,A
18/05/2019,Alaves,Girona,2,1,H
18/05/2019,Celta Vigo,Rayo Vallecano,2,2,D
18/05/2019,Huesca,Leganes,2,1,H
19/05/2019,Real Madrid,Real Betis,0,2,A
19/05/2019,Eibar,Barcelona,2,2,D
16/08/2019,Athletic Bilbao,Barcelona,1,0,H
17/08/2019,Celta Vigo,Real Madrid,1,3,A
17/08/2019,Valencia,Real Sociedad,1,1,D
17/08/2019,Mallorca,Eibar,2,1,H
17/08/2019,Leganes,Osasuna,0,1,A
17/08/2019,Villarreal,Granada,4,4,D
18/08/2019,Alaves,Levante,1,0,H
18/08/2019,Espanyol,Sevilla,0,2,A
18/08/2019,Real Betis,Valladolid,1,2,A
18/08/2019,Atletico Madrid,Getafe,1,0,H
23/08/2019,Granada,Sevilla,0,1,A
23/08/2019,Levante,Villarreal,2,1,H
24/08/2019,Osasuna,Eibar,0,0,D
24/08/2019,Real Madrid,Valladolid,1,1,D
24/08/2019,Celta Vigo,Valencia,1,0,H
24/08/2019,Getafe,Athletic Bilbao,1,1,D
25/08/2019,Alaves,Espanyol,0,0,D
25/08/2019,Mallorca,Real Sociedad,0,1,A
25/08/2019,Leganes,Atletico Madrid,0,1,A
25/08/2019,Barcelona,Real Betis,5,2,H
30/08/2019,Sevilla,Celta Vigo,1,1,D
30/08/2019,Athletic Bilbao,Real Sociedad,2,0,H
31/08/2019,Osasuna,Barcelona,2,2,D
31/08/2019,Getafe,Alaves,1,1,D
31/08/2019,Levante,Valladolid,2,0,H
31/08/2019,Real Betis,Leganes,2,1,H
01/09/2019,Valencia,Mallorca,2,0,H
01/09/2019,Atletico Madrid,Eibar,3,2,H
01/09/2019,Espanyol,Granada,0,3,A
01/09/2019,Villarreal,Real Madrid,2,2,D
13/09/2019,Mallorca,Athletic Bilbao,0,0,D
14/09/2019,Real Madrid,Levante,3,2,H
14/09/2019,Leganes,Villarreal,0,3,A
14/09/2019,Real Sociedad,Atletico Madrid,2,0,H
14/09/2019,Barcelona,Valencia,5,2,H
15/09/2019,Eibar,Espanyol,1,2,A
15/09/2019,Alaves,Sevilla,0,1,A
15/09/2019,Celta Vigo,Granada,0,2,A
15/09/2019,Valladolid,Osasuna,1,1,D
15/09/2019,Real Betis,Getafe,1,1,D
20/09/2019,Osasuna,Real Betis,0,0,D
21/09/2019,Villarreal,Valladolid,2,0,H
21/09/2019,Levante,Eibar,0,0,D
21/09/2019,Atletico Madrid,Celta Vigo,0,0,D
21/09/2019,Granada,Barcelona,2,0,H
22/09/2019,Getafe,Mallorca,4,2,H
22/09/2019,Espanyol,Real Sociedad,1,3,A
22/09/2019,Valencia,Leganes,1,1,D
22/09/2019,Athletic Bilbao,Alaves,2,0,H
22/09/2019,Sevilla,Real Madrid,0,1,A
24/09/2019,Valladolid,Granada,1,1,D
24/09/2019,Real Betis,Levante,3,1,H
24/09/2019,Barcelona,Villarreal,2,1,H
25/09/2019,Leganes,Athletic Bilbao,1,1,D
25/09/2019,Mallorca,Atletico Madrid,0,2,A
25/09/2019,Valencia,Getafe,3,3,D
25/09/2019,Real Madrid,Osasuna,2,0,H
26/09/2019,Eibar,Sevilla,3,2,H
26/09/2019,Celta Vigo,Espanyol,1,1,D
26/09/2019,Real Sociedad,Alaves,3,0,H
27/09/2019,Villarreal,Real Betis,5,1,H
28/09/2019,Athletic Bilbao,Valencia,0,1,A
28/09/2019,Getafe,Barcelona,0,2,A
28/09/2019,Granada,Leganes,1,0,H
28/09/2019,Atletico Madrid,Real Madrid,0,0,D
29/09/2019,Espanyol,Valladolid,0,2,A
29/09/2019,Eibar,Celta Vigo,2,0,H
29/09/2019,Alaves,Mallorca,2,0,H
29/09/2019,Levante,Osasuna,1,1,D
29/09/2019,Sevilla,Real Sociedad,3,2,H
04/10/2019,Real Betis,Eibar,1,1,D
05/10/2019,Leganes,Levante,1,2,A
05/10/2019,Real Madrid,Granada,4,2,H
05/10/2019,Valencia,Alaves,2,1,H
05/10/2019,Osasuna,Villarreal,2,1,H
06/10/2019,Mallorca,Espanyol,2,0,H
06/10/2019,Celta Vigo,Athletic Bilbao,1,0,H
06/10/2019,Valladolid,Atletico Madrid,0,0,D
06/10/2019,Real Sociedad,Getafe,1,2,A
06/10/2019,Barcelona,Sevilla,4,0,H
18/10/2019,Granada,Osasuna,1,0,H
19/10/2019,Eibar,Barcelona,0,3,A
19/10/2019,Atletico Madrid,Valencia,1,1,D
19/10/2019,Getafe,Leganes,2,0,H
19/10/2019,Mallorca,Real Madrid,1,0,H
20/10/2019,Alaves,Celta Vigo,2,0,H
20/10/2019,Real Sociedad,Real Betis,3,1,H
20/10/2019,Espanyol,Villarreal,0,1,A
20/10/2019,Athletic Bilbao,Valladolid,1,1,D
20/10/2019,Sevilla,Levante,1,0,H
25/10/2019,Villarreal,Alaves,4,1,H
26/10/2019,Leganes,Mallorca,1,0,H
26/10/2019,Valladolid,Eibar,2,0,H
26/10/2019,Atletico Madrid,Athletic Bilbao,2,0,H
27/10/2019,Celta Vigo,Real Sociedad,0,1,A
27/10/2019,Granada,Real Betis,1,0,H
27/10/2019,Levante,Espanyol,0,1,A
27/10/2019,Sevilla,Getafe,2,0,H
27/10/2019,Osasuna,Valencia,3,1,H
18/12/2019,Barcelona,Real Madrid,0,0,D
29/10/2019,Alaves,Atletico Madrid,1,1,D
29/10/2019,Barcelona,Valladolid,5,1,H
30/10/2019,Real Sociedad,Levante,1,2,A
30/10/2019,Valencia,Sevilla,1,1,D
30/10/2019,Athletic Bilbao,Espanyol,3,0,H
30/10/2019,Real Betis,Celta Vigo,2,1,H
30/10/2019,Real Madrid,Leganes,5,0,H
31/10/2019,Eibar,Villarreal,2,1,H
31/10/2019,Mallorca,Osasuna,2,2,D
31/10/2019,Getafe,Granada,3,1,H
02/11/2019,Espanyol,Valencia,1,2,A
02/11/2019,Levante,Barcelona,3,1,H
02/11/2019,Sevilla,Atletico Madrid,1,1,D
02/11/2019,Real Madrid,Real Betis,0,0,D
03/11/2019,Valladolid,Mallorca,3,0,H
03/11/2019,Villarreal,Athletic Bilbao,0,0,D
03/11/2019,Osasuna,Alaves,4,2,H
03/11/2019,Celta Vigo,Getafe,0,1,A
03/11/2019,Leganes,Eibar,1,2,A
03/11/2019,Granada,Real Sociedad,1,2,A
08/11/2019,Real Sociedad,Leganes,1,1,D
09/11/2019,Alaves,Valladolid,3,0,H
09/11/2019,Valencia,Granada,2,0,H
09/11/2019,Eibar,Real Madrid,0,4,A
09/11/2019,Barcelona,Celta Vigo,4,1,H
10/11/2019,Mallorca,Villarreal,3,1,H
10/11/2019,Athletic Bilbao,Levante,2,1,H
10/11/2019,Atletico Madrid,Espanyol,3,1,H
10/11/2019,Getafe,Osasuna,0,0,D
10/11/2019,Real Betis,Sevilla,1,2,A
22/11/2019,Levante,Mallorca,2,1,H
23/11/2019,Leganes,Barcelona,1,2,A
23/11/2019,Real Betis,Valencia,2,1,H
23/11/2019,Granada,Atletico Madrid,1,1,D
23/11/2019,Real Madrid,Real Sociedad,3,1,H
24/11/2019,Espanyol,Getafe,1,1,D
24/11/2019,Osasuna,Athletic Bilbao,1,2,A
24/11/2019,Eibar,Alaves,0,2,A
24/11/2019,Villarreal,Celta Vigo,1,3,A
24/11/2019,Valladolid,Sevilla,0,1,A
29/11/2019,Celta Vigo,Valladolid,0,0,D
30/11/2019,Alaves,Real Madrid,1,2,A
30/11/2019,Real Sociedad,Eibar,4,1,H
30/11/2019,Mallorca,Real Betis,1,2,A
30/11/2019,Valencia,Villarreal,2,1,H
01/12/2019,Sevilla,Leganes,1,0,H
01/12/2019,Athletic Bilbao,Granada,2,0,H
01/12/2019,Espanyol,Osasuna,2,4,A
01/12/2019,Getafe,Levante,4,0,H
01/12/2019,Atletico Madrid,Barcelona,0,1,A
06/12/2019,Villarreal,Atletico Madrid,0,0,D
07/12/2019,Real Madrid,Espanyol,2,0,H
07/12/2019,Granada,Alaves,3,0,H
07/12/2019,Levante,Valencia,2,4,A
07/12/2019,Barcelona,Mallorca,5,2,H
08/12/2019,Eibar,Getafe,0,1,A
08/12/2019,Real Betis,Athletic Bilbao,3,2,H
08/12/2019,Valladolid,Real Sociedad,0,0,D
08/12/2019,Leganes,Celta Vigo,3,2,H
08/12/2019,Osasuna,Sevilla,1,1,D
13/12/2019,Alaves,Leganes,1,1,D
14/12/2019,Granada,Levante,1,2,A
14/12/2019,Real Sociedad,Barcelona,2,2,D
14/12/2019,Athletic Bilbao,Eibar,0,0,D
14/12/2019,Atletico Madrid,Osasuna,2,0,H
15/12/2019,Getafe,Valladolid,2,0,H
15/12/2019,Celta Vigo,Mallorca,2,2,D
15/12/2019,Espanyol,Real Betis,2,2,D
15/12/2019,Sevilla,Villarreal,1,2,A
15/12/2019,Valencia,Real Madrid,1,1,D
20/12/2019,Eibar,Granada,3,0,H
21/12/2019,Mallorca,Sevilla,0,2,A
21/12/2019,Barcelona,Alaves,4,1,H
21/12/2019,Villarreal,Getafe,1,0,H
21/12/2019,Valladolid,Valencia,1,1,D
22/12/2019,Leganes,Espanyol,2,0,H
22/12/2019,Osasuna,Real Sociedad,3,4,A
22/12/2019,Real Betis,Atletico Madrid,1,2,A
22/12/2019,Levante,Celta Vigo,3,1,H
22/12/2019,Real Madrid,Athletic Bilbao,0,0,D
03/01/2020,Valladolid,Leganes,2,2,D
03/01/2020,Sevilla,Athletic Bilbao,1,1,D
04/01/2020,Valencia,Eibar,1,0,H
04/01/2020,Getafe,Real Madrid,0,3,A
04/01/2020,Atletico Madrid,Levante,2,1,H
04/01/2020,Espanyol,Barcelona,2,2,D
05/01/2020,Granada,Mallorca,1,0,H
05/01/2020,Real Sociedad,Villarreal,1,2,A
05/01/2020,Alaves,Real Betis,1,1,D
05/01/2020,Celta Vigo,Osasuna,1,1,D
17/01/2020,Leganes,Getafe,0,3,A
18/01/2020,Levante,Alaves,0,1,A
18/01/2020,Real Madrid,Sevilla,2,1,H
18/01/2020,Osasuna,Valladolid,0,0,D
18/01/2020,Eibar,Atletico Madrid,2,0,H
19/01/2020,Mallorca,Valencia,4,1,H
19/01/2020,Real Betis,Real Sociedad,3,0,H
19/01/2020,Villarreal,Espanyol,1,2,A
19/01/2020,Athletic Bilbao,Celta Vigo,1,1,D
19/01/2020,Barcelona,Granada,1,0,H
24/01/2020,Osasuna,Levante,2,0,H
25/01/2020,Espanyol,Athletic Bilbao,1,1,D
25/01/2020,Valencia,Barcelona,2,0,H
25/01/2020,Alaves,Villarreal,1,2,A
25/01/2020,Sevilla,Granada,2,0,H
26/01/2020,Atletico Madrid,Leganes,0,0,D
26/01/2020,Celta Vigo,Eibar,0,0,D
26/01/2020,Getafe,Real Betis,1,0,H
26/01/2020,Real Sociedad,Mallorca,3,0,H
26/01/2020,Valladolid,Real Madrid,0,1,A
01/02/2020,Granada,Espanyol,2,1,H
01/02/2020,Real Madrid,Atletico Madrid,1,0,H
01/02/2020,Mallorca,Valladolid,0,1,A
01/02/2020,Valencia,Celta Vigo,1,0,H
02/02/2020,Leganes,Real Sociedad,2,1,H
02/02/2020,Eibar,Real Betis,1,1,D
02/02/2020,Athletic Bilbao,Getafe,0,2,A
02/02/2020,Sevilla,Alaves,1,1,D
02/02/2020,Villarreal,Osasuna,3,1,H
02/02/2020,Barcelona,Levante,2,1,H
07/02/2020,Alaves,Eibar,2,1,H
08/02/2020,Levante,Leganes,2,0,H
08/02/2020,Getafe,Valencia,3,0,H
08/02/2020,Valladolid,Villarreal,1,1,D
08/02/2020,Atletico Madrid,Granada,1,0,H
09/02/2020,Espanyol,Mallorca,1,0,H
09/02/2020,Real Sociedad,Athletic Bilbao,2,1,H
09/02/2020,Osasuna,Real Madrid,1,4,A
09/02/2020,Celta Vigo,Sevilla,2,1,H
09/02/2020,Real Betis,Barcelona,2,3,A
14/02/2020,Valencia,Atletico Madrid,2,2,D
15/02/2020,Mallorca,Alaves,1,0,H
15/02/2020,Barcelona,Getafe,2,1,H
15/02/2020,Villarreal,Levante,2,1,H
15/02/2020,Granada,Valladolid,2,1,H
16/02/2020,Sevilla,Espanyol,2,2,D
16/02/2020,Leganes,Real Betis,0,0,D
16/02/2020,Athletic Bilbao,Osasuna,0,1,A
16/02/2020,Real Madrid,Celta Vigo,2,2,D
10/03/2020,Eibar,Real Sociedad,1,2,A
21/02/2020,Real Betis,Mallorca,3,3,D
22/02/2020,Celta Vigo,Leganes,1,0,H
22/02/2020,Barcelona,Eibar,5,0,H
22/02/2020,Real Sociedad,Valencia,3,0,H
22/02/2020,Levante,Real Madrid,1,0,H
23/02/2020,Osasuna,Granada,0,3,A
23/02/2020,Alaves,Athletic Bilbao,2,1,H
23/02/2020,Valladolid,Espanyol,2,1,H
23/02/2020,Getafe,Sevilla,0,3,A
23/02/2020,Atletico Madrid,Villarreal,3,1,H
28/02/2020,Real Sociedad,Valladolid,1,0,H
29/02/2020,Eibar,Levante,3,0,H
29/02/2020,Valencia,Real Betis,2,1,H
29/02/2020,Leganes,Alaves,1,1,D
29/02/2020,Granada,Celta Vigo,0,0,D
01/03/2020,Sevilla,Osasuna,3,2,H
01/03/2020,Athletic Bilbao,Villarreal,1,0,H
01/03/2020,Espanyol,Atletico Madrid,1,1,D
01/03/2020,Mallorca,Getafe,0,1,A
01/03/2020,Real Madrid,Barcelona,2,0,H
06/03/2020,Alaves,Valencia,1,1,D
07/03/2020,Eibar,Mallorca,1,2,A
07/03/2020,Atletico Madrid,Sevilla,2,2,D
07/03/2020,Barcelona,Real Sociedad,1,0,H
07/03/2020,Getafe,Celta Vigo,0,0,D
08/03/2020,Osasuna,Espanyol,1,0,H
08/03/2020,Valladolid,Athletic Bilbao,1,4,A
08/03/2020,Levante,Granada,1,1,D
08/03/2020,Villarreal,Leganes,1,2,A
08/03/2020,Real Betis,Real Madrid,2,1,H
11/06/2020,Sevilla,Real Betis,2,0,H
12/06/2020,Granada,Getafe,2,1,H
12/06/2020,Valencia,Levante,1,1,D
13/06/2020,Espanyol,Alaves,2,0,H
13/06/2020,Celta Vigo,Villarreal,0,1,A
13/06/2020,Leganes,Valladolid,1,2,A
13/06/2020,Mallorca,Barcelona,0,4,A
14/06/2020,Athletic Bilbao,Atletico Madrid,1,1,D
14/06/2020,Real Madrid,Eibar,3,1,H
14/06/2020,Real Sociedad,Osasuna,1,1,D
15/06/2020,Levante,Sevilla,1,1,D
15/06/2020,Real Betis,Granada,2,2,D
16/06/2020,Getafe,Espanyol,0,0,D
16/06/2020,Villarreal,Mallorca,1,0,H
16/06/2020,Barcelona,Leganes,2,0,H
17/06/2020,Eibar,Athletic Bilbao,2,2,D
17/06/2020,Valladolid,Celta Vigo,0,0,D
17/06/2020,Osasuna,Atletico Madrid,0,5,A
18/06/2020,Alaves,Real Sociedad,2,0,H
18/06/2020,Real Madrid,Valencia,3,0,H
19/06/2020,Granada,Villarreal,0,1,A
19/06/2020,Mallorca,Leganes,1,1,D
19/06/2020,Sevilla,Barcelona,0,0,D
20/06/2020,Espanyol,Levante,1,3,A
20/06/2020,Athletic Bilbao,Real Betis,1,0,H
20/06/2020,Getafe,Eibar,1,1,D
20/06/2020,Atletico Madrid,Valladolid,1,0,H
21/06/2020,Celta Vigo,Alaves,6,0,H
21/06/2020,Valencia,Osasuna,2,0,H
21/06/2020,Real Sociedad,Real Madrid,1,2,A
22/06/2020,Villarreal,Sevilla,2,2,D
22/06/2020,Leganes,Granada,0,0,D
23/06/2020,Levante,Atletico Madrid,0,1,A
23/06/2020,Valladolid,Getafe,1,1,D
23/06/2020,Barcelona,Athletic Bilbao,1,0,H
24/06/2020,Alaves,Osasuna,0,1,A
24/06/2020,Real Sociedad,Celta Vigo,0,1,A
24/06/2020,Real Madrid,Mallorca,2,0,H
25/06/2020,Eibar,Valencia,1,0,H
25/06/2020,Real Betis,Espanyol,1,0,H
26/06/2020,Sevilla,Valladolid,1,1,D
27/06/2020,Athletic Bilbao,Mallorca,3,1,H
27/06/2020,Celta Vigo,Barcelona,2,2,D
27/06/2020,Osasuna,Leganes,2,1,H
27/06/2020,Atletico Madrid,Alaves,2,1,H
28/06/2020,Levante,Real Betis,4,2,H
28/06/2020,Villarreal,Valencia,2,0,H
28/06/2020,Granada,Eibar,1,2,A
28/06/2020,Espanyol,Real Madrid,0,1,A
29/06/2020,Getafe,Real Sociedad,2,1,H
30/06/2020,Mallorca,Celta Vigo,5,1,H
30/06/2020,Leganes,Sevilla,0,3,A
30/06/2020,Barcelona,Atletico Madrid,2,2,D
01/07/2020,Alaves,Granada,0,2,A
01/07/2020,Valencia,Athletic Bilbao,0,2,A
01/07/2020,Real Betis,Villarreal,0,2,A
01/07/2020,Valladolid,Levante,0,0,D
02/07/2020,Eibar,Osasuna,0,2,A
02/07/2020,Real Sociedad,Espanyol,2,1,H
02/07/2020,Real Madrid,Getafe,1,0,H
03/07/2020,Atletico Madrid,Mallorca,3,0,H
04/07/2020,Celta Vigo,Real Betis,1,1,D
04/07/2020,Valladolid,Alaves,1,0,H
04/07/2020,Granada,Valencia,2,2,D
05/07/2020,Athletic Bilbao,Real Madrid,0,1,A
05/07/2020,Espanyol,Leganes,0,1,A
05/07/2020,Osasuna,Getafe,0,0,D
05/07/2020,Villarreal,Barcelona,1,4,A
06/07/2020,Levante,Real Sociedad,1,1,D
06/07/2020,Sevilla,Eibar,1,0,H
07/07/2020,Valencia,Valladolid,2,1,H
07/07/2020,Celta Vigo,Atletico Madrid,1,1,D
08/07/2020,Real Betis,Osasuna,3,0,H
08/07/2020,Getafe,Villarreal,1,3,A
08/07/2020,Barcelona,Espanyol,1,0,H
09/07/2020,Eibar,Leganes,0,0,D
09/07/2020,Mallorca,Levante,2,0,H
09/07/2020,Athletic Bilbao,Sevilla,1,2,A
10/07/2020,Real Sociedad,Granada,2,3,A
10/07/2020,Real Madrid,Alaves,2,0,H
11/07/2020,Osasuna,Celta Vigo,2,1,H
11/07/2020,Valladolid,Barcelona,0,1,A
11/07/2020,Atletico Madrid,Real Betis,1,0,H
12/07/2020,Espanyol,Eibar,0,2,A
12/07/2020,Levante,Athletic Bilbao,1,2,A
12/07/2020,Leganes,Valencia,1,0,H
12/07/2020,Sevilla,Mallorca,2,0,H
13/07/2020,Alaves,Getafe,0,0,D
13/07/2020,Villarreal,Real Sociedad,1,2,A
13/07/2020,Granada,Real Madrid,1,2,A
16/07/2020,Eibar,Valladolid,3,1,H
16/07/2020,Athletic Bilbao,Leganes,0,2,A
16/07/2020,Barcelona,Osasuna,1,2,A
16/07/2020,Real Betis,Alaves,1,2,A
16/07/2020,Celta Vigo,Levante,2,3,A
16/07/2020,Getafe,Atletico Madrid,0,2,A
16/07/2020,Mallorca,Granada,1,2,A
16/07/2020,Real Madrid,Villarreal,2,1,H
16/07/2020,Real Sociedad,Sevilla,0,0,D
16/07/2020,Valencia,Espanyol,1,0,H
19/07/2020,Alaves,Barcelona,0,5,A
19/07/2020,Villarreal,Eibar,4,0,H
19/07/2020,Valladolid,Real Betis,2,0,H
19/07/2020,Atletico Madrid,Real Sociedad,1,1,D
19/07/2020,Espanyol,Celta Vigo,0,0,D
19/07/2020,Granada,Athletic Bilbao,4,0,H
19/07/2020,Leganes,Real Madrid,2,2,D
19/07/2020,Levante,Getafe,1,0,H
19/07/2020,Osasuna,Mallorca,2,2,D
19/07/2020,Sevilla,Valencia,1,0,H
12/09/2020,Eibar,Celta Vigo,0,0,D
12/09/2020,Granada,Athletic Bilbao,2,0,H
12/09/2020,Cadiz,Osasuna,0,2,A
13/09/2020,Alaves,Real Betis,0,1,A
13/09/2020,Valladolid,Real Sociedad,1,1,D
13/09/2020,Villarreal,Huesca,1,1,D
13/09/2020,Valencia,Levante,4,2,H
19/09/2020,Villarreal,Eibar,2,1,H
19/09/2020,Getafe,Osasuna,1,0,H
19/09/2020,Celta Vigo,Valencia,2,1,H
20/09/2020,Huesca,Cadiz,0,2,A
20/09/2020,Real Betis,Valladolid,2,0,H
20/09/2020,Granada,Alaves,2,1,H
20/09/2020,Real Sociedad,Real Madrid,0,0,D
26/09/2020,Alaves,Getafe,0,0,D
26/09/2020,Valencia,Huesca,1,1,D
26/09/2020,Elche,Real Sociedad,0,3,A
26/09/2020,Real Betis,Real Madrid,2,3,A
27/09/2020,Osasuna,Levante,1,3,A
27/09/2020,Eibar,Athletic Bilbao,1,2,A
27/09/2020,Atletico Madrid,Granada,6,1,H
27/09/2020,Valladolid,Celta Vigo,1,1,D
27/09/2020,Cadiz,Sevilla,1,3,A
27/09/2020,Barcelona,Villarreal,4,0,H
29/09/2020,Real Sociedad,Valencia,0,1,A
29/09/2020,Getafe,Real Betis,3,0,H
30/09/2020,Villarreal,Alaves,3,1,H
30/09/2020,Huesca,Atletico Madrid,0,0,D
30/09/2020,Real Madrid,Valladolid,1,0,H
30/09/2020,Eibar,Elche,0,1,A
01/10/2020,Sevilla,Levante,1,0,H
01/10/2020,Athletic Bilbao,Cadiz,0,1,A
01/10/2020,Celta Vigo,Barcelona,0,3,A
03/10/2020,Valladolid,Eibar,1,2,A
03/10/2020,Atletico Madrid,Villarreal,0,0,D
03/10/2020,Real Sociedad,Getafe,3,0,H
03/10/2020,Elche,Huesca,0,0,D
03/10/2020,Valencia,Real Betis,0,2,A
04/10/2020,Osasuna,Celta Vigo,2,0,H
04/10/2020,Alaves,Athletic Bilbao,1,0,H
04/10/2020,Levante,Real Madrid,0,2,A
04/10/2020,Cadiz,Granada,1,1,D
04/10/2020,Barcelona,Sevilla,1,1,D
17/10/2020,Granada,Sevilla,1,0,H
17/10/2020,Celta Vigo,Atletico Madrid,0,2,A
17/10/2020,Real Madrid,Cadiz,0,1,A
17/10/2020,Getafe,Barcelona,1,0,H
18/10/2020,Eibar,Osasuna,0,0,D
18/10/2020,Athletic Bilbao,Levante,2,0,H
18/10/2020,Villarreal,Valencia,2,1,H
18/10/2020,Huesca,Valladolid,2,2,D
18/10/2020,Alaves,Elche,0,2,A
18/10/2020,Real Betis,Real Sociedad,0,3,A
23/10/2020,Elche,Valencia,2,1,H
24/10/2020,Barcelona,Real Madrid,1,3,A
24/10/2020,Osasuna,Athletic Bilbao,1,0,H
24/10/2020,Sevilla,Eibar,0,1,A
24/10/2020,Atletico Madrid,Real Betis,2,0,H
25/10/2020,Valladolid,Alaves,0,2,A
25/10/2020,Cadiz,Villarreal,0,0,D
25/10/2020,Getafe,Granada,0,1,A
25/10/2020,Real Sociedad,Huesca,4,1,H
26/10/2020,Levante,Celta Vigo,1,1,D
30/10/2020,Eibar,Cadiz,0,2,A
31/10/2020,Real Madrid,Huesca,4,1,H
31/10/2020,Athletic Bilbao,Sevilla,2,1,H
31/10/2020,Osasuna,Atletico Madrid,1,3,A
31/10/2020,Alaves,Barcelona,1,1,D
01/11/2020,Real Betis,Elche,3,1,H
01/11/2020,Celta Vigo,Real Sociedad,1,4,A
01/11/2020,Granada,Levante,1,1,D
01/11/2020,Valencia,Getafe,2,2,D
02/11/2020,Villarreal,Valladolid,2,0,H
06/11/2020,Elche,Celta Vigo,1,1,D
07/11/2020,Huesca,Eibar,1,1,D
07/11/2020,Barcelona,Real Betis,5,2,H
07/11/2020,Sevilla,Osasuna,1,0,H
07/11/2020,Atletico Madrid,Cadiz,4,0,H
08/11/2020,Getafe,Villarreal,1,3,A
08/11/2020,Real Sociedad,Granada,2,0,H
08/11/2020,Levante,Alaves,1,1,D
08/11/2020,Valladolid,Athletic Bilbao,2,1,H
08/11/2020,Valencia,Real Madrid,4,1,H
20/11/2020,Osasuna,Huesca,1,1,D
21/11/2020,Levante,Elche,1,1,D
21/11/2020,Villarreal,Real Madrid,1,1,D
21/11/2020,Sevilla,Celta Vigo,4,2,H
21/11/2020,Atletico Madrid,Barcelona,1,0,H
22/11/2020,Eibar,Getafe,0,0,D
22/11/2020,Cadiz,Real Sociedad,0,1,A
22/11/2020,Granada,Valladolid,1,3,A
22/11/2020,Alaves,Valencia,2,2,D
23/11/2020,Athletic Bilbao,Real Betis,4,0,H
27/11/2020,Valladolid,Levante,1,1,D
28/11/2020,Elche,Cadiz,1,1,D
28/11/2020,Valencia,Atletico Madrid,0,1,A
28/11/2020,Huesca,Sevilla,0,1,A
28/11/2020,Real Madrid,Alaves,1,2,A
29/11/2020,Barcelona,Osasuna,4,0,H
29/11/2020,Getafe,Athletic Bilbao,1,1,D
29/11/2020,Celta Vigo,Granada,3,1,H
29/11/2020,Real Sociedad,Villarreal,1,1,D
30/11/2020,Real Betis,Eibar,0,2,A
04/12/2020,Athletic Bilbao,Celta Vigo,0,2,A
05/12/2020,Levante,Getafe,3,0,H
05/12/2020,Sevilla,Real Madrid,0,1,A
05/12/2020,Atletico Madrid,Valladolid,2,0,H
05/12/2020,Cadiz,Barcelona,2,1,H
06/12/2020,Granada,Huesca,3,3,D
06/12/2020,Osasuna,Real Betis,0,2,A
06/12/2020,Villarreal,Elche,0,0,D
06/12/2020,Alaves,Real Sociedad,0,0,D
07/12/2020,Eibar,Valencia,0,0,D
11/12/2020,Valladolid,Osasuna,3,2,H
12/12/2020,Valencia,Athletic Bilbao,2,2,D
12/12/2020,Getafe,Sevilla,0,1,A
12/12/2020,Huesca,Alaves,1,0,H
12/12/2020,Real Madrid,Atletico Madrid,2,0,H
13/12/2020,Real Sociedad,Eibar,1,1,D
13/12/2020,Real Betis,Villarreal,1,1,D
13/12/2020,Elche,Granada,0,1,A
13/12/2020,Barcelona,Levante,1,0,H
14/12/2020,Celta Vigo,Cadiz,4,0,H
15/12/2020,Real Madrid,Athletic Bilbao,3,1,H
16/12/2020,Barcelona,Real Sociedad,2,1,H
18/12/2020,Athletic Bilbao,Huesca,2,0,H
19/12/2020,Atletico Madrid,Elche,3,1,H
19/12/2020,Barcelona,Valencia,2,2,D
19/12/2020,Levante,Real Sociedad,2,1,H
19/12/2020,Osasuna,Villarreal,1,3,A
19/12/2020,Sevilla,Valladolid,1,1,D
20/12/2020,Celta Vigo,Alaves,2,0,H
20/12/2020,Granada,Real Betis,2,0,H
20/12/2020,Cadiz,Getafe,0,2,A
20/12/2020,Eibar,Real Madrid,1,3,A
22/12/2020,Valencia,Sevilla,0,1,A
22/12/2020,Elche,Osasuna,2,2,D
22/12/2020,Real Sociedad,Atletico Madrid,0,2,A
22/12/2020,Huesca,Levante,1,1,D
22/12/2020,Valladolid,Barcelona,0,3,A
22/12/2020,Villarreal,Athletic Bilbao,1,1,D
23/12/2020,Getafe,Celta Vigo,1,1,D
23/12/2020,Real Madrid,Granada,2,0,H
23/12/2020,Real Betis,Cadiz,1,0,H
23/12/2020,Alaves,Eibar,2,1,H
29/12/2020,Sevilla,Villarreal,2,0,H
29/12/2020,Barcelona,Eibar,1,1,D
29/12/2020,Cadiz,Valladolid,0,0,D
29/12/2020,Levante,Real Betis,4,3,H
30/12/2020,Granada,Valencia,2,1,H
30/12/2020,Celta Vigo,Huesca,2,1,H
30/12/2020,Atletico Madrid,Getafe,1,0,H
30/12/2020,Elche,Real Madrid,1,1,D
31/12/2020,Athletic Bilbao,Real Sociedad,0,1,A
31/12/2020,Osasuna,Alaves,1,1,D
02/01/2021,Villarreal,Levante,2,1,H
02/01/2021,Real Betis,Sevilla,1,1,D
02/01/2021,Getafe,Valladolid,0,1,A
02/01/2021,Real Madrid,Celta Vigo,2,0,H
03/01/2021,Athletic Bilbao,Elche,1,0,H
03/01/2021,Alaves,Atletico Madrid,1,2,A
03/01/2021,Real Sociedad,Osasuna,1,1,D
03/01/2021,Eibar,Granada,2,0,H
03/01/2021,Huesca,Barcelona,0,1,A
04/01/2021,Valencia,Cadiz,1,1,D
06/01/2021,Athletic Bilbao,Barcelona,2,3,A
08/01/2021,Celta Vigo,Villarreal,0,4,A
09/01/2021,Sevilla,Real Sociedad,3,2,H
09/01/2021,Granada,Barcelona,0,4,A
09/01/2021,Osasuna,Real Madrid,0,0,D
10/01/2021,Levante,Eibar,2,1,H
10/01/2021,Cadiz,Alaves,3,1,H
10/01/2021,Valladolid,Valencia,0,1,A
11/01/2021,Elche,Getafe,1,3,A
11/01/2021,Huesca,Real Betis,0,2,A
12/01/2021,Granada,Osasuna,2,0,H
12/01/2021,Atletico Madrid,Sevilla,2,0,H
19/01/2021,Valladolid,Elche,2,2,D
19/01/2021,Cadiz,Levante,2,2,D
19/01/2021,Alaves,Sevilla,1,2,A
20/01/2021,Getafe,Huesca,1,0,H
20/01/2021,Real Betis,Celta Vigo,2,1,H
20/01/2021,Villarreal,Granada,2,2,D
21/01/2021,Valencia,Osasuna,1,1,D
21/01/2021,Eibar,Atletico Madrid,1,2,A
22/01/2021,Levante,Valladolid,2,2,D
23/01/2021,Huesca,Villarreal,0,0,D
23/01/2021,Sevilla,Cadiz,3,0,H
23/01/2021,Real Sociedad,Real Betis,2,2,D
23/01/2021,Alaves,Real Madrid,1,4,A
24/01/2021,Osasuna,Granada,3,1,H
24/01/2021,Elche,Barcelona,0,2,A
24/01/2021,Celta Vigo,Eibar,1,1,D
24/01/2021,Atletico Madrid,Valencia,3,1,H
25/01/2021,Athletic Bilbao,Getafe,5,1,H
29/01/2021,Valladolid,Huesca,1,3,A
30/01/2021,Eibar,Sevilla,0,2,A
30/01/2021,Real Madrid,Levante,1,2,A
30/01/2021,Valencia,Elche,1,0,H
30/01/2021,Villarreal,Real Sociedad,1,1,D
31/01/2021,Getafe,Alaves,0,0,D
31/01/2021,Cadiz,Atletico Madrid,2,4,A
31/01/2021,Granada,Celta Vigo,0,0,D
31/01/2021,Barcelona,Athletic Bilbao,2,1,H
01/02/2021,Real Betis,Osasuna,1,0,H
05/02/2021,Alaves,Valladolid,1,0,H
06/02/2021,Levante,Granada,2,2,D
06/02/2021,Huesca,Real Madrid,1,2,A
06/02/2021,Elche,Villarreal,2,2,D
06/02/2021,Sevilla,Getafe,3,0,H
07/02/2021,Real Sociedad,Cadiz,4,1,H
07/02/2021,Athletic Bilbao,Valencia,1,1,D
07/02/2021,Osasuna,Eibar,2,1,H
07/02/2021,Real Betis,Barcelona,2,3,A
08/02/2021,Atletico Madrid,Celta Vigo,2,2,D
09/02/2021,Real Madrid,Getafe,2,0,H
12/02/2021,Celta Vigo,Elche,3,1,H
13/02/2021,Granada,Atletico Madrid,1,2,A
13/02/2021,Sevilla,Huesca,1,0,H
13/02/2021,Eibar,Valladolid,1,1,D
13/02/2021,Barcelona,Alaves,5,1,H
14/02/2021,Getafe,Real Sociedad,0,1,A
14/02/2021,Real Madrid,Valencia,2,0,H
14/02/2021,Levante,Osasuna,0,1,A
14/02/2021,Villarreal,Real Betis,1,2,A
15/02/2021,Cadiz,Athletic Bilbao,0,4,A
17/02/2021,Levante,Atletico Madrid,1,1,D
19/02/2021,Real Betis,Getafe,1,0,H
20/02/2021,Elche,Eibar,1,0,H
20/02/2021,Atletico Madrid,Levante,0,2,A
20/02/2021,Valencia,Celta Vigo,2,0,H
20/02/2021,Valladolid,Real Madrid,0,1,A
21/02/2021,Barcelona,Cadiz,1,1,D
21/02/2021,Real Sociedad,Alaves,4,0,H
21/02/2021,Huesca,Granada,3,2,H
21/02/2021,Athletic Bilbao,Villarreal,1,1,D
22/02/2021,Osasuna,Sevilla,0,2,A
24/02/2021,Barcelona,Elche,3,0,H
26/02/2021,Levante,Athletic Bilbao,1,1,D
27/02/2021,Eibar,Huesca,1,1,D
27/02/2021,Sevilla,Barcelona,0,2,A
27/02/2021,Alaves,Osasuna,0,1,A
27/02/2021,Getafe,Valencia,3,0,H
28/02/2021,Celta Vigo,Valladolid,1,1,D
28/02/2021,Cadiz,Real Betis,0,1,A
28/02/2021,Granada,Elche,2,1,H
28/02/2021,Villarreal,Atletico Madrid,0,2,A
01/03/2021,Real Madrid,Real Sociedad,1,1,D
05/03/2021,Valencia,Villarreal,2,1,H
06/03/2021,Valladolid,Getafe,2,1,H
06/03/2021,Elche,Sevilla,2,1,H
06/03/2021,Cadiz,Eibar,1,0,H
06/03/2021,Osasuna,Barcelona,0,2,A
07/03/2021,Huesca,Celta Vigo,3,4,A
07/03/2021,Atletico Madrid,Real Madrid,1,1,D
07/03/2021,Real Sociedad,Levante,1,0,H
07/03/2021,Athletic Bilbao,Granada,2,1,H
08/03/2021,Real Betis,Alaves,3,2,H
10/03/2021,Atletico Madrid,Athletic Bilbao,2,1,H
12/03/2021,Levante,Valencia,1,0,H
13/03/2021,Alaves,Cadiz,1,1,D
13/03/2021,Real Madrid,Elche,2,1,H
13/03/2021,Osasuna,Valladolid,0,0,D
13/03/2021,Getafe,Atletico Madrid,0,0,D
14/03/2021,Celta Vigo,Athletic Bilbao,0,0,D
14/03/2021,Granada,Real Sociedad,1,0,H
14/03/2021,Eibar,Villarreal,1,3,A
14/03/2021,Sevilla,Real Betis,1,0,H
15/03/2021,Barcelona,Huesca,4,1,H
17/03/2021,Sevilla,Elche,2,0,H
19/03/2021,Real Betis,Levante,2,0,H
20/03/2021,Athletic Bilbao,Eibar,1,1,D
20/03/2021,Celta Vigo,Real Madrid,1,3,A
20/03/2021,Huesca,Osasuna,0,0,D
20/03/2021,Valladolid,Sevilla,1,1,D
21/03/2021,Getafe,Elche,1,1,D
21/03/2021,Valencia,Granada,2,1,H
21/03/2021,Villarreal,Cadiz,2,1,H
21/03/2021,Atletico Madrid,Alaves,1,0,H
21/03/2021,Real Sociedad,Barcelona,1,6,A
02/04/2021,Levante,Huesca,0,2,A
03/04/2021,Granada,Villarreal,0,3,A
03/04/2021,Real Madrid,Eibar,2,0,H
03/04/2021,Osasuna,Getafe,0,0,D
04/04/2021,Alaves,Celta Vigo,1,3,A
04/04/2021,Elche,Real Betis,1,1,D
04/04/2021,Cadiz,Valencia,2,1,H
04/04/2021,Sevilla,Atletico Madrid,1,0,H
05/04/2021,Barcelona,Valladolid,1,0,H
07/04/2021,Real Sociedad,Athletic Bilbao,1,1,D
09/04/2021,Huesca,Elche,3,1,H
10/04/2021,Getafe,Cadiz,0,1,A
10/04/2021,Athletic Bilbao,Alaves,0,0,D
10/04/2021,Eibar,Levante,0,1,A
10/04/2021,Real Madrid,Barcelona,2,1,H
11/04/2021,Villarreal,Osasuna,1,2,A
11/04/2021,Valencia,Real Sociedad,2,2,D
11/04/2021,Valladolid,Granada,1,2,A
11/04/2021,Real Betis,Atletico Madrid,1,1,D
12/04/2021,Celta Vigo,Sevilla,3,4,A
18/04/2021,Osasuna,Elche,2,0,H
18/04/2021,Real Sociedad,Sevilla,1,2,A
18/04/2021,Atletico Madrid,Eibar,5,0,H
18/04/2021,Alaves,Huesca,1,0,H
18/04/2021,Real Betis,Valencia,2,2,D
18/04/2021,Cadiz,Celta Vigo,0,0,D
18/04/2021,Levante,Villarreal,1,5,A
18/04/2021,Getafe,Real Madrid,0,0,D
21/04/2021,Levante,Sevilla,0,1,A
21/04/2021,Osasuna,Valencia,3,1,H
21/04/2021,Real Betis,Athletic Bilbao,0,0,D
21/04/2021,Elche,Valladolid,1,1,D
21/04/2021,Alaves,Villarreal,2,1,H
21/04/2021,Cadiz,Real Madrid,0,3,A
22/04/2021,Atletico Madrid,Huesca,2,0,H
22/04/2021,Real Sociedad,Celta Vigo,2,1,H
22/04/2021,Granada,Eibar,4,1,H
22/04/2021,Barcelona,Getafe,5,2,H
24/04/2021,Elche,Levante,1,0,H
24/04/2021,Valladolid,Cadiz,1,1,D
24/04/2021,Valencia,Alaves,1,1,D
24/04/2021,Real Madrid,Real Betis,0,0,D
25/04/2021,Huesca,Getafe,0,2,A
25/04/2021,Villarreal,Barcelona,1,2,A
25/04/2021,Sevilla,Granada,2,1,H
25/04/2021,Celta Vigo,Osasuna,2,1,H
25/04/2021,Athletic Bilbao,Atletico Madrid,2,1,H
26/04/2021,Eibar,Real Sociedad,0,1,A
28/04/2021,Athletic Bilbao,Valladolid,2,2,D
29/04/2021,Barcelona,Granada,1,2,A
30/04/2021,Celta Vigo,Levante,2,0,H
01/05/2021,Eibar,Alaves,3,0,H
01/05/2021,Elche,Atletico Madrid,0,1,A
01/05/2021,Huesca,Real Sociedad,1,0,H
01/05/2021,Real Madrid,Osasuna,2,0,H
02/05/2021,Valladolid,Real Betis,1,1,D
02/05/2021,Villarreal,Getafe,1,0,H
02/05/2021,Granada,Cadiz,0,1,A
02/05/2021,Valencia,Barcelona,2,3,A
03/05/2021,Sevilla,Athletic Bilbao,0,1,A
07/05/2021,Real Sociedad,Elche,2,0,H
08/05/2021,Alaves,Levante,2,2,D
08/05/2021,Barcelona,Atletico Madrid,0,0,D
08/05/2021,Cadiz,Huesca,2,1,H
08/05/2021,Athletic Bilbao,Osasuna,2,2,D
09/05/2021,Getafe,Eibar,0,1,A
09/05/2021,Valencia,Valladolid,3,0,H
09/05/2021,Villarreal,Celta Vigo,2,4,A
09/05/2021,Real Madrid,Sevilla,2,2,D
10/05/2021,Real Betis,Granada,2,1,H
11/05/2021,Osasuna,Cadiz,3,2,H
11/05/2021,Elche,Alaves,0,2,A
11/05/2021,Levante,Barcelona,3,3,D
12/05/2021,Sevilla,Valencia,1,0,H
12/05/2021,Celta Vigo,Getafe,1,0,H
12/05/2021,Huesca,Athletic Bilbao,1,0,H
12/05/2021,Atletico Madrid,Real Sociedad,2,1,H
13/05/2021,Valladolid,Villarreal,0,2,A
13/05/2021,Eibar,Real Betis,1,1,D
13/05/2021,Granada,Real Madrid,1,4,A
16/05/2021,Barcelona,Celta Vigo,1,2,A
16/05/2021,Valencia,Eibar,4,1,H
16/05/2021,Atletico Madrid,Osasuna,2,1,H
16/05/2021,Athletic Bilbao,Real Madrid,0,1,A
16/05/2021,Getafe,Levante,2,1,H
16/05/2021,Real Sociedad,Valladolid,4,1,H
16/05/2021,Real Betis,Huesca,1,0,H
16/05/2021,Villarreal,Sevilla,4,0,H
16/05/2021,Alaves,Granada,4,2,H
16/05/2021,Cadiz,Elche,1,3,A
21/05/2021,Levante,Cadiz,2,2,D
22/05/2021,Real Madrid,Villarreal,2,1,H
22/05/2021,Osasuna,Real Sociedad,0,1,A
22/05/2021,Celta Vigo,Real Betis,2,3,A
22/05/2021,Valladolid,Atletico Madrid,1,2,A
22/05/2021,Elche,Athletic Bilbao,2,0,H
22/05/2021,Huesca,Valencia,0,0,D
22/05/2021,Eibar,Barcelona,0,1,A
23/05/2021,Granada,Getafe,0,0,D
23/05/2021,Sevilla,Alaves,1,0,H
13/08/2021,Valencia,Getafe,1,0,H
14/08/2021,Cadiz,Levante,1,1,D
14/08/2021,Mallorca,Real Betis,1,1,D
14/08/2021,Osasuna,Espanyol,0,0,D
14/08/2021,Alaves,Real Madrid,1,4,A
15/08/2021,Celta Vigo,Atletico Madrid,1,2,A
15/08/2021,Barcelona,Real Sociedad,4,2,H
15/08/2021,Sevilla,Rayo Vallecano,3,0,H
16/08/2021,Villarreal,Granada,0,0,D
16/08/2021,Elche,Athletic Bilbao,0,0,D
20/08/2021,Real Betis,Cadiz,1,1,D
21/08/2021,Alaves,Mallorca,0,1,A
21/08/2021,Espanyol,Villarreal,0,0,D
21/08/2021,Granada,Valencia,1,1,D
21/08/2021,Athletic Bilbao,Barcelona,1,1,D
22/08/2021,Real Sociedad,Rayo Vallecano,1,0,H
22/08/2021,Atletico Madrid,Elche,1,0,H
22/08/2021,Levante,Real Madrid,3,3,D
23/08/2021,Getafe,Sevilla,0,1,A
23/08/2021,Osasuna,Celta Vigo,0,0,D
27/08/2021,Mallorca,Espanyol,1,0,H
27/08/2021,Valencia,Alaves,3,0,H
28/08/2021,Celta Vigo,Athletic Bilbao,0,1,A
28/08/2021,Elche,Sevilla,1,1,D
28/08/2021,Real Sociedad,Levante,1,0,H
28/08/2021,Real Betis,Real Madrid,0,1,A
29/08/2021,Barcelona,Getafe,2,1,H
29/08/2021,Rayo Vallecano,Granada,4,0,H
29/08/2021,Cadiz,Osasuna,2,3,A
29/08/2021,Atletico Madrid,Villarreal,2,2,D
11/09/2021,Levante,Rayo Vallecano,1,1,D
11/09/2021,Athletic Bilbao,Mallorca,2,0,H
12/09/2021,Espanyol,Atletico Madrid,1,2,A
12/09/2021,Osasuna,Valencia,1,4,A
12/09/2021,Cadiz,Real Sociedad,0,2,A
12/09/2021,Real Madrid,Celta Vigo,5,2,H
13/09/2021,Getafe,Elche,0,1,A
13/09/2021,Granada,Real Betis,1,2,A
17/09/2021,Celta Vigo,Cadiz,1,2,A
18/09/2021,Rayo Vallecano,Getafe,3,0,H
18/09/2021,Atletico Madrid,Athletic Bilbao,0,0,D
18/09/2021,Elche,Levante,1,1,D
18/09/2021,Alaves,Osasuna,0,2,A
19/09/2021,Mallorca,Villarreal,0,0,D
19/09/2021,Real Sociedad,Sevilla,0,0,D
19/09/2021,Real Betis,Espanyol,2,2,D
19/09/2021,Valencia,Real Madrid,1,2,A
20/09/2021,Barcelona,Granada,1,1,D
21/09/2021,Getafe,Atletico Madrid,1,2,A
21/09/2021,Levante,Celta Vigo,0,2,A
21/09/2021,Athletic Bilbao,Rayo Vallecano,1,2,A
22/09/2021,Sevilla,Valencia,3,1,H
22/09/2021,Espanyol,Alaves,1,0,H
22/09/2021,Villarreal,Elche,4,1,H
22/09/2021,Real Madrid,Mallorca,6,1,H
23/09/2021,Osasuna,Real Betis,1,3,A
23/09/2021,Granada,Real Sociedad,2,3,A
23/09/2021,Cadiz,Barcelona,0,0,D
25/09/2021,Alaves,Atletico Madrid,1,0,H
25/09/2021,Valencia,Athletic Bilbao,1,1,D
25/09/2021,Sevilla,Espanyol,2,0,H
25/09/2021,Real Madrid,Villarreal,0,0,D
26/09/2021,Mallorca,Osasuna,2,3,A
26/09/2021,Barcelona,Levante,3,0,H
26/09/2021,Rayo Vallecano,Cadiz,3,1,H
26/09/2021,Real Sociedad,Elche,1,0,H
26/09/2021,Real Betis,Getafe,2,0,H
27/09/2021,Celta Vigo,Granada,1,0,H
01/10/2021,Athletic Bilbao,Alaves,1,0,H
02/10/2021,Osasuna,Rayo Vallecano,1,0,H
02/10/2021,Mallorca,Levante,1,0,H
02/10/2021,Cadiz,Valencia,0,0,D
02/10/2021,Atletico Madrid,Barcelona,2,0,H
03/10/2021,Elche,Celta Vigo,1,0,H
03/10/2021,Espanyol,Real Madrid,2,1,H
03/10/2021,Villarreal,Real Betis,2,0,H
03/10/2021,Getafe,Real Sociedad,1,1,D
03/10/2021,Granada,Sevilla,1,0,H
16/10/2021,Levante,Getafe,0,0,D
16/10/2021,Real Sociedad,Mallorca,1,0,H
17/10/2021,Rayo Vallecano,Elche,2,1,H
17/10/2021,Celta Vigo,Sevilla,0,1,A
17/10/2021,Villarreal,Osasuna,1,2,A
17/10/2021,Barcelona,Valencia,3,1,H
18/10/2021,Alaves,Real Betis,0,1,A
18/10/2021,Espanyol,Cadiz,2,0,H
22/10/2021,Osasuna,Granada,1,1,D
23/10/2021,Valencia,Mallorca,2,2,D
23/10/2021,Cadiz,Alaves,0,2,A
23/10/2021,Elche,Espanyol,2,2,D
23/10/2021,Athletic Bilbao,Villarreal,2,1,H
24/10/2021,Sevilla,Levante,5,3,H
24/10/2021,Barcelona,Real Madrid,1,2,A
24/10/2021,Real Betis,Rayo Vallecano,3,2,H
24/10/2021,Atletico Madrid,Real Sociedad,2,2,D
25/10/2021,Getafe,Celta Vigo,0,3,A
26/10/2021,Alaves,Elche,1,0,H
26/10/2021,Espanyol,Athletic Bilbao,1,1,D
26/10/2021,Villarreal,Cadiz,3,3,D
27/10/2021,Rayo Vallecano,Barcelona,1,0,H
27/10/2021,Mallorca,Sevilla,1,1,D
27/10/2021,Real Betis,Valencia,4,1,H
27/10/2021,Real Madrid,Osasuna,0,0,D
28/10/2021,Celta Vigo,Real Sociedad,0,2,A
28/10/2021,Granada,Getafe,1,1,D
28/10/2021,Levante,Atletico Madrid,2,2,D
30/10/2021,Elche,Real Madrid,1,2,A
30/10/2021,Sevilla,Osasuna,2,0,H
30/10/2021,Valencia,Villarreal,2,0,H
30/10/2021,Barcelona,Alaves,1,1,D
31/10/2021,Cadiz,Mallorca,1,1,D
31/10/2021,Atletico Madrid,Real Betis,3,0,H
31/10/2021,Getafe,Espanyol,2,1,H
31/10/2021,Real Sociedad,Athletic Bilbao,1,1,D
01/11/2021,Rayo Vallecano,Celta Vigo,0,0,D
01/11/2021,Levante,Granada,0,3,A
05/11/2021,Athletic Bilbao,Cadiz,0,1,A
06/11/2021,Espanyol,Granada,2,0,H
06/11/2021,Celta Vigo,Barcelona,3,3,D
06/11/2021,Alaves,Levante,2,1,H
06/11/2021,Real Madrid,Rayo Vallecano,2,1,H
07/11/2021,Villarreal,Getafe,1,0,H
07/11/2021,Valencia,Atletico Madrid,3,3,D
07/11/2021,Osasuna,Real Sociedad,0,2,A
07/11/2021,Mallorca,Elche,2,2,D
07/11/2021,Real Betis,Sevilla,0,2,A
19/11/2021,Levante,Athletic Bilbao,0,0,D
20/11/2021,Celta Vigo,Villarreal,1,1,D
20/11/2021,Sevilla,Alaves,2,2,D
20/11/2021,Atletico Madrid,Osasuna,1,0,H
20/11/2021,Barcelona,Espanyol,1,0,H
21/11/2021,Getafe,Cadiz,4,0,H
21/11/2021,Granada,Real Madrid,1,4,A
21/11/2021,Elche,Real Betis,0,3,A
21/11/2021,Real Sociedad,Valencia,0,0,D
22/11/2021,Rayo Vallecano,Mallorca,3,1,H
26/11/2021,Athletic Bilbao,Granada,2,2,D
27/11/2021,Alaves,Celta Vigo,1,2,A
27/11/2021,Valencia,Rayo Vallecano,1,1,D
27/11/2021,Mallorca,Getafe,0,0,D
27/11/2021,Villarreal,Barcelona,1,3,A
28/11/2021,Real Betis,Levante,3,1,H
28/11/2021,Espanyol,Real Sociedad,1,0,H
28/11/2021,Cadiz,Atletico Madrid,1,4,A
28/11/2021,Real Madrid,Sevilla,2,1,H
29/11/2021,Osasuna,Elche,1,1,D
01/12/2021,Real Madrid,Athletic Bilbao,1,0,H
03/12/2021,Granada,Alaves,2,1,H
04/12/2021,Sevilla,Villarreal,1,0,H
04/12/2021,Barcelona,Real Betis,0,1,A
04/12/2021,Atletico Madrid,Mallorca,1,2,A
04/12/2021,Real Sociedad,Real Madrid,0,2,A
05/12/2021,Rayo Vallecano,Espanyol,1,0,H
05/12/2021,Elche,Cadiz,3,1,H
05/12/2021,Levante,Osasuna,0,0,D
05/12/2021,Celta Vigo,Valencia,1,2,A
06/12/2021,Getafe,Athletic Bilbao,0,0,D
10/12/2021,Mallorca,Celta Vigo,0,0,D
11/12/2021,Espanyol,Levante,4,3,H
11/12/2021,Alaves,Getafe,1,1,D
11/12/2021,Valencia,Elche,2,1,H
11/12/2021,Athletic Bilbao,Sevilla,0,1,A
12/12/2021,Villarreal,Rayo Vallecano,2,0,H
12/12/2021,Osasuna,Barcelona,2,2,D
12/12/2021,Real Betis,Real Sociedad,4,0,H
12/12/2021,Real Madrid,Atletico Madrid,2,0,H
13/12/2021,Cadiz,Granada,1,1,D
17/12/2021,Celta Vigo,Espanyol,3,1,H
18/12/2021,Rayo Vallecano,Alaves,2,0,H
18/12/2021,Real Sociedad,Villarreal,1,3,A
18/12/2021,Barcelona,Elche,3,2,H
18/12/2021,Sevilla,Atletico Madrid,2,1,H
19/12/2021,Granada,Mallorca,4,1,H
19/12/2021,Athletic Bilbao,Real Betis,3,2,H
19/12/2021,Getafe,Osasuna,1,0,H
19/12/2021,Real Madrid,Cadiz,0,0,D
20/12/2021,Levante,Valencia,3,4,A
21/12/2021,Villarreal,Alaves,5,2,H
21/12/2021,Sevilla,Barcelona,1,1,D
22/12/2021,Granada,Atletico Madrid,2,1,H
22/12/2021,Athletic Bilbao,Real Madrid,1,2,A
31/12/2021,Valencia,Espanyol,1,2,A
02/01/2022,Getafe,Real Madrid,1,0,H
02/01/2022,Elche,Granada,0,0,D
02/01/2022,Atletico Madrid,Rayo Vallecano,2,0,H
02/01/2022,Real Betis,Celta Vigo,0,2,A
02/01/2022,Alaves,Real Sociedad,1,1,D
02/01/2022,Mallorca,Barcelona,0,1,A
03/01/2022,Villarreal,Levante,5,0,H
03/01/2022,Osasuna,Athletic Bilbao,1,3,A
03/01/2022,Cadiz,Sevilla,0,1,A
08/01/2022,Levante,Mallorca,2,0,H
08/01/2022,Real Sociedad,Celta Vigo,1,0,H
08/01/2022,Granada,Barcelona,1,1,D
08/01/2022,Real Madrid,Valencia,4,1,H
09/01/2022,Rayo Vallecano,Real Betis,1,1,D
09/01/2022,Sevilla,Getafe,1,0,H
09/01/2022,Osasuna,Cadiz,2,0,H
09/01/2022,Alaves,Athletic Bilbao,0,0,D
09/01/2022,Villarreal,Atletico Madrid,2,2,D
10/01/2022,Espanyol,Elche,1,2,A
16/01/2022,Elche,Villarreal,1,0,H
18/01/2022,Real Betis,Alaves,4,0,H
18/01/2022,Cadiz,Espanyol,2,2,D
19/01/2022,Celta Vigo,Osasuna,2,0,H
19/01/2022,Valencia,Sevilla,1,1,D
20/01/2022,Getafe,Granada,4,2,H
21/01/2022,Espanyol,Real Betis,1,4,A
22/01/2022,Levante,Cadiz,0,2,A
22/01/2022,Villarreal,Mallorca,3,0,H
22/01/2022,Sevilla,Celta Vigo,2,2,D
22/01/2022,Atletico Madrid,Valencia,3,2,H
23/01/2022,Granada,Osasuna,0,2,A
23/01/2022,Real Madrid,Elche,2,2,D
23/01/2022,Rayo Vallecano,Athletic Bilbao,0,1,A
23/01/2022,Real Sociedad,Getafe,0,0,D
23/01/2022,Alaves,Barcelona,0,1,A
04/02/2022,Getafe,Levante,3,0,H
05/02/2022,Elche,Alaves,3,1,H
05/02/2022,Mallorca,Cadiz,2,1,H
05/02/2022,Celta Vigo,Rayo Vallecano,2,0,H
05/02/2022,Osasuna,Sevilla,0,0,D
06/02/2022,Valencia,Real Sociedad,0,0,D
06/02/2022,Barcelona,Atletico Madrid,4,2,H
06/02/2022,Real Betis,Villarreal,0,2,A
06/02/2022,Real Madrid,Granada,1,0,H
07/02/2022,Athletic Bilbao,Espanyol,2,1,H
11/02/2022,Sevilla,Elche,2,0,H
12/02/2022,Cadiz,Celta Vigo,0,0,D
12/02/2022,Villarreal,Real Madrid,0,0,D
12/02/2022,Rayo Vallecano,Osasuna,0,3,A
12/02/2022,Atletico Madrid,Getafe,4,3,H
13/02/2022,Alaves,Valencia,2,1,H
13/02/2022,Levante,Real Betis,2,4,A
13/02/2022,Real Sociedad,Granada,2,0,H
13/02/2022,Espanyol,Barcelona,2,2,D
14/02/2022,Mallorca,Athletic Bilbao,3,2,H
16/02/2022,Atletico Madrid,Levante,0,1,A
18/02/2022,Elche,Rayo Vallecano,2,1,H
19/02/2022,Granada,Villarreal,1,4,A
19/02/2022,Osasuna,Atletico Madrid,0,3,A
19/02/2022,Cadiz,Getafe,1,1,D
19/02/2022,Real Madrid,Alaves,3,0,H
20/02/2022,Espanyol,Sevilla,1,1,D
20/02/2022,Valencia,Barcelona,1,4,A
20/02/2022,Real Betis,Mallorca,2,1,H
20/02/2022,Athletic Bilbao,Real Sociedad,4,0,H
21/02/2022,Celta Vigo,Levante,1,1,D
25/02/2022,Levante,Elche,3,0,H
26/02/2022,Mallorca,Valencia,0,1,A
26/02/2022,Getafe,Alaves,2,2,D
26/02/2022,Rayo Vallecano,Real Madrid,0,1,A
26/02/2022,Atletico Madrid,Celta Vigo,2,0,H
27/02/2022,Villarreal,Espanyol,5,1,H
27/02/2022,Sevilla,Real Betis,2,1,H
27/02/2022,Real Sociedad,Osasuna,1,0,H
27/02/2022,Barcelona,Athletic Bilbao,4,0,H
28/02/2022,Granada,Cadiz,0,0,D
02/03/2022,Mallorca,Real Sociedad,0,2,A
04/03/2022,Alaves,Sevilla,0,0,D
05/03/2022,Osasuna,Villarreal,1,0,H
05/03/2022,Espanyol,Getafe,2,0,H
05/03/2022,Valencia,Granada,3,1,H
05/03/2022,Real Madrid,Real Sociedad,4,1,H
06/03/2022,Cadiz,Rayo Vallecano,2,0,H
06/03/2022,Elche,Barcelona,1,2,A
06/03/2022,Celta Vigo,Mallorca,4,3,H
06/03/2022,Real Betis,Atletico Madrid,1,3,A
07/03/2022,Athletic Bilbao,Levante,3,1,H
11/03/2022,Atletico Madrid,Cadiz,2,1,H
12/03/2022,Levante,Espanyol,1,1,D
12/03/2022,Granada,Elche,0,1,A
12/03/2022,Villarreal,Celta Vigo,1,0,H
12/03/2022,Getafe,Valencia,0,0,D
13/03/2022,Rayo Vallecano,Sevilla,1,1,D
13/03/2022,Real Betis,Athletic Bilbao,1,0,H
13/03/2022,Real Sociedad,Alaves,1,0,H
13/03/2022,Barcelona,Osasuna,4,0,H
14/03/2022,Mallorca,Real Madrid,0,3,A
18/03/2022,Athletic Bilbao,Getafe,1,1,D
19/03/2022,Alaves,Granada,2,3,A
19/03/2022,Elche,Valencia,0,1,A
19/03/2022,Osasuna,Levante,3,1,H
19/03/2022,Rayo Vallecano,Atletico Madrid,0,1,A
20/03/2022,Espanyol,Mallorca,1,0,H
20/03/2022,Cadiz,Villarreal,1,0,H
20/03/2022,Celta Vigo,Real Betis,0,0,D
20/03/2022,Sevilla,Real Sociedad,0,0,D
20/03/2022,Real Madrid,Barcelona,0,4,A
02/04/2022,Getafe,Mallorca,1,0,H
02/04/2022,Levante,Villarreal,2,0,H
02/04/2022,Celta Vigo,Real Madrid,1,2,A
02/04/2022,Atletico Madrid,Alaves,4,1,H
03/04/2022,Athletic Bilbao,Elche,2,1,H
03/04/2022,Real Betis,Osasuna,4,1,H
03/04/2022,Valencia,Cadiz,0,0,D
03/04/2022,Granada,Rayo Vallecano,2,2,D
03/04/2022,Barcelona,Sevilla,1,0,H
04/04/2022,Real Sociedad,Espanyol,1,0,H
08/04/2022,Sevilla,Granada,4,2,H
09/04/2022,Cadiz,Real Betis,1,2,A
09/04/2022,Mallorca,Atletico Madrid,1,0,H
09/04/2022,Villarreal,Athletic Bilbao,1,1,D
09/04/2022,Real Madrid,Getafe,2,0,H
10/04/2022,Osasuna,Alaves,1,0,H
10/04/2022,Espanyol,Celta Vigo,1,0,H
10/04/2022,Elche,Real Sociedad,1,2,A
10/04/2022,Levante,Barcelona,2,3,A
11/04/2022,Rayo Vallecano,Valencia,1,1,D
15/04/2022,Real Sociedad,Real Betis,0,0,D
16/04/2022,Elche,Mallorca,3,0,H
16/04/2022,Alaves,Rayo Vallecano,1,0,H
16/04/2022,Valencia,Osasuna,1,2,A
16/04/2022,Getafe,Villarreal,1,2,A
17/04/2022,Granada,Levante,1,4,A
17/04/2022,Atletico Madrid,Espanyol,2,1,H
17/04/2022,Athletic Bilbao,Celta Vigo,0,2,A
17/04/2022,Sevilla,Real Madrid,2,3,A
18/04/2022,Barcelona,Cadiz,0,1,A
19/04/2022,Mallorca,Alaves,2,1,H
19/04/2022,Real Betis,Elche,0,1,A
19/04/2022,Villarreal,Valencia,2,0,H
20/04/2022,Atletico Madrid,Granada,0,0,D
20/04/2022,Celta Vigo,Getafe,0,2,A
20/04/2022,Osasuna,Real Madrid,1,3,A
21/04/2022,Levante,Sevilla,2,3,A
21/04/2022,Espanyol,Rayo Vallecano,0,1,A
21/04/2022,Cadiz,Athletic Bilbao,2,3,A
21/04/2022,Real Sociedad,Barcelona,0,1,A
24/04/2022,Barcelona,Rayo Vallecano,0,1,A
29/04/2022,Sevilla,Cadiz,1,1,D
30/04/2022,Alaves,Villarreal,2,1,H
30/04/2022,Real Madrid,Espanyol,4,0,H
30/04/2022,Valencia,Levante,1,1,D
30/04/2022,Athletic Bilbao,Atletico Madrid,2,0,H
01/05/2022,Elche,Osasuna,1,1,D
01/05/2022,Granada,Celta Vigo,1,1,D
01/05/2022,Rayo Vallecano,Real Sociedad,1,1,D
01/05/2022,Barcelona,Mallorca,2,1,H
02/05/2022,Getafe,Real Betis,0,0,D
06/05/2022,Levante,Real Sociedad,2,1,H
07/05/2022,Mallorca,Granada,2,6,A
07/05/2022,Athletic Bilbao,Valencia,0,0,D
07/05/2022,Cadiz,Elche,3,0,H
07/05/2022,Celta Vigo,Alaves,4,0,H
07/05/2022,Real Betis,Barcelona,1,2,A
08/05/2022,Getafe,Rayo Vallecano,0,0,D
08/05/2022,Villarreal,Sevilla,1,1,D
08/05/2022,Espanyol,Osasuna,1,1,D
08/05/2022,Atletico Madrid,Real Madrid,1,0,H
10/05/2022,Valencia,Real Betis,0,3,A
10/05/2022,Granada,Athletic Bilbao,1,0,H
10/05/2022,Barcelona,Celta Vigo,3,1,H
11/05/2022,Osasuna,Getafe,1,1,D
11/05/2022,Alaves,Espanyol,2,1,H
11/05/2022,Sevilla,Mallorca,0,0,D
11/05/2022,Elche,Atletico Madrid,0,2,A
12/05/2022,Real Sociedad,Cadiz,3,0,H
12/05/2022,Rayo Vallecano,Villarreal,1,5,A
12/05/2022,Real Madrid,Levante,6,0,H
14/05/2022,Espanyol,Valencia,1,1,D
15/05/2022,Villarreal,Real Sociedad,1,2,A
15/05/2022,Levante,Alaves,3,1,H
15/05/2022,Cadiz,Real Madrid,1,1,D
15/05/2022,Getafe,Barcelona,0,0,D
15/05/2022,Mallorca,Rayo Vallecano,2,1,H
15/05/2022,Celta Vigo,Elche,1,0,H
15/05/2022,Real Betis,Granada,2,0,H
15/05/2022,Atletico Madrid,Sevilla,1,1,D
15/05/2022,Athletic Bilbao,Osasuna,2,0,H
20/05/2022,Rayo Vallecano,Levante,2,4,A
20/05/2022,Real Madrid,Real Betis,0,0,D
21/05/2022,Valencia,Celta Vigo,2,0,H
22/05/2022,Elche,Getafe,3,1,H
22/05/2022,Osasuna,Mallorca,0,2,A
22/05/2022,Granada,Espanyol,0,0,D
22/05/2022,Alaves,Cadiz,0,1,A
22/05/2022,Sevilla,Athletic Bilbao,1,0,H
22/05/2022,Real Sociedad,Atletico Madrid,1,2,A
22/05/2022,Barcelona,Villarreal,0,2,A
12/08/2022,Osasuna,Sevilla,2,1,H
13/08/2022,Celta Vigo,Espanyol,2,2,D
13/08/2022,Valladolid,Villarreal,0,3,A
13/08/2022,Barcelona,Rayo Vallecano,0,0,D
14/08/2022,Cadiz,Real Sociedad,0,1,A
14/08/2022,Valencia,Girona,1,0,H
14/08/2022,Almeria,Real Madrid,1,2,A
15/08/2022,Athletic Bilbao,Mallorca,0,0,D
15/08/2022,Getafe,Atletico Madrid,0,3,A
15/08/2022,Real Betis,Elche,3,0,H
19/08/2022,Espanyol,Rayo Vallecano,0,2,A
19/08/2022,Sevilla,Valladolid,1,1,D
20/08/2022,Osasuna,Cadiz,2,0,H
20/08/2022,Mallorca,Real Betis,1,2,A
20/08/2022,Celta Vigo,Real Madrid,1,4,A
21/08/2022,Athletic Bilbao,Valencia,1,0,H
21/08/2022,Atletico Madrid,Villarreal,0,2,A
21/08/2022,Real Sociedad,Barcelona,1,4,A
22/08/2022,Elche,Almeria,1,1,D
22/08/2022,Girona,Getafe,3,1,H
26/08/2022,Girona,Celta Vigo,0,1,A
26/08/2022,Real Betis,Osasuna,1,0,H
27/08/2022,Elche,Real Sociedad,0,1,A
27/08/2022,Rayo Vallecano,Mallorca,0,2,A
27/08/2022,Almeria,Sevilla,2,1,H
28/08/2022,Getafe,Villarreal,0,0,D
28/08/2022,Barcelona,Valladolid,4,0,H
28/08/2022,Espanyol,Real Madrid,1,3,A
29/08/2022,Cadiz,Athletic Bilbao,0,4,A
29/08/2022,Valencia,Atletico Madrid,0,1,A
02/09/2022,Celta Vigo,Cadiz,3,0,H
03/09/2022,Mallorca,Girona,1,1,D
03/09/2022,Real Madrid,Real Betis,2,1,H
03/09/2022,Real Sociedad,Atletico Madrid,1,1,D
03/09/2022,Sevilla,Barcelona,0,3,A
04/09/2022,Osasuna,Rayo Vallecano,2,1,H
04/09/2022,Athletic Bilbao,Espanyol,0,1,A
04/09/2022,Villarreal,Elche,4,0,H
04/09/2022,Valencia,Getafe,5,1,H
05/09/2022,Valladolid,Almeria,1,0,H
09/09/2022,Girona,Valladolid,2,1,H
10/09/2022,Rayo Vallecano,Valencia,2,1,H
10/09/2022,Espanyol,Sevilla,2,3,A
10/09/2022,Cadiz,Barcelona,0,4,A
10/09/2022,Atletico Madrid,Celta Vigo,4,1,H
11/09/2022,Real Madrid,Mallorca,4,1,H
11/09/2022,Elche,Athletic Bilbao,1,4,A
11/09/2022,Getafe,Real Sociedad,2,1,H
11/09/2022,Real Betis,Villarreal,1,0,H
12/09/2022,Almeria,Osasuna,0,1,A
16/09/2022,Valladolid,Cadiz,0,1,A
17/09/2022,Mallorca,Almeria,1,0,H
17/09/2022,Barcelona,Elche,3,0,H
17/09/2022,Valencia,Celta Vigo,3,0,H
17/09/2022,Athletic Bilbao,Rayo Vallecano,3,2,H
18/09/2022,Osasuna,Getafe,0,2,A
18/09/2022,Villarreal,Sevilla,1,1,D
18/09/2022,Real Sociedad,Espanyol,2,1,H
18/09/2022,Real Betis,Girona,2,1,H
18/09/2022,Atletico Madrid,Real Madrid,1,2,A
30/09/2022,Athletic Bilbao,Almeria,4,0,H
01/10/2022,Cadiz,Villarreal,0,0,D
01/10/2022,Getafe,Valladolid,2,3,A
01/10/2022,Sevilla,Atletico Madrid,0,2,A
01/10/2022,Mallorca,Barcelona,0,1,A
02/10/2022,Espanyol,Valencia,2,2,D
02/10/2022,Celta Vigo,Real Betis,1,0,H
02/10/2022,Girona,Real Sociedad,3,5,A
02/10/2022,Real Madrid,Osasuna,1,1,D
03/10/2022,Rayo Vallecano,Elche,2,1,H
07/10/2022,Osasuna,Valencia,1,2,A
08/10/2022,Almeria,Rayo Vallecano,3,1,H
08/10/2022,Atletico Madrid,Girona,2,1,H
08/10/2022,Sevilla,Athletic Bilbao,1,1,D
08/10/2022,Getafe,Real Madrid,0,1,A
09/10/2022,Valladolid,Real Betis,0,0,D
09/10/2022,Cadiz,Espanyol,2,2,D
09/10/2022,Real Sociedad,Villarreal,1,0,H
09/10/2022,Barcelona,Celta Vigo,1,0,H
10/10/2022,Elche,Mallorca,1,1,D
14/10/2022,Rayo Vallecano,Getafe,0,0,D
15/10/2022,Girona,Cadiz,1,1,D
15/10/2022,Valencia,Elche,2,2,D
15/10/2022,Mallorca,Sevilla,0,1,A
15/10/2022,Athletic Bilbao,Atletico Madrid,0,1,A
16/10/2022,Celta Vigo,Real Sociedad,1,2,A
16/10/2022,Real Madrid,Barcelona,3,1,H
16/10/2022,Espanyol,Valladolid,1,0,H
16/10/2022,Real Betis,Almeria,3,1,H
17/10/2022,Villarreal,Osasuna,2,0,H
18/10/2022,Sevilla,Valencia,1,1,D
18/10/2022,Getafe,Athletic Bilbao,2,2,D
18/10/2022,Atletico Madrid,Rayo Vallecano,1,1,D
19/10/2022,Valladolid,Celta Vigo,4,1,H
19/10/2022,Cadiz,Real Betis,0,0,D
19/10/2022,Real Sociedad,Mallorca,1,0,H
19/10/2022,Elche,Real Madrid,0,3,A
20/10/2022,Almeria,Girona,3,2,H
20/10/2022,Osasuna,Espanyol,1,0,H
20/10/2022,Barcelona,Villarreal,3,0,H
22/10/2022,Rayo Vallecano,Cadiz,5,1,H
22/10/2022,Valladolid,Real Sociedad,1,0,H
22/10/2022,Valencia,Mallorca,1,2,A
22/10/2022,Real Madrid,Sevilla,3,1,H
23/10/2022,Espanyol,Elche,2,2,D
23/10/2022,Real Betis,Atletico Madrid,1,2,A
23/10/2022,Villarreal,Almeria,2,1,H
23/10/2022,Girona,Osasuna,1,1,D
23/10/2022,Barcelona,Athletic Bilbao,4,0,H
24/10/2022,Celta Vigo,Getafe,1,1,D
28/10/2022,Mallorca,Espanyol,1,1,D
29/10/2022,Almeria,Celta Vigo,3,1,H
29/10/2022,Cadiz,Atletico Madrid,3,2,H
29/10/2022,Sevilla,Rayo Vallecano,0,1,A
29/10/2022,Valencia,Barcelona,0,1,A
30/10/2022,Osasuna,Valladolid,2,0,H
30/10/2022,Real Madrid,Girona,1,1,D
30/10/2022,Athletic Bilbao,Villarreal,1,0,H
30/10/2022,Real Sociedad,Real Betis,0,2,A
31/10/2022,Elche,Getafe,0,1,A
04/11/2022,Girona,Athletic Bilbao,2,1,H
05/11/2022,Getafe,Cadiz,0,0,D
05/11/2022,Valladolid,Elche,2,1,H
05/11/2022,Celta Vigo,Osasuna,1,2,A
05/11/2022,Barcelona,Almeria,2,0,H
06/11/2022,Atletico Madrid,Espanyol,1,1,D
06/11/2022,Real Sociedad,Valencia,1,1,D
06/11/2022,Villarreal,Mallorca,0,2,A
06/11/2022,Real Betis,Sevilla,1,1,D
07/11/2022,Rayo Vallecano,Real Madrid,3,2,H
08/11/2022,Elche,Girona,1,2,A
08/11/2022,Athletic Bilbao,Valladolid,3,0,H
08/11/2022,Osasuna,Barcelona,1,2,A
09/11/2022,Sevilla,Real Sociedad,1,2,A
09/11/2022,Almeria,Getafe,1,0,H
09/11/2022,Espanyol,Villarreal,0,1,A
09/11/2022,Mallorca,Atletico Madrid,1,0,H
10/11/2022,Rayo Vallecano,Celta Vigo,0,0,D
10/11/2022,Valencia,Real Betis,3,0,H
10/11/2022,Real Madrid,Cadiz,2,1,H
29/12/2022,Girona,Rayo Vallecano,2,2,D
29/12/2022,Real Betis,Athletic Bilbao,0,0,D
29/12/2022,Atletico Madrid,Elche,2,0,H
30/12/2022,Getafe,Mallorca,2,0,H
30/12/2022,Cadiz,Almeria,1,1,D
30/12/2022,Celta Vigo,Sevilla,1,1,D
30/12/2022,Valladolid,Real Madrid,0,2,A
31/12/2022,Barcelona,Espanyol,1,1,D
31/12/2022,Villarreal,Valencia,2,1,H
31/12/2022,Real Sociedad,Osasuna,2,0,H
06/01/2023,Elche,Celta Vigo,0,1,A
06/01/2023,Valencia,Cadiz,0,1,A
07/01/2023,Villarreal,Real Madrid,2,1,H
07/01/2023,Mallorca,Valladolid,1,0,H
07/01/2023,Espanyol,Girona,2,2,D
08/01/2023,Almeria,Real Sociedad,0,2,A
08/01/2023,Rayo Vallecano,Real Betis,1,2,A
08/01/2023,Sevilla,Getafe,2,1,H
08/01/2023,Atletico Madrid,Barcelona,0,1,A
09/01/2023,Athletic Bilbao,Osasuna,0,0,D
13/01/2023,Celta Vigo,Villarreal,1,1,D
14/01/2023,Valladolid,Rayo Vallecano,0,1,A
14/01/2023,Girona,Sevilla,2,1,H
14/01/2023,Osasuna,Mallorca,1,0,H
14/01/2023,Real Sociedad,Athletic Bilbao,3,1,H
15/01/2023,Getafe,Espanyol,1,2,A
15/01/2023,Almeria,Atletico Madrid,1,1,D
16/01/2023,Cadiz,Elche,1,1,D
20/01/2023,Mallorca,Celta Vigo,1,0,H
21/01/2023,Rayo Vallecano,Real Sociedad,0,2,A
21/01/2023,Espanyol,Real Betis,1,0,H
21/01/2023,Atletico Madrid,Valladolid,3,0,H
21/01/2023,Sevilla,Cadiz,1,0,H
22/01/2023,Villarreal,Girona,1,0,H
22/01/2023,Elche,Osasuna,1,1,D
22/01/2023,Barcelona,Getafe,1,0,H
22/01/2023,Athletic Bilbao,Real Madrid,0,2,A
23/01/2023,Valencia,Almeria,2,2,D
27/01/2023,Almeria,Espanyol,3,1,H
28/01/2023,Cadiz,Mallorca,2,0,H
28/01/2023,Girona,Barcelona,0,1,A
28/01/2023,Sevilla,Elche,3,0,H
28/01/2023,Getafe,Real Betis,0,1,A
29/01/2023,Valladolid,Valencia,1,0,H
29/01/2023,Osasuna,Atletico Madrid,0,1,A
29/01/2023,Celta Vigo,Athletic Bilbao,1,0,H
29/01/2023,Real Madrid,Real Sociedad,0,0,D
30/01/2023,Villarreal,Rayo Vallecano,0,1,A
01/02/2023,Real Betis,Barcelona,1,2,A
02/02/2023,Real Madrid,Valencia,2,0,H
03/02/2023,Athletic Bilbao,Cadiz,4,1,H
04/02/2023,Espanyol,Osasuna,1,1,D
04/02/2023,Elche,Villarreal,3,1,H
04/02/2023,Atletico Madrid,Getafe,1,1,D
04/02/2023,Real Betis,Celta Vigo,3,4,A
05/02/2023,Mallorca,Real Madrid,1,0,H
05/02/2023,Girona,Valencia,1,0,H
05/02/2023,Real Sociedad,Valladolid,0,1,A
05/02/2023,Barcelona,Sevilla,3,0,H
06/02/2023,Rayo Vallecano,Almeria,2,0,H
10/02/2023,Cadiz,Girona,2,0,H
11/02/2023,Almeria,Real Betis,2,3,A
11/02/2023,Sevilla,Mallorca,2,0,H
11/02/2023,Valencia,Athletic Bilbao,1,2,A
12/02/2023,Getafe,Rayo Vallecano,1,1,D
12/02/2023,Celta Vigo,Atletico Madrid,0,1,A
12/02/2023,Valladolid,Osasuna,0,0,D
12/02/2023,Villarreal,Barcelona,0,1,A
13/02/2023,Espanyol,Real Sociedad,2,3,A
15/02/2023,Real Madrid,Elche,4,0,H
17/02/2023,Girona,Almeria,6,2,H
18/02/2023,Real Sociedad,Celta Vigo,1,1,D
18/02/2023,Real Betis,Valladolid,2,1,H
18/02/2023,Mallorca,Villarreal,4,2,H
18/02/2023,Osasuna,Real Madrid,0,2,A
19/02/2023,Elche,Espanyol,0,1,A
19/02/2023,Rayo Vallecano,Sevilla,1,1,D
19/02/2023,Atletico Madrid,Athletic Bilbao,1,0,H
19/02/2023,Barcelona,Cadiz,2,0,H
20/02/2023,Getafe,Valencia,1,0,H
24/02/2023,Elche,Real Betis,2,3,A
25/02/2023,Espanyol,Mallorca,2,1,H
25/02/2023,Cadiz,Rayo Vallecano,1,0,H
25/02/2023,Real Madrid,Atletico Madrid,1,1,D
25/02/2023,Valencia,Real Sociedad,1,0,H
26/02/2023,Athletic Bilbao,Girona,2,3,A
26/02/2023,Celta Vigo,Valladolid,3,0,H
26/02/2023,Almeria,Barcelona,1,0,H
26/02/2023,Sevilla,Osasuna,2,3,A
27/02/2023,Villarreal,Getafe,2,1,H
03/03/2023,Real Sociedad,Cadiz,0,0,D
04/03/2023,Getafe,Girona,3,2,H
04/03/2023,Almeria,Villarreal,0,2,A
04/03/2023,Mallorca,Elche,0,1,A
04/03/2023,Atletico Madrid,Sevilla,6,1,H
05/03/2023,Valladolid,Espanyol,2,1,H
05/03/2023,Barcelona,Valencia,1,0,H
05/03/2023,Rayo Vallecano,Athletic Bilbao,0,0,D
05/03/2023,Real Betis,Real Madrid,0,0,D
06/03/2023,Osasuna,Celta Vigo,0,0,D
10/03/2023,Cadiz,Getafe,2,2,D
11/03/2023,Real Madrid,Espanyol,3,1,H
11/03/2023,Elche,Valladolid,1,1,D
11/03/2023,Celta Vigo,Rayo Vallecano,3,0,H
11/03/2023,Valencia,Osasuna,1,0,H
12/03/2023,Mallorca,Real Sociedad,1,1,D
12/03/2023,Sevilla,Almeria,2,1,H
12/03/2023,Villarreal,Real Betis,1,1,D
12/03/2023,Athletic Bilbao,Barcelona,0,1,A
13/03/2023,Girona,Atletico Madrid,0,1,A
17/03/2023,Valladolid,Athletic Bilbao,1,3,A
18/03/2023,Almeria,Cadiz,1,1,D
18/03/2023,Rayo Vallecano,Girona,2,2,D
18/03/2023,Espanyol,Celta Vigo,1,3,A
18/03/2023,Atletico Madrid,Valencia,3,0,H
19/03/2023,Real Betis,Mallorca,1,0,H
19/03/2023,Real Sociedad,Elche,2,0,H
19/03/2023,Osasuna,Villarreal,0,3,A
19/03/2023,Getafe,Sevilla,2,0,H
19/03/2023,Barcelona,Real Madrid,2,1,H
31/03/2023,Mallorca,Osasuna,0,0,D
01/04/2023,Girona,Espanyol,2,1,H
01/04/2023,Athletic Bilbao,Getafe,0,0,D
01/04/2023,Cadiz,Sevilla,0,2,A
01/04/2023,Elche,Barcelona,0,4,A
02/04/2023,Celta Vigo,Almeria,2,2,D
02/04/2023,Real Madrid,Valladolid,6,0,H
02/04/2023,Villarreal,Real Sociedad,2,0,H
02/04/2023,Atletico Madrid,Real Betis,1,0,H
03/04/2023,Valencia,Rayo Vallecano,1,1,D
07/04/2023,Sevilla,Celta Vigo,2,2,D
08/04/2023,Osasuna,Elche,2,1,H
08/04/2023,Espanyol,Athletic Bilbao,1,2,A
08/04/2023,Real Sociedad,Getafe,2,0,H
08/04/2023,Real Madrid,Villarreal,2,3,A
09/04/2023,Valladolid,Mallorca,3,3,D
09/04/2023,Real Betis,Cadiz,0,2,A
09/04/2023,Almeria,Valencia,2,1,H
09/04/2023,Rayo Vallecano,Atletico Madrid,1,2,A
10/04/2023,Barcelona,Girona,0,0,D
14/04/2023,Rayo Vallecano,Osasuna,2,1,H
15/04/2023,Villarreal,Valladolid,1,2,A
15/04/2023,Athletic Bilbao,Real Sociedad,2,0,H
15/04/2023,Real Betis,Espanyol,3,1,H
15/04/2023,Cadiz,Real Madrid,0,2,A
16/04/2023,Girona,Elche,2,0,H
16/04/2023,Getafe,Barcelona,0,0,D
16/04/2023,Atletico Madrid,Almeria,2,1,H
16/04/2023,Valencia,Sevilla,0,2,A
17/04/2023,Celta Vigo,Mallorca,0,1,A
21/04/2023,Espanyol,Cadiz,0,0,D
22/04/2023,Osasuna,Real Betis,3,2,H
22/04/2023,Almeria,Athletic Bilbao,1,2,A
22/04/2023,Valladolid,Girona,1,0,H
22/04/2023,Real Sociedad,Rayo Vallecano,2,1,H
22/04/2023,Real Madrid,Celta Vigo,2,0,H
23/04/2023,Elche,Valencia,0,2,A
23/04/2023,Barcelona,Atletico Madrid,1,0,H
23/04/2023,Mallorca,Getafe,3,1,H
23/04/2023,Sevilla,Villarreal,2,1,H
25/04/2023,Girona,Real Madrid,4,2,H
25/04/2023,Cadiz,Osasuna,0,1,A
25/04/2023,Real Betis,Real Sociedad,0,0,D
26/04/2023,Getafe,Almeria,1,2,A
26/04/2023,Atletico Madrid,Mallorca,3,1,H
26/04/2023,Rayo Vallecano,Barcelona,2,1,H
26/04/2023,Celta Vigo,Elche,1,0,H
27/04/2023,Villarreal,Espanyol,4,2,H
27/04/2023,Valencia,Valladolid,2,1,H
27/04/2023,Athletic Bilbao,Sevilla,0,1,A
28/04/2023,Osasuna,Real Sociedad,0,2,A
29/04/2023,Elche,Rayo Vallecano,4,0,H
29/04/2023,Real Madrid,Almeria,4,2,H
29/04/2023,Barcelona,Real Betis,4,0,H
30/04/2023,Cadiz,Valencia,2,1,H
30/04/2023,Villarreal,Celta Vigo,3,1,H
30/04/2023,Espanyol,Getafe,1,0,H
30/04/2023,Valladolid,Atletico Madrid,2,5,A
01/05/2023,Mallorca,Athletic Bilbao,1,1,D
01/05/2023,Sevilla,Girona,0,2,A
02/05/2023,Almeria,Elche,2,1,H
02/05/2023,Barcelona,Osasuna,1,0,H
02/05/2023,Real Sociedad,Real Madrid,2,0,H
03/05/2023,Valencia,Villarreal,1,1,D
03/05/2023,Getafe,Celta Vigo,1,0,H
03/05/2023,Atletico Madrid,Cadiz,5,1,H
04/05/2023,Sevilla,Espanyol,3,2,H
04/05/2023,Girona,Mallorca,2,1,H
04/05/2023,Rayo Vallecano,Valladolid,2,1,H
04/05/2023,Athletic Bilbao,Real Betis,0,1,A
12/05/2023,Mallorca,Cadiz,1,0,H
13/05/2023,Real Sociedad,Girona,2,2,D
13/05/2023,Osasuna,Almeria,3,1,H
13/05/2023,Villarreal,Athletic Bilbao,5,1,H
13/05/2023,Real Madrid,Getafe,1,0,H
14/05/2023,Celta Vigo,Valencia,1,2,A
14/05/2023,Elche,Atletico Madrid,1,0,H
14/05/2023,Valladolid,Sevilla,0,3,A
14/05/2023,Espanyol,Barcelona,2,4,A
15/05/2023,Real Betis,Rayo Vallecano,3,1,H
19/05/2023,Cadiz,Valladolid,2,0,H
20/05/2023,Girona,Villarreal,1,2,A
20/05/2023,Athletic Bilbao,Celta Vigo,2,1,H
20/05/2023,Getafe,Elche,1,1,D
20/05/2023,Almeria,Mallorca,3,0,H
20/05/2023,Barcelona,Real Sociedad,1,2,A
21/05/2023,Rayo Vallecano,Espanyol,1,2,A
21/05/2023,Atletico Madrid,Osasuna,3,0,H
21/05/2023,Valencia,Real Madrid,1,0,H
21/05/2023,Sevilla,Real Betis,0,0,D
23/05/2023,Real Sociedad,Almeria,1,0,H
23/05/2023,Celta Vigo,Girona,1,1,D
23/05/2023,Valladolid,Barcelona,3,1,H
24/05/2023,Real Madrid,Rayo Vallecano,2,1,H
24/05/2023,Villarreal,Cadiz,2,0,H
24/05/2023,Elche,Sevilla,1,1,D
24/05/2023,Espanyol,Atletico Madrid,3,3,D
24/05/2023,Real Betis,Getafe,0,1,A
25/05/2023,Mallorca,Valencia,1,0,H
25/05/2023,Osasuna,Athletic Bilbao,2,0,H
27/05/2023,Sevilla,Real Madrid,1,2,A
28/05/2023,Valencia,Espanyol,2,2,D
28/05/2023,Girona,Real Betis,1,2,A
28/05/2023,Almeria,Valladolid,0,0,D
28/05/2023,Rayo Vallecano,Villarreal,2,1,H
28/05/2023,Cadiz,Celta Vigo,1,0,H
28/05/2023,Getafe,Osasuna,2,1,H
28/05/2023,Barcelona,Mallorca,3,0,H
28/05/2023,Atletico Madrid,Real Sociedad,2,1,H
28/05/2023,Athletic Bilbao,Elche,0,1,A
04/06/2023,Osasuna,Girona,2,1,H
04/06/2023,Villarreal,Atletico Madrid,2,2,D
04/06/2023,Real Madrid,Athletic Bilbao,1,1,D
04/06/2023,Real Sociedad,Sevilla,2,1,H
04/06/2023,Mallorca,Rayo Vallecano,3,0,H
04/06/2023,Espanyol,Almeria,3,3,D
04/06/2023,Elche,Cadiz,1,1,D
04/06/2023,Valladolid,Getafe,0,0,D
04/06/2023,Celta Vigo,Barcelona,2,1,H
04/06/2023,Real Betis,Valencia,1,1,D
11/08/2023,Almeria,Rayo Vallecano,0,2,A
11/08/2023,Sevilla,Valencia,1,2,A
12/08/2023,Real Sociedad,Girona,1,1,D
12/08/2023,Las Palmas,Mallorca,1,1,D
12/08/2023,Athletic Bilbao,Real Madrid,0,2,A
13/08/2023,Celta Vigo,Osasuna,0,2,A
13/08/2023,Villarreal,Real Betis,1,2,A
13/08/2023,Getafe,Barcelona,0,0,D
14/08/2023,Cadiz,Alaves,1,0,H
14/08/2023,Atletico Madrid,Granada,3,1,H
18/08/2023,Mallorca,Villarreal,0,1,A
18/08/2023,Valencia,Las Palmas,1,0,H
19/08/2023,Real Sociedad,Celta Vigo,1,1,D
19/08/2023,Almeria,Real Madrid,1,3,A
19/08/2023,Osasuna,Athletic Bilbao,0,2,A
20/08/2023,Girona,Getafe,3,0,H
20/08/2023,Barcelona,Cadiz,2,0,H
20/08/2023,Real Betis,Atletico Madrid,0,0,D
21/08/2023,Alaves,Sevilla,4,3,H
21/08/2023,Granada,Rayo Vallecano,0,2,A
25/08/2023,Las Palmas,Real Sociedad,0,0,D
25/08/2023,Celta Vigo,Real Madrid,0,1,A
26/08/2023,Cadiz,Almeria,1,1,D
26/08/2023,Granada,Mallorca,3,2,H
26/08/2023,Sevilla,Girona,1,2,A
27/08/2023,Villarreal,Barcelona,3,4,A
27/08/2023,Valencia,Osasuna,1,2,A
27/08/2023,Athletic Bilbao,Real Betis,4,2,H
28/08/2023,Getafe,Alaves,1,0,H
28/08/2023,Rayo Vallecano,Atletico Madrid,0,7,A
01/09/2023,Cadiz,Villarreal,3,1,H
01/09/2023,Almeria,Celta Vigo,2,3,A
02/09/2023,Real Sociedad,Granada,5,3,H
02/09/2023,Real Madrid,Getafe,2,1,H
02/09/2023,Alaves,Valencia,1,0,H
02/09/2023,Real Betis,Rayo Vallecano,1,0,H
03/09/2023,Girona,Las Palmas,1,0,H
03/09/2023,Mallorca,Athletic Bilbao,0,0,D
03/09/2023,Osasuna,Barcelona,1,2,A
15/09/2023,Rayo Vallecano,Alaves,2,0,H
16/09/2023,Athletic Bilbao,Cadiz,3,0,H
16/09/2023,Valencia,Atletico Madrid,3,0,H
16/09/2023,Celta Vigo,Mallorca,0,1,A
16/09/2023,Barcelona,Real Betis,5,0,H
17/09/2023,Getafe,Osasuna,3,2,H
17/09/2023,Villarreal,Almeria,2,1,H
17/09/2023,Sevilla,Las Palmas,1,0,H
17/09/2023,Real Madrid,Real Sociedad,2,1,H
18/09/2023,Granada,Girona,2,4,A
22/09/2023,Alaves,Athletic Bilbao,0,2,A
23/09/2023,Girona,Mallorca,5,3,H
23/09/2023,Osasuna,Sevilla,0,0,D
23/09/2023,Barcelona,Celta Vigo,3,2,H
23/09/2023,Almeria,Valencia,2,2,D
24/09/2023,Real Sociedad,Getafe,4,3,H
24/09/2023,Rayo Vallecano,Villarreal,1,1,D
24/09/2023,Las Palmas,Granada,1,0,H
24/09/2023,Real Betis,Cadiz,1,1,D
24/09/2023,Atletico Madrid,Real Madrid,3,1,H
26/09/2023,Sevilla,Almeria,5,1,H
26/09/2023,Mallorca,Barcelona,2,2,D
27/09/2023,Athletic Bilbao,Getafe,2,2,D
27/09/2023,Villarreal,Girona,1,2,A
27/09/2023,Real Madrid,Las Palmas,2,0,H
27/09/2023,Cadiz,Rayo Vallecano,0,0,D
27/09/2023,Valencia,Real Sociedad,0,1,A
28/09/2023,Celta Vigo,Alaves,1,1,D
28/09/2023,Granada,Real Betis,1,1,D
28/09/2023,Osasuna,Atletico Madrid,0,2,A
29/09/2023,Barcelona,Sevilla,1,0,H
30/09/2023,Getafe,Villarreal,0,0,D
30/09/2023,Rayo Vallecano,Mallorca,2,2,D
30/09/2023,Girona,Real Madrid,0,3,A
30/09/2023,Real Sociedad,Athletic Bilbao,3,0,H
01/10/2023,Almeria,Granada,3,3,D
01/10/2023,Alaves,Osasuna,0,2,A
01/10/2023,Atletico Madrid,Cadiz,3,2,H
01/10/2023,Real Betis,Valencia,3,0,H
02/10/2023,Las Palmas,Celta Vigo,2,1,H
06/10/2023,Athletic Bilbao,Almeria,3,0,H
07/10/2023,Cadiz,Girona,0,1,A
07/10/2023,Real Madrid,Osasuna,4,0,H
07/10/2023,Mallorca,Valencia,1,1,D
07/10/2023,Sevilla,Rayo Vallecano,2,2,D
08/10/2023,Villarreal,Las Palmas,1,2,A
08/10/2023,Atletico Madrid,Real Sociedad,2,1,H
08/10/2023,Celta Vigo,Getafe,2,2,D
08/10/2023,Alaves,Real Betis,1,1,D
08/10/2023,Granada,Barcelona,2,2,D
20/10/2023,Osasuna,Granada,2,0,H
21/10/2023,Real Sociedad,Mallorca,1,0,H
21/10/2023,Getafe,Real Betis,1,1,D
21/10/2023,Sevilla,Real Madrid,1,1,D
21/10/2023,Celta Vigo,Atletico Madrid,0,3,A
22/10/2023,Las Palmas,Rayo Vallecano,0,1,A
22/10/2023,Girona,Almeria,5,2,H
22/10/2023,Villarreal,Alaves,1,1,D
22/10/2023,Barcelona,Athletic Bilbao,1,0,H
23/10/2023,Valencia,Cadiz,2,0,H
27/10/2023,Girona,Celta Vigo,1,0,H
28/10/2023,Almeria,Las Palmas,1,2,A
28/10/2023,Barcelona,Real Madrid,1,2,A
28/10/2023,Mallorca,Getafe,0,0,D
28/10/2023,Cadiz,Sevilla,2,2,D
29/10/2023,Real Betis,Osasuna,2,1,H
29/10/2023,Rayo Vallecano,Real Sociedad,2,2,D
29/10/2023,Athletic Bilbao,Valencia,2,2,D
29/10/2023,Atletico Madrid,Alaves,2,1,H
30/10/2023,Granada,Villarreal,2,3,A
03/11/2023,Las Palmas,Atletico Madrid,2,1,H
04/11/2023,Osasuna,Girona,2,4,A
04/11/2023,Real Betis,Mallorca,2,0,H
04/11/2023,Celta Vigo,Sevilla,1,1,D
04/11/2023,Real Sociedad,Barcelona,0,1,A
05/11/2023,Alaves,Almeria,1,0,H
05/11/2023,Valencia,Granada,1,0,H
05/11/2023,Villarreal,Athletic Bilbao,2,3,A
05/11/2023,Real Madrid,Rayo Vallecano,0,0,D
06/11/2023,Getafe,Cadiz,1,0,H
10/11/2023,Athletic Bilbao,Celta Vigo,4,3,H
11/11/2023,Rayo Vallecano,Girona,1,2,A
11/11/2023,Almeria,Real Sociedad,1,3,A
11/11/2023,Osasuna,Las Palmas,1,1,D
11/11/2023,Granada,Getafe,1,1,D
11/11/2023,Real Madrid,Valencia,5,1,H
12/11/2023,Barcelona,Alaves,2,1,H
12/11/2023,Sevilla,Real Betis,1,1,D
12/11/2023,Atletico Madrid,Villarreal,3,1,H
24/11/2023,Alaves,Granada,3,1,H
25/11/2023,Rayo Vallecano,Barcelona,1,1,D
25/11/2023,Valencia,Celta Vigo,0,0,D
25/11/2023,Getafe,Almeria,2,1,H
25/11/2023,Atletico Madrid,Mallorca,1,0,H
26/11/2023,Villarreal,Osasuna,3,1,H
26/11/2023,Real Sociedad,Sevilla,2,1,H
26/11/2023,Cadiz,Real Madrid,0,3,A
26/11/2023,Real Betis,Las Palmas,1,0,H
27/11/2023,Girona,Athletic Bilbao,1,1,D
29/11/2023,Mallorca,Cadiz,1,1,D
01/12/2023,Las Palmas,Getafe,2,0,H
02/12/2023,Girona,Valencia,2,1,H
02/12/2023,Athletic Bilbao,Rayo Vallecano,4,0,H
02/12/2023,Real Madrid,Granada,2,0,H
02/12/2023,Osasuna,Real Sociedad,1,1,D
03/12/2023,Mallorca,Alaves,0,0,D
03/12/2023,Almeria,Real Betis,0,0,D
03/12/2023,Sevilla,Villarreal,1,1,D
03/12/2023,Barcelona,Atletico Madrid,1,0,H
04/12/2023,Celta Vigo,Cadiz,1,1,D
08/12/2023,Getafe,Valencia,1,0,H
09/12/2023,Alaves,Las Palmas,0,1,A
09/12/2023,Real Betis,Real Madrid,1,1,D
09/12/2023,Villarreal,Real Sociedad,0,3,A
09/12/2023,Mallorca,Sevilla,1,0,H
10/12/2023,Atletico Madrid,Almeria,2,1,H
10/12/2023,Cadiz,Osasuna,1,1,D
10/12/2023,Barcelona,Girona,2,4,A
11/12/2023,Granada,Athletic Bilbao,1,1,D
11/12/2023,Rayo Vallecano,Celta Vigo,0,0,D
15/12/2023,Osasuna,Rayo Vallecano,1,0,H
16/12/2023,Celta Vigo,Granada,1,0,H
16/12/2023,Athletic Bilbao,Atletico Madrid,2,0,H
16/12/2023,Sevilla,Getafe,0,3,A
16/12/2023,Valencia,Barcelona,1,1,D
17/12/2023,Almeria,Mallorca,0,0,D
17/12/2023,Real Sociedad,Real Betis,0,0,D
17/12/2023,Las Palmas,Cadiz,1,1,D
17/12/2023,Real Madrid,Villarreal,4,1,H
18/12/2023,Girona,Alaves,3,0,H
19/12/2023,Rayo Vallecano,Valencia,0,1,A
19/12/2023,Atletico Madrid,Getafe,3,3,D
19/12/2023,Granada,Sevilla,0,3,A
20/12/2023,Barcelona,Almeria,3,2,H
20/12/2023,Athletic Bilbao,Las Palmas,1,0,H
20/12/2023,Villarreal,Celta Vigo,3,2,H
21/12/2023,Real Betis,Girona,1,1,D
21/12/2023,Cadiz,Real Sociedad,0,0,D
21/12/2023,Alaves,Real Madrid,0,1,A
21/12/2023,Mallorca,Osasuna,3,2,H
23/12/2023,Atletico Madrid,Sevilla,1,0,H
02/01/2024,Getafe,Rayo Vallecano,0,2,A
02/01/2024,Real Sociedad,Alaves,1,1,D
02/01/2024,Valencia,Villarreal,3,1,H
03/01/2024,Granada,Cadiz,2,0,H
03/01/2024,Celta Vigo,Real Betis,2,1,H
03/01/2024,Real Madrid,Mallorca,1,0,H
03/01/2024,Girona,Atletico Madrid,4,3,H
04/01/2024,Osasuna,Almeria,1,0,H
04/01/2024,Sevilla,Athletic Bilbao,0,2,A
04/01/2024,Las Palmas,Barcelona,1,2,A
12/01/2024,Sevilla,Alaves,2,3,A
13/01/2024,Las Palmas,Villarreal,3,0,H
13/01/2024,Mallorca,Celta Vigo,1,1,D
13/01/2024,Athletic Bilbao,Real Sociedad,2,1,H
13/01/2024,Real Betis,Granada,1,0,H
14/01/2024,Almeria,Girona,0,0,D
14/01/2024,Cadiz,Valencia,1,4,A
19/01/2024,Alaves,Cadiz,1,0,H
20/01/2024,Rayo Vallecano,Las Palmas,0,2,A
20/01/2024,Villarreal,Mallorca,1,1,D
20/01/2024,Valencia,Athletic Bilbao,1,0,H
20/01/2024,Celta Vigo,Real Sociedad,0,1,A
21/01/2024,Osasuna,Getafe,3,2,H
21/01/2024,Real Madrid,Almeria,3,2,H
21/01/2024,Real Betis,Barcelona,2,4,A
21/01/2024,Girona,Sevilla,5,1,H
22/01/2024,Granada,Atletico Madrid,0,1,A
26/01/2024,Almeria,Alaves,0,3,A
27/01/2024,Real Sociedad,Rayo Vallecano,0,0,D
27/01/2024,Las Palmas,Real Madrid,1,2,A
27/01/2024,Barcelona,Villarreal,3,5,A
27/01/2024,Mallorca,Real Betis,0,1,A
28/01/2024,Celta Vigo,Girona,0,1,A
28/01/2024,Cadiz,Athletic Bilbao,0,0,D
28/01/2024,Sevilla,Osasuna,1,1,D
28/01/2024,Atletico Madrid,Valencia,2,0,H
29/01/2024,Getafe,Granada,2,0,H
31/01/2024,Barcelona,Osasuna,1,0,H
31/01/2024,Atletico Madrid,Rayo Vallecano,2,1,H
01/02/2024,Getafe,Real Madrid,0,2,A
02/02/2024,Athletic Bilbao,Mallorca,4,0,H
03/02/2024,Valencia,Almeria,2,1,H
03/02/2024,Granada,Las Palmas,1,1,D
03/02/2024,Alaves,Barcelona,1,3,A
03/02/2024,Girona,Real Sociedad,0,0,D
04/02/2024,Villarreal,Cadiz,0,0,D
04/02/2024,Osasuna,Celta Vigo,0,3,A
04/02/2024,Real Betis,Getafe,1,1,D
04/02/2024,Real Madrid,Atletico Madrid,1,1,D
05/02/2024,Rayo Vallecano,Sevilla,1,2,A
09/02/2024,Cadiz,Real Betis,0,2,A
10/02/2024,Alaves,Villarreal,1,1,D
10/02/2024,Real Sociedad,Osasuna,0,1,A
10/02/2024,Real Madrid,Girona,4,0,H
10/02/2024,Las Palmas,Valencia,2,0,H
11/02/2024,Getafe,Celta Vigo,3,2,H
11/02/2024,Mallorca,Rayo Vallecano,2,1,H
11/02/2024,Sevilla,Atletico Madrid,1,0,H
11/02/2024,Barcelona,Granada,3,3,D
12/02/2024,Almeria,Athletic Bilbao,0,0,D
16/02/2024,Villarreal,Getafe,1,1,D
17/02/2024,Atletico Madrid,Las Palmas,5,0,H
17/02/2024,Osasuna,Cadiz,2,0,H
17/02/2024,Celta Vigo,Barcelona,1,2,A
17/02/2024,Valencia,Sevilla,0,0,D
18/02/2024,Rayo Vallecano,Real Madrid,1,1,D
18/02/2024,Granada,Almeria,1,1,D
18/02/2024,Mallorca,Real Sociedad,1,2,A
18/02/2024,Real Betis,Alaves,0,0,D
19/02/2024,Athletic Bilbao,Girona,3,2,H
23/02/2024,Real Sociedad,Villarreal,1,3,A
24/02/2024,Barcelona,Getafe,4,0,H
24/02/2024,Alaves,Mallorca,1,1,D
24/02/2024,Almeria,Atletico Madrid,2,2,D
25/02/2024,Cadiz,Celta Vigo,2,2,D
25/02/2024,Real Betis,Athletic Bilbao,3,1,H
25/02/2024,Las Palmas,Osasuna,1,1,D
25/02/2024,Real Madrid,Sevilla,1,0,H
26/02/2024,Girona,Rayo Vallecano,3,0,H
01/03/2024,Celta Vigo,Almeria,1,0,H
02/03/2024,Sevilla,Real Sociedad,3,2,H
02/03/2024,Rayo Vallecano,Cadiz,1,1,D
02/03/2024,Getafe,Las Palmas,3,3,D
02/03/2024,Valencia,Real Madrid,2,2,D
03/03/2024,Villarreal,Granada,5,1,H
03/03/2024,Atletico Madrid,Real Betis,2,1,H
03/03/2024,Mallorca,Girona,1,0,H
03/03/2024,Athletic Bilbao,Barcelona,0,0,D
04/03/2024,Osasuna,Alaves,1,0,H
08/03/2024,Barcelona,Mallorca,1,0,H
09/03/2024,Valencia,Getafe,1,0,H
09/03/2024,Cadiz,Atletico Madrid,2,0,H
09/03/2024,Granada,Real Sociedad,2,3,A
09/03/2024,Girona,Osasuna,2,0,H
10/03/2024,Alaves,Rayo Vallecano,1,0,H
10/03/2024,Las Palmas,Athletic Bilbao,0,2,A
10/03/2024,Real Madrid,Celta Vigo,4,0,H
10/03/2024,Real Betis,Villarreal,2,3,A
11/03/2024,Almeria,Sevilla,2,2,D
15/03/2024,Real Sociedad,Cadiz,2,0,H
16/03/2024,Mallorca,Granada,1,0,H
16/03/2024,Osasuna,Real Madrid,2,4,A
16/03/2024,Getafe,Girona,1,0,H
16/03/2024,Athletic Bilbao,Alaves,2,0,H
17/03/2024,Sevilla,Celta Vigo,1,2,A
17/03/2024,Villarreal,Valencia,1,0,H
17/03/2024,Las Palmas,Almeria,0,1,A
17/03/2024,Rayo Vallecano,Real Betis,2,0,H
17/03/2024,Atletico Madrid,Barcelona,0,3,A
29/03/2024,Cadiz,Granada,1,0,H
30/03/2024,Getafe,Sevilla,0,1,A
30/03/2024,Almeria,Osasuna,0,3,A
30/03/2024,Valencia,Mallorca,0,0,D
30/03/2024,Barcelona,Las Palmas,1,0,H
31/03/2024,Celta Vigo,Rayo Vallecano,0,0,D
31/03/2024,Girona,Real Betis,3,2,H
31/03/2024,Alaves,Real Sociedad,0,1,A
31/03/2024,Real Madrid,Athletic Bilbao,2,0,H
01/04/2024,Villarreal,Atletico Madrid,1,2,A
04/04/2024,Granada,Valencia,0,1,A
12/04/2024,Real Betis,Celta Vigo,2,1,H
13/04/2024,Atletico Madrid,Girona,3,1,H
13/04/2024,Rayo Vallecano,Getafe,0,0,D
13/04/2024,Mallorca,Real Madrid,0,1,A
13/04/2024,Cadiz,Barcelona,0,1,A
14/04/2024,Las Palmas,Sevilla,0,2,A
14/04/2024,Granada,Alaves,2,0,H
14/04/2024,Athletic Bilbao,Villarreal,1,1,D
14/04/2024,Real Sociedad,Almeria,2,2,D
15/04/2024,Osasuna,Valencia,0,1,A
19/04/2024,Athletic Bilbao,Granada,1,1,D
20/04/2024,Celta Vigo,Las Palmas,4,1,H
20/04/2024,Rayo Vallecano,Osasuna,2,1,H
20/04/2024,Valencia,Real Betis,1,2,A
20/04/2024,Girona,Cadiz,4,1,H
21/04/2024,Getafe,Real Sociedad,1,1,D
21/04/2024,Almeria,Villarreal,1,2,A
21/04/2024,Alaves,Atletico Madrid,2,0,H
21/04/2024,Real Madrid,Barcelona,3,2,H
22/04/2024,Sevilla,Mallorca,2,1,H
26/04/2024,Real Sociedad,Real Madrid,0,1,A
27/04/2024,Las Palmas,Girona,0,2,A
27/04/2024,Almeria,Getafe,1,3,A
27/04/2024,Alaves,Celta Vigo,3,0,H
27/04/2024,Atletico Madrid,Athletic Bilbao,3,1,H
28/04/2024,Cadiz,Mallorca,1,1,D
28/04/2024,Granada,Osasuna,3,0,H
28/04/2024,Villarreal,Rayo Vallecano,3,0,H
28/04/2024,Real Betis,Sevilla,1,1,D
29/04/2024,Barcelona,Valencia,4,2,H
03/05/2024,Getafe,Athletic Bilbao,0,2,A
04/05/2024,Real Sociedad,Las Palmas,2,0,H
04/05/2024,Real Madrid,Cadiz,3,0,H
04/05/2024,Girona,Barcelona,4,2,H
04/05/2024,Mallorca,Atletico Madrid,0,1,A
05/05/2024,Osasuna,Real Betis,0,2,A
05/05/2024,Celta Vigo,Villarreal,3,2,H
05/05/2024,Valencia,Alaves,0,1,A
05/05/2024,Sevilla,Granada,3,0,H
05/05/2024,Rayo Vallecano,Almeria,0,1,A
10/05/2024,Alaves,Girona,2,2,D
11/05/2024,Mallorca,Las Palmas,1,0,H
11/05/2024,Villarreal,Sevilla,3,2,H
11/05/2024,Granada,Real Madrid,0,4,A
11/05/2024,Athletic Bilbao,Osasuna,2,2,D
12/05/2024,Cadiz,Getafe,1,0,H
12/05/2024,Atletico Madrid,Celta Vigo,1,0,H
12/05/2024,Valencia,Rayo Vallecano,0,0,D
12/05/2024,Real Betis,Almeria,3,2,H
13/05/2024,Barcelona,Real Sociedad,2,0,H
14/05/2024,Osasuna,Mallorca,1,1,D
14/05/2024,Real Madrid,Alaves,5,0,H
14/05/2024,Girona,Villarreal,0,1,A
15/05/2024,Sevilla,Cadiz,0,1,A
15/05/2024,Rayo Vallecano,Granada,2,1,H
15/05/2024,Celta Vigo,Athletic Bilbao,2,1,H
15/05/2024,Getafe,Atletico Madrid,0,3,A
16/05/2024,Las Palmas,Real Betis,2,2,D
16/05/2024,Almeria,Barcelona,0,2,A
16/05/2024,Real Sociedad,Valencia,1,0,H
18/05/2024,Alaves,Getafe,1,0,H
19/05/2024,Athletic Bilbao,Sevilla,2,0,H
19/05/2024,Atletico Madrid,Osasuna,1,4,A
19/05/2024,Real Betis,Real Sociedad,0,2,A
19/05/2024,Barcelona,Rayo Vallecano,3,0,H
19/05/2024,Cadiz,Las Palmas,0,0,D
19/05/2024,Granada,Celta Vigo,1,2,A
19/05/2024,Valencia,Girona,1,3,A
19/05/2024,Villarreal,Real Madrid,4,4,D
19/05/2024,Mallorca,Almeria,2,2,D
24/05/2024,Girona,Granada,7,0,H
25/05/2024,Osasuna,Villarreal,1,1,D
25/05/2024,Real Sociedad,Atletico Madrid,0,2,A
25/05/2024,Rayo Vallecano,Athletic Bilbao,0,1,A
25/05/2024,Almeria,Cadiz,6,1,H
25/05/2024,Real Madrid,Real Betis,0,0,D
26/05/2024,Getafe,Mallorca,1,2,A
26/05/2024,Celta Vigo,Valencia,2,2,D
26/05/2024,Las Palmas,Alaves,1,1,D
26/05/2024,Sevilla,Barcelona,1,2,A
15/08/2024,Athletic Bilbao,Getafe,1,1,D
15/08/2024,Real Betis,Girona,1,1,D
16/08/2024,Celta Vigo,Alaves,2,1,H
16/08/2024,Las Palmas,Sevilla,2,2,D
17/08/2024,Osasuna,Leganes,1,1,D
17/08/2024,Valencia,Barcelona,1,2,A
18/08/2024,Real Sociedad,Rayo Vallecano,1,2,A
18/08/2024,Mallorca,Real Madrid,1,1,D
19/08/2024,Valladolid,Espanyol,1,0,H
19/08/2024,Villarreal,Atletico Madrid,2,2,D
23/08/2024,Celta Vigo,Valencia,3,1,H
23/08/2024,Sevilla,Villarreal,1,2,A
24/08/2024,Osasuna,Mallorca,1,0,H
24/08/2024,Barcelona,Athletic Bilbao,2,1,H
24/08/2024,Getafe,Rayo Vallecano,0,0,D
24/08/2024,Espanyol,Real Sociedad,0,1,A
25/08/2024,Real Madrid,Valladolid,3,0,H
25/08/2024,Leganes,Las Palmas,2,1,H
25/08/2024,Alaves,Real Betis,0,0,D
25/08/2024,Atletico Madrid,Girona,3,0,H
26/08/2024,Villarreal,Celta Vigo,4,3,H
27/08/2024,Mallorca,Sevilla,0,0,D
27/08/2024,Rayo Vallecano,Barcelona,1,2,A
28/08/2024,Athletic Bilbao,Valencia,1,0,H
28/08/2024,Valladolid,Leganes,0,0,D
28/08/2024,Real Sociedad,Alaves,1,2,A
28/08/2024,Atletico Madrid,Espanyol,0,0,D
29/08/2024,Girona,Osasuna,4,0,H
29/08/2024,Las Palmas,Real Madrid,1,1,D
31/08/2024,Barcelona,Valladolid,7,0,H
31/08/2024,Athletic Bilbao,Atletico Madrid,0,1,A
31/08/2024,Espanyol,Rayo Vallecano,2,1,H
31/08/2024,Leganes,Mallorca,0,1,A
31/08/2024,Valencia,Villarreal,1,1,D
01/09/2024,Osasuna,Celta Vigo,3,2,H
01/09/2024,Alaves,Las Palmas,2,0,H
01/09/2024,Sevilla,Girona,0,2,A
01/09/2024,Getafe,Real Sociedad,0,0,D
01/09/2024,Real Madrid,Real Betis,2,0,H
13/09/2024,Real Betis,Leganes,2,0,H
14/09/2024,Mallorca,Villarreal,1,2,A
14/09/2024,Espanyol,Alaves,3,2,H
14/09/2024,Sevilla,Getafe,1,0,H
14/09/2024,Real Sociedad,Real Madrid,0,2,A
15/09/2024,Celta Vigo,Valladolid,3,1,H
15/09/2024,Girona,Barcelona,1,4,A
15/09/2024,Las Palmas,Athletic Bilbao,2,3,A
15/09/2024,Atletico Madrid,Valencia,3,0,H
16/09/2024,Rayo Vallecano,Osasuna,3,1,H
17/09/2024,Mallorca,Real Sociedad,1,0,H
18/09/2024,Real Betis,Getafe,2,1,H
19/09/2024,Leganes,Athletic Bilbao,0,2,A
20/09/2024,Alaves,Sevilla,2,1,H
21/09/2024,Valladolid,Real Sociedad,0,0,D
21/09/2024,Osasuna,Las Palmas,2,1,H
21/09/2024,Valencia,Girona,2,0,H
21/09/2024,Real Madrid,Espanyol,4,1,H
22/09/2024,Getafe,Leganes,1,1,D
22/09/2024,Athletic Bilbao,Celta Vigo,3,1,H
22/09/2024,Villarreal,Barcelona,1,5,A
22/09/2024,Rayo Vallecano,Atletico Madrid,1,1,D
23/09/2024,Real Betis,Mallorca,1,2,A
24/09/2024,Sevilla,Valladolid,2,1,H
24/09/2024,Valencia,Osasuna,0,0,D
24/09/2024,Real Madrid,Alaves,3,2,H
25/09/2024,Girona,Rayo Vallecano,0,0,D
25/09/2024,Barcelona,Getafe,1,0,H
26/09/2024,Las Palmas,Real Betis,1,1,D
26/09/2024,Espanyol,Villarreal,1,2,A
26/09/2024,Celta Vigo,Atletico Madrid,0,1,A
27/09/2024,Valladolid,Mallorca,1,2,A
28/09/2024,Getafe,Alaves,2,0,H
28/09/2024,Rayo Vallecano,Leganes,1,1,D
28/09/2024,Real Sociedad,Valencia,3,0,H
28/09/2024,Osasuna,Barcelona,4,2,H
29/09/2024,Celta Vigo,Girona,1,1,D
29/09/2024,Athletic Bilbao,Sevilla,1,1,D
29/09/2024,Real Betis,Espanyol,1,0,H
29/09/2024,Atletico Madrid,Real Madrid,1,1,D
30/09/2024,Villarreal,Las Palmas,3,1,H
04/10/2024,Leganes,Valencia,0,0,D
05/10/2024,Espanyol,Mallorca,2,1,H
05/10/2024,Getafe,Osasuna,1,1,D
05/10/2024,Valladolid,Rayo Vallecano,1,2,A
05/10/2024,Las Palmas,Celta Vigo,0,1,A
05/10/2024,Real Madrid,Villarreal,2,0,H
06/10/2024,Girona,Athletic Bilbao,2,1,H
06/10/2024,Alaves,Barcelona,0,3,A
06/10/2024,Sevilla,Real Betis,1,0,H
06/10/2024,Real Sociedad,Atletico Madrid,1,1,D
18/10/2024,Alaves,Valladolid,2,3,A
19/10/2024,Athletic Bilbao,Espanyol,4,1,H
19/10/2024,Osasuna,Real Betis,1,2,A
19/10/2024,Girona,Real Sociedad,0,1,A
19/10/2024,Celta Vigo,Real Madrid,1,2,A
20/10/2024,Mallorca,Rayo Vallecano,1,0,H
20/10/2024,Atletico Madrid,Leganes,3,1,H
20/10/2024,Villarreal,Getafe,1,1,D
20/10/2024,Barcelona,Sevilla,5,1,H
21/10/2024,Valencia,Las Palmas,2,3,A
25/10/2024,Espanyol,Sevilla,0,2,A
26/10/2024,Valladolid,Villarreal,1,2,A
26/10/2024,Rayo Vallecano,Alaves,1,0,H
26/10/2024,Las Palmas,Girona,1,0,H
26/10/2024,Real Madrid,Barcelona,0,4,A
27/10/2024,Leganes,Celta Vigo,3,0,H
27/10/2024,Getafe,Valencia,1,1,D
27/10/2024,Real Betis,Atletico Madrid,1,0,H
27/10/2024,Real Sociedad,Osasuna,0,2,A
28/10/2024,Mallorca,Athletic Bilbao,0,0,D
01/11/2024,Alaves,Mallorca,1,0,H
02/11/2024,Osasuna,Valladolid,1,0,H
02/11/2024,Girona,Leganes,4,3,H
03/11/2024,Atletico Madrid,Las Palmas,2,0,H
03/11/2024,Barcelona,Espanyol,3,1,H
03/11/2024,Sevilla,Real Sociedad,0,2,A
03/11/2024,Athletic Bilbao,Real Betis,1,1,D
04/11/2024,Celta Vigo,Getafe,1,0,H
08/11/2024,Rayo Vallecano,Las Palmas,1,3,A
09/11/2024,Real Madrid,Osasuna,4,0,H
09/11/2024,Villarreal,Alaves,3,0,H
09/11/2024,Leganes,Sevilla,1,0,H
10/11/2024,Real Betis,Celta Vigo,2,2,D
10/11/2024,Mallorca,Atletico Madrid,0,1,A
10/11/2024,Getafe,Girona,0,1,A
10/11/2024,Valladolid,Athletic Bilbao,1,1,D
10/11/2024,Real Sociedad,Barcelona,1,0,H
22/11/2024,Getafe,Valladolid,2,0,H
23/11/2024,Valencia,Real Betis,4,2,H
23/11/2024,Atletico Madrid,Alaves,2,1,H
23/11/2024,Las Palmas,Mallorca,2,3,A
23/11/2024,Girona,Espanyol,4,1,H
23/11/2024,Celta Vigo,Barcelona,2,2,D
24/11/2024,Osasuna,Villarreal,2,2,D
24/11/2024,Sevilla,Rayo Vallecano,1,0,H
24/11/2024,Leganes,Real Madrid,0,3,A
24/11/2024,Athletic Bilbao,Real Sociedad,1,0,H
29/11/2024,Mallorca,Valencia,2,1,H
30/11/2024,Barcelona,Las Palmas,1,2,A
30/11/2024,Alaves,Leganes,1,1,D
30/11/2024,Espanyol,Celta Vigo,3,1,H
30/11/2024,Valladolid,Atletico Madrid,0,5,A
01/12/2024,Villarreal,Girona,2,2,D
01/12/2024,Real Madrid,Getafe,2,0,H
01/12/2024,Rayo Vallecano,Athletic Bilbao,1,2,A
01/12/2024,Real Sociedad,Real Betis,2,0,H
02/12/2024,Sevilla,Osasuna,1,1,D
03/12/2024,Mallorca,Barcelona,1,5,A
04/12/2024,Athletic Bilbao,Real Madrid,2,1,H
06/12/2024,Celta Vigo,Mallorca,2,0,H
07/12/2024,Las Palmas,Valladolid,2,1,H
07/12/2024,Real Betis,Barcelona,2,2,D
07/12/2024,Valencia,Rayo Vallecano,0,1,A
07/12/2024,Girona,Real Madrid,0,3,A
08/12/2024,Leganes,Real Sociedad,0,3,A
08/12/2024,Athletic Bilbao,Villarreal,2,0,H
08/12/2024,Osasuna,Alaves,2,2,D
08/12/2024,Atletico Madrid,Sevilla,4,3,H
09/12/2024,Getafe,Espanyol,1,0,H
13/12/2024,Valladolid,Valencia,1,0,H
14/12/2024,Espanyol,Osasuna,0,0,D
14/12/2024,Mallorca,Girona,2,1,H
14/12/2024,Sevilla,Celta Vigo,1,0,H
14/12/2024,Rayo Vallecano,Real Madrid,3,3,D
15/12/2024,Atletico Madrid,Getafe,1,0,H
15/12/2024,Alaves,Athletic Bilbao,1,1,D
15/12/2024,Villarreal,Real Betis,1,2,A
15/12/2024,Real Sociedad,Las Palmas,0,0,D
15/12/2024,Barcelona,Leganes,0,1,A
18/12/2024,Villarreal,Rayo Vallecano,1,1,D
18/12/2024,Espanyol,Valencia,1,1,D
20/12/2024,Girona,Valladolid,3,0,H
21/12/2024,Getafe,Mallorca,0,1,A
21/12/2024,Celta Vigo,Real Sociedad,2,0,H
21/12/2024,Osasuna,Athletic Bilbao,1,2,A
21/12/2024,Barcelona,Atletico Madrid,1,2,A
22/12/2024,Valencia,Alaves,2,2,D
22/12/2024,Real Madrid,Sevilla,4,2,H
22/12/2024,Leganes,Villarreal,2,5,A
22/12/2024,Las Palmas,Espanyol,1,0,H
22/12/2024,Real Betis,Rayo Vallecano,1,1,D
03/01/2025,Valencia,Real Madrid,1,2,A
10/01/2025,Rayo Vallecano,Celta Vigo,2,1,H
11/01/2025,Alaves,Girona,0,1,A
11/01/2025,Valladolid,Real Betis,1,0,H
11/01/2025,Espanyol,Leganes,1,1,D
11/01/2025,Sevilla,Valencia,1,1,D
12/01/2025,Las Palmas,Getafe,1,2,A
12/01/2025,Atletico Madrid,Osasuna,1,0,H
13/01/2025,Real Sociedad,Villarreal,1,0,H
17/01/2025,Espanyol,Valladolid,2,1,H
18/01/2025,Girona,Sevilla,1,2,A
18/01/2025,Leganes,Atletico Madrid,1,0,H
18/01/2025,Real Betis,Alaves,1,3,A
18/01/2025,Getafe,Barcelona,1,1,D
19/01/2025,Celta Vigo,Athletic Bilbao,1,2,A
19/01/2025,Real Madrid,Las Palmas,4,1,H
19/01/2025,Osasuna,Rayo Vallecano,1,1,D
19/01/2025,Valencia,Real Sociedad,1,0,H
20/01/2025,Villarreal,Mallorca,4,0,H
24/01/2025,Las Palmas,Osasuna,1,1,D
25/01/2025,Mallorca,Real Betis,0,1,A
25/01/2025,Atletico Madrid,Villarreal,1,1,D
25/01/2025,Sevilla,Espanyol,1,1,D
25/01/2025,Valladolid,Real Madrid,0,3,A
26/01/2025,Rayo Vallecano,Girona,2,1,H
26/01/2025,Real Sociedad,Getafe,0,3,A
26/01/2025,Athletic Bilbao,Leganes,0,0,D
26/01/2025,Barcelona,Valencia,7,1,H
27/01/2025,Alaves,Celta Vigo,1,1,D
31/01/2025,Leganes,Rayo Vallecano,0,1,A
01/02/2025,Getafe,Sevilla,0,0,D
01/02/2025,Villarreal,Valladolid,5,1,H
01/02/2025,Atletico Madrid,Mallorca,2,0,H
01/02/2025,Espanyol,Real Madrid,1,0,H
02/02/2025,Barcelona,Alaves,1,0,H
02/02/2025,Valencia,Celta Vigo,2,1,H
02/02/2025,Osasuna,Real Sociedad,2,1,H
02/02/2025,Real Betis,Athletic Bilbao,2,2,D
03/02/2025,Girona,Las Palmas,2,1,H
07/02/2025,Rayo Vallecano,Valladolid,1,0,H
08/02/2025,Celta Vigo,Real Betis,3,2,H
08/02/2025,Athletic Bilbao,Girona,3,0,H
08/02/2025,Las Palmas,Villarreal,1,2,A
08/02/2025,Real Madrid,Atletico Madrid,1,1,D
09/02/2025,Alaves,Getafe,0,1,A
09/02/2025,Valencia,Leganes,2,0,H
09/02/2025,Real Sociedad,Espanyol,2,1,H
09/02/2025,Sevilla,Barcelona,1,4,A
10/02/2025,Mallorca,Osasuna,1,1,D
14/02/2025,Girona,Getafe,1,2,A
15/02/2025,Leganes,Alaves,3,3,D
15/02/2025,Osasuna,Real Madrid,1,1,D
15/02/2025,Atletico Madrid,Celta Vigo,1,1,D
15/02/2025,Villarreal,Valencia,1,1,D
16/02/2025,Espanyol,Athletic Bilbao,1,1,D
16/02/2025,Valladolid,Sevilla,0,4,A
16/02/2025,Mallorca,Las Palmas,3,1,H
16/02/2025,Real Betis,Real Sociedad,3,0,H
17/02/2025,Barcelona,Rayo Vallecano,1,0,H
21/02/2025,Celta Vigo,Osasuna,1,0,H
22/02/2025,Alaves,Espanyol,0,1,A
22/02/2025,Rayo Vallecano,Villarreal,0,1,A
22/02/2025,Valencia,Atletico Madrid,0,3,A
22/02/2025,Las Palmas,Barcelona,0,2,A
23/02/2025,Athletic Bilbao,Valladolid,7,1,H
23/02/2025,Real Madrid,Girona,2,0,H
23/02/2025,Getafe,Real Betis,1,2,A
23/02/2025,Real Sociedad,Leganes,3,0,H
24/02/2025,Sevilla,Mallorca,1,1,D
28/02/2025,Valladolid,Las Palmas,1,1,D
01/03/2025,Girona,Celta Vigo,2,2,D
01/03/2025,Rayo Vallecano,Sevilla,1,1,D
01/03/2025,Real Betis,Real Madrid,2,1,H
01/03/2025,Atletico Madrid,Athletic Bilbao,1,0,H
02/03/2025,Leganes,Getafe,1,0,H
02/03/2025,Barcelona,Real Sociedad,4,0,H
02/03/2025,Mallorca,Alaves,1,1,D
02/03/2025,Osasuna,Valencia,3,3,D
08/03/2025,Celta Vigo,Leganes,2,1,H
08/03/2025,Alaves,Villarreal,1,0,H
08/03/2025,Valencia,Valladolid,2,1,H
09/03/2025,Getafe,Atletico Madrid,2,1,H
09/03/2025,Real Madrid,Rayo Vallecano,2,1,H
09/03/2025,Athletic Bilbao,Mallorca,1,1,D
09/03/2025,Real Betis,Las Palmas,1,0,H
09/03/2025,Real Sociedad,Sevilla,0,1,A
10/03/2025,Espanyol,Girona,1,1,D
14/03/2025,Las Palmas,Alaves,2,2,D
15/03/2025,Valladolid,Celta Vigo,0,1,A
15/03/2025,Mallorca,Espanyol,2,1,H
15/03/2025,Villarreal,Real Madrid,1,2,A
15/03/2025,Girona,Valencia,1,1,D
16/03/2025,Leganes,Real Betis,2,3,A
16/03/2025,Sevilla,Athletic Bilbao,0,1,A
16/03/2025,Osasuna,Getafe,1,2,A
16/03/2025,Rayo Vallecano,Real Sociedad,2,2,D
16/03/2025,Atletico Madrid,Barcelona,2,4,A
27/03/2025,Barcelona,Osasuna,3,0,H
29/03/2025,Real Sociedad,Valladolid,2,1,H
29/03/2025,Espanyol,Atletico Madrid,1,1,D
29/03/2025,Alaves,Rayo Vallecano,0,2,A
29/03/2025,Real Madrid,Leganes,3,2,H
30/03/2025,Getafe,Villarreal,1,2,A
30/03/2025,Barcelona,Girona,4,1,H
30/03/2025,Athletic Bilbao,Osasuna,0,0,D
30/03/2025,Valencia,Mallorca,1,0,H
30/03/2025,Real Betis,Sevilla,2,1,H
31/03/2025,Celta Vigo,Las Palmas,1,1,D
04/04/2025,Rayo Vallecano,Espanyol,0,4,A
05/04/2025,Girona,Alaves,0,1,A
05/04/2025,Real Madrid,Valencia,1,2,A
05/04/2025,Mallorca,Celta Vigo,1,2,A
05/04/2025,Barcelona,Real Betis,1,1,D
06/04/2025,Las Palmas,Real Sociedad,1,3,A
06/04/2025,Sevilla,Atletico Madrid,1,2,A
06/04/2025,Valladolid,Getafe,0,4,A
06/04/2025,Villarreal,Athletic Bilbao,0,0,D
07/04/2025,Leganes,Osasuna,1,1,D
11/04/2025,Valencia,Sevilla,1,0,H
12/04/2025,Real Sociedad,Mallorca,0,2,A
12/04/2025,Getafe,Las Palmas,1,3,A
12/04/2025,Celta Vigo,Espanyol,0,2,A
12/04/2025,Leganes,Barcelona,0,1,A
13/04/2025,Osasuna,Girona,2,1,H
13/04/2025,Alaves,Real Madrid,0,1,A
13/04/2025,Real Betis,Villarreal,1,2,A
13/04/2025,Athletic Bilbao,Rayo Vallecano,3,1,H
14/04/2025,Atletico Madrid,Valladolid,4,2,H
18/04/2025,Espanyol,Getafe,1,0,H
19/04/2025,Rayo Vallecano,Valencia,1,1,D
19/04/2025,Barcelona,Celta Vigo,4,3,H
19/04/2025,Mallorca,Leganes,0,0,D
19/04/2025,Las Palmas,Atletico Madrid,1,0,H
20/04/2025,Valladolid,Osasuna,2,3,A
20/04/2025,Villarreal,Real Sociedad,2,2,D
20/04/2025,Sevilla,Alaves,1,1,D
20/04/2025,Real Madrid,Athletic Bilbao,1,0,H
21/04/2025,Girona,Real Betis,1,3,A
22/04/2025,Valencia,Espanyol,1,1,D
22/04/2025,Barcelona,Mallorca,1,0,H
23/04/2025,Athletic Bilbao,Las Palmas,1,0,H
23/04/2025,Celta Vigo,Villarreal,3,0,H
23/04/2025,Alaves,Real Sociedad,1,0,H
23/04/2025,Getafe,Real Madrid,0,1,A
24/04/2025,Osasuna,Sevilla,1,0,H
24/04/2025,Leganes,Girona,1,1,D
24/04/2025,Atletico Madrid,Rayo Vallecano,3,0,H
24/04/2025,Real Betis,Valladolid,5,1,H
27/04/2025,Villarreal,Espanyol,1,0,H
02/05/2025,Rayo Vallecano,Getafe,1,0,H
03/05/2025,Alaves,Atletico Madrid,0,0,D
03/05/2025,Villarreal,Osasuna,4,2,H
03/05/2025,Las Palmas,Valencia,2,3,A
03/05/2025,Valladolid,Barcelona,1,2,A
04/05/2025,Real Madrid,Celta Vigo,3,2,H
04/05/2025,Sevilla,Leganes,2,2,D
04/05/2025,Espanyol,Real Betis,1,2,A
04/05/2025,Real Sociedad,Athletic Bilbao,0,0,D
05/05/2025,Girona,Mallorca,1,0,H
09/05/2025,Las Palmas,Rayo Vallecano,0,1,A
10/05/2025,Valencia,Getafe,3,0,H
10/05/2025,Celta Vigo,Sevilla,3,2,H
10/05/2025,Girona,Villarreal,0,1,A
10/05/2025,Mallorca,Valladolid,2,1,H
10/05/2025,Atletico Madrid,Real Sociedad,4,0,H
11/05/2025,Leganes,Espanyol,3,2,H
11/05/2025,Barcelona,Real Madrid,4,3,H
11/05/2025,Athletic Bilbao,Alaves,1,0,H
11/05/2025,Real Betis,Osasuna,1,1,D
13/05/2025,Valladolid,Girona,0,1,A
13/05/2025,Real Sociedad,Celta Vigo,0,1,A
13/05/2025,Sevilla,Las Palmas,1,0,H
14/05/2025,Alaves,Valencia,1,0,H
14/05/2025,Villarreal,Leganes,3,0,H
14/05/2025,Real Madrid,Mallorca,2,1,H
15/05/2025,Osasuna,Atletico Madrid,2,0,H
15/05/2025,Rayo Vallecano,Real Betis,2,2,D
15/05/2025,Getafe,Athletic Bilbao,0,2,A
15/05/2025,Espanyol,Barcelona,0,2,A
18/05/2025,Atletico Madrid,Real Betis,4,1,H
18/05/2025,Celta Vigo,Rayo Vallecano,1,2,A
18/05/2025,Barcelona,Villarreal,2,3,A
18/05/2025,Sevilla,Real Madrid,0,2,A
18/05/2025,Valencia,Athletic Bilbao,0,1,A
18/05/2025,Mallorca,Getafe,1,2,A
18/05/2025,Real Sociedad,Girona,3,2,H
18/05/2025,Valladolid,Alaves,0,1,A
18/05/2025,Las Palmas,Leganes,0,1,A
18/05/2025,Osasuna,Espanyol,2,0,H
23/05/2025,Real Betis,Valencia,1,1,D
24/05/2025,Real Madrid,Real Sociedad,2,0,H
24/05/2025,Leganes,Valladolid,3,0,H
24/05/2025,Espanyol,Las Palmas,2,0,H
24/05/2025,Alaves,Osasuna,1,1,D
24/05/2025,Getafe,Celta Vigo,1,2,A
24/05/2025,Rayo Vallecano,Mallorca,0,0,D
25/05/2025,Girona,Atletico Madrid,0,4,A
25/05/2025,Villarreal,Sevilla,4,2,H
25/05/2025,Athletic Bilbao,Barcelona,0,3,A
15/08/2025,Girona,Rayo Vallecano,1,3,A
15/08/2025,Villarreal,Real Oviedo,2,0,H
16/08/2025,Mallorca,Barcelona,0,3,A
16/08/2025,Alaves,Levante,2,1,H
16/08/2025,Valencia,Real Sociedad,1,1,D
17/08/2025,Celta Vigo,Getafe,0,2,A
17/08/2025,Athletic Bilbao,Sevilla,3,2,H
17/08/2025,Espanyol,Atletico Madrid,2,1,H
18/08/2025,Elche,Real Betis,1,1,D
19/08/2025,Real Madrid,Osasuna,1,0,H
22/08/2025,Real Betis,Alaves,1,0,H
23/08/2025,Mallorca,Celta Vigo,1,1,D
23/08/2025,Atletico Madrid,Elche,1,1,D
23/08/2025,Levante,Barcelona,2,3,A
24/08/2025,Osasuna,Valencia,1,0,H
24/08/2025,Villarreal,Girona,5,0,H
24/08/2025,Real Sociedad,Espanyol,2,2,D
24/08/2025,Real Oviedo,Real Madrid,0,3,A
25/08/2025,Athletic Bilbao,Rayo Vallecano,1,0,H
25/08/2025,Sevilla,Getafe,1,2,A
27/08/2025,Celta Vigo,Real Betis,1,1,D
29/08/2025,Elche,Levante,2,0,H
29/08/2025,Valencia,Getafe,3,0,H
30/08/2025,Alaves,Atletico Madrid,1,1,D
30/08/2025,Real Oviedo,Real Sociedad,1,0,H
30/08/2025,Girona,Sevilla,0,2,A
30/08/2025,Real Madrid,Mallorca,2,1,H
31/08/2025,Celta Vigo,Villarreal,1,1,D
31/08/2025,Real Betis,Athletic Bilbao,1,2,A
31/08/2025,Espanyol,Osasuna,1,0,H
31/08/2025,Rayo Vallecano,Barcelona,1,1,D
12/09/2025,Sevilla,Elche,2,2,D
13/09/2025,Getafe,Real Oviedo,2,0,H
13/09/2025,Real Sociedad,Real Madrid,1,2,A
13/09/2025,Athletic Bilbao,Alaves,0,1,A
13/09/2025,Atletico Madrid,Villarreal,2,0,H
14/09/2025,Celta Vigo,Girona,1,1,D
14/09/2025,Levante,Real Betis,2,2,D
14/09/2025,Osasuna,Rayo Vallecano,2,0,H
14/09/2025,Barcelona,Valencia,6,0,H
15/09/2025,Espanyol,Mallorca,3,2,H
19/09/2025,Real Betis,Real Sociedad,3,1,H
20/09/2025,Girona,Levante,0,4,A
20/09/2025,Real Madrid,Espanyol,2,0,H
20/09/2025,Villarreal,Osasuna,2,1,H
20/09/2025,Alaves,Sevilla,1,2,A
20/09/2025,Valencia,Athletic Bilbao,2,0,H
21/09/2025,Rayo Vallecano,Celta Vigo,1,1,D
21/09/2025,Mallorca,Atletico Madrid,1,1,D
21/09/2025,Elche,Real Oviedo,1,0,H
21/09/2025,Barcelona,Getafe,3,0,H
23/09/2025,Espanyol,Valencia,2,2,D
23/09/2025,Athletic Bilbao,Girona,1,1,D
23/09/2025,Levante,Real Madrid,1,4,A
23/09/2025,Sevilla,Villarreal,1,2,A
24/09/2025,Getafe,Alaves,1,1,D
24/09/2025,Atletico Madrid,Rayo Vallecano,3,2,H
24/09/2025,Real Sociedad,Mallorca,1,0,H
25/09/2025,Osasuna,Elche,1,1,D
25/09/2025,Real Oviedo,Barcelona,1,3,A
26/09/2025,Girona,Espanyol,0,0,D
27/09/2025,Getafe,Levante,1,1,D
27/09/2025,Atletico Madrid,Real Madrid,5,2,H
27/09/2025,Mallorca,Alaves,1,0,H
27/09/2025,Villarreal,Athletic Bilbao,1,0,H
28/09/2025,Rayo Vallecano,Sevilla,0,1,A
28/09/2025,Elche,Celta Vigo,2,1,H
28/09/2025,Barcelona,Real Sociedad,2,1,H
28/09/2025,Real Betis,Osasuna,2,0,H
30/09/2025,Valencia,Real Oviedo,1,2,A
03/10/2025,Osasuna,Getafe,2,1,H
04/10/2025,Real Oviedo,Levante,0,2,A
04/10/2025,Girona,Valencia,2,1,H
04/10/2025,Athletic Bilbao,Mallorca,2,1,H
04/10/2025,Real Madrid,Villarreal,3,1,H
05/10/2025,Alaves,Elche,3,1,H
05/10/2025,Sevilla,Barcelona,4,1,H
05/10/2025,Real Sociedad,Rayo Vallecano,0,1,A
05/10/2025,Espanyol,Real Betis,1,2,A
05/10/2025,Celta Vigo,Atletico Madrid,1,1,D
17/10/2025,Real Oviedo,Espanyol,0,2,A
18/10/2025,Sevilla,Mallorca,1,3,A
18/10/2025,Barcelona,Girona,2,1,H
18/10/2025,Villarreal,Real Betis,2,2,D
18/10/2025,Atletico Madrid,Osasuna,1,0,H
19/10/2025,Elche,Athletic Bilbao,0,0,D
19/10/2025,Celta Vigo,Real Sociedad,1,1,D
19/10/2025,Levante,Rayo Vallecano,0,3,A
19/10/2025,Getafe,Real Madrid,0,1,A
20/10/2025,Alaves,Valencia,0,0,D
24/10/2025,Real Sociedad,Sevilla,2,1,H
25/10/2025,Girona,Real Oviedo,3,3,D
25/10/2025,Espanyol,Elche,1,0,H
25/10/2025,Athletic Bilbao,Getafe,0,1,A
25/10/2025,Valencia,Villarreal,0,2,A
26/10/2025,Mallorca,Levante,1,1,D
26/10/2025,Real Madrid,Barcelona,2,1,H
26/10/2025,Osasuna,Celta Vigo,2,3,A
26/10/2025,Rayo Vallecano,Alaves,1,0,H
27/10/2025,Real Betis,Atletico Madrid,0,2,A
31/10/2025,Getafe,Girona,2,1,H
01/11/2025,Villarreal,Rayo Vallecano,4,0,H
01/11/2025,Atletico Madrid,Sevilla,3,0,H
01/11/2025,Real Sociedad,Athletic Bilbao,3,2,H
01/11/2025,Real Madrid,Valencia,4,0,H
02/11/2025,Levante,Celta Vigo,1,2,A
02/11/2025,Alaves,Espanyol,2,1,H
02/11/2025,Barcelona,Elche,3,1,H
02/11/2025,Real Betis,Mallorca,3,0,H
03/11/2025,Real Oviedo,Osasuna,0,0,D
07/11/2025,Elche,Real Sociedad,1,1,D
08/11/2025,Girona,Alaves,1,0,H
08/11/2025,Sevilla,Osasuna,1,0,H
08/11/2025,Atletico Madrid,Levante,3,1,H
08/11/2025,Espanyol,Villarreal,0,2,A
09/11/2025,Athletic Bilbao,Real Oviedo,1,0,H
09/11/2025,Rayo Vallecano,Real Madrid,0,0,D
09/11/2025,Valencia,Real Betis,1,1,D
09/11/2025,Mallorca,Getafe,1,0,H
09/11/2025,Celta Vigo,Barcelona,2,4,A
21/11/2025,Valencia,Levante,1,0,H
22/11/2025,Alaves,Celta Vigo,0,1,A
22/11/2025,Barcelona,Athletic Bilbao,4,0,H
22/11/2025,Osasuna,Real Sociedad,1,3,A
22/11/2025,Villarreal,Mallorca,2,1,H
23/11/2025,Real Oviedo,Rayo Vallecano,0,0,D
23/11/2025,Real Betis,Girona,1,1,D
23/11/2025,Getafe,Atletico Madrid,0,1,A
23/11/2025,Elche,Real Madrid,2,2,D
24/11/2025,Espanyol,Sevilla,2,1,H
28/11/2025,Getafe,Elche,1,0,H
29/11/2025,Mallorca,Osasuna,2,2,D
29/11/2025,Barcelona,Alaves,3,1,H
29/11/2025,Levante,Athletic Bilbao,0,2,A
29/11/2025,Atletico Madrid,Real Oviedo,2,0,H
30/11/2025,Real Sociedad,Villarreal,2,3,A
30/11/2025,Sevilla,Real Betis,0,2,A
30/11/2025,Celta Vigo,Espanyol,0,1,A
30/11/2025,Girona,Real Madrid,1,1,D
01/12/2025,Rayo Vallecano,Valencia,1,1,D
02/12/2025,Barcelona,Atletico Madrid,3,1,H
03/12/2025,Athletic Bilbao,Real Madrid,0,3,A
05/12/2025,Real Oviedo,Mallorca,0,0,D
06/12/2025,Villarreal,Getafe,2,0,H
06/12/2025,Alaves,Real Sociedad,1,0,H
06/12/2025,Real Betis,Barcelona,3,5,A
06/12/2025,Athletic Bilbao,Atletico Madrid,1,0,H
07/12/2025,Elche,Girona,3,0,H
07/12/2025,Valencia,Sevilla,1,1,D
07/12/2025,Espanyol,Rayo Vallecano,1,0,H
07/12/2025,Real Madrid,Celta Vigo,0,2,A
08/12/2025,Osasuna,Levante,2,0,H
12/12/2025,Real Sociedad,Girona,1,2,A
13/12/2025,Atletico Madrid,Valencia,2,1,H
13/12/2025,Mallorca,Elche,3,1,H
13/12/2025,Barcelona,Osasuna,2,0,H
13/12/2025,Getafe,Espanyol,0,1,A
14/12/2025,Sevilla,Real Oviedo,4,0,H
14/12/2025,Celta Vigo,Athletic Bilbao,2,0,H
14/12/2025,Alaves,Real Madrid,1,2,A
15/12/2025,Rayo Vallecano,Real Betis,0,0,D
19/12/2025,Valencia,Mallorca,1,1,D
20/12/2025,Real Oviedo,Celta Vigo,0,0,D
20/12/2025,Levante,Real Sociedad,1,1,D
20/12/2025,Osasuna,Alaves,3,0,H
20/12/2025,Real Madrid,Sevilla,2,0,H
21/12/2025,Girona,Atletico Madrid,0,3,A
21/12/2025,Villarreal,Barcelona,0,2,A
21/12/2025,Elche,Rayo Vallecano,4,0,H
21/12/2025,Real Betis,Getafe,4,0,H
22/12/2025,Athletic Bilbao,Espanyol,1,2,A
02/01/2026,Rayo Vallecano,Getafe,1,1,D
03/01/2026,Celta Vigo,Valencia,4,1,H
03/01/2026,Osasuna,Athletic Bilbao,1,1,D
03/01/2026,Elche,Villarreal,1,3,A
03/01/2026,Espanyol,Barcelona,0,2,A
04/01/2026,Sevilla,Levante,0,3,A
04/01/2026,Real Madrid,Real Betis,5,1,H
04/01/2026,Alaves,Real Oviedo,1,1,D
04/01/2026,Mallorca,Girona,1,2,A
04/01/2026,Real Sociedad,Atletico Madrid,1,1,D
09/01/2026,Getafe,Real Sociedad,1,2,A
10/01/2026,Real Oviedo,Real Betis,1,1,D
10/01/2026,Villarreal,Alaves,3,1,H
10/01/2026,Girona,Osasuna,1,0,H
10/01/2026,Valencia,Elche,1,1,D
11/01/2026,Rayo Vallecano,Mallorca,2,1,H
11/01/2026,Levante,Espanyol,1,1,D
12/01/2026,Sevilla,Celta Vigo,0,1,A
16/01/2026,Espanyol,Girona,0,2,A
17/01/2026,Real Madrid,Levante,2,0,H
17/01/2026,Mallorca,Athletic Bilbao,3,2,H
17/01/2026,Osasuna,Real Oviedo,3,2,H
17/01/2026,Real Betis,Villarreal,2,0,H
18/01/2026,Getafe,Valencia,0,1,A
18/01/2026,Atletico Madrid,Alaves,1,0,H
18/01/2026,Celta Vigo,Rayo Vallecano,3,0,H
18/01/2026,Real Sociedad,Barcelona,2,1,H
19/01/2026,Elche,Sevilla,2,2,D
23/01/2026,Levante,Elche,3,2,H
24/01/2026,Rayo Vallecano,Osasuna,1,3,A
24/01/2026,Valencia,Espanyol,3,2,H
24/01/2026,Sevilla,Athletic Bilbao,2,1,H
24/01/2026,Villarreal,Real Madrid,0,2,A
25/01/2026,Atletico Madrid,Mallorca,3,0,H
25/01/2026,Barcelona,Real Oviedo,3,0,H
25/01/2026,Real Sociedad,Celta Vigo,3,1,H
25/01/2026,Alaves,Real Betis,2,1,H
26/01/2026,Girona,Getafe,1,1,D
30/01/2026,Espanyol,Alaves,1,2,A
31/01/2026,Real Oviedo,Girona,1,0,H
31/01/2026,Osasuna,Villarreal,2,2,D
31/01/2026,Levante,Atletico Madrid,0,0,D
31/01/2026,Elche,Barcelona,1,3,A
01/02/2026,Real Madrid,Rayo Vallecano,2,1,H
01/02/2026,Real Betis,Valencia,2,1,H
01/02/2026,Getafe,Celta Vigo,0,0,D
01/02/2026,Athletic Bilbao,Real Sociedad,1,1,D
02/02/2026,Mallorca,Sevilla,4,1,H
06/02/2026,Celta Vigo,Osasuna,1,2,A
07/02/2026,Barcelona,Mallorca,3,0,H
07/02/2026,Real Sociedad,Elche,3,1,H
08/02/2026,Alaves,Getafe,0,2,A
08/02/2026,Sevilla,Girona,1,1,D
08/02/2026,Athletic Bilbao,Levante,4,2,H
08/02/2026,Atletico Madrid,Real Betis,0,1,A
08/02/2026,Valencia,Real Madrid,0,2,A
09/02/2026,Villarreal,Espanyol,4,1,H
13/02/2026,Elche,Osasuna,0,0,D
14/02/2026,Espanyol,Celta Vigo,2,2,D
14/02/2026,Getafe,Villarreal,2,1,H
14/02/2026,Sevilla,Alaves,1,1,D
14/02/2026,Real Madrid,Real Sociedad,4,1,H
15/02/2026,Real Oviedo,Athletic Bilbao,1,2,A
15/02/2026,Rayo Vallecano,Atletico Madrid,3,0,H
15/02/2026,Levante,Valencia,0,2,A
15/02/2026,Mallorca,Real Betis,1,2,A
16/02/2026,Girona,Barcelona,2,1,H
18/02/2026,Levante,Villarreal,0,1,A
20/02/2026,Athletic Bilbao,Elche,2,1,H
21/02/2026,Real Sociedad,Real Oviedo,3,3,D
21/02/2026,Real Betis,Rayo Vallecano,1,1,D
21/02/2026,Osasuna,Real Madrid,2,1,H
21/02/2026,Atletico Madrid,Espanyol,4,2,H
22/02/2026,Getafe,Sevilla,0,1,A
22/02/2026,Barcelona,Levante,3,0,H
22/02/2026,Celta Vigo,Mallorca,2,0,H
22/02/2026,Villarreal,Valencia,2,1,H
23/02/2026,Alaves,Girona,2,2,D
27/02/2026,Levante,Alaves,2,0,H
28/02/2026,Rayo Vallecano,Athletic Bilbao,1,1,D
28/02/2026,Barcelona,Villarreal,4,1,H
28/02/2026,Mallorca,Real Sociedad,0,1,A
28/02/2026,Real Oviedo,Atletico Madrid,0,1,A
01/03/2026,Elche,Espanyol,2,2,D
01/03/2026,Valencia,Osasuna,1,0,H
01/03/2026,Real Betis,Sevilla,2,2,D
01/03/2026,Girona,Celta Vigo,1,2,A
02/03/2026,Real Madrid,Getafe,0,1,A
04/03/2026,Rayo Vallecano,Real Oviedo,3,0,H
06/03/2026,Celta Vigo,Real Madrid,1,2,A
07/03/2026,Osasuna,Mallorca,2,2,D
07/03/2026,Levante,Girona,1,1,D
07/03/2026,Atletico Madrid,Real Sociedad,3,2,H
07/03/2026,Athletic Bilbao,Barcelona,0,1,A
08/03/2026,Villarreal,Elche,2,1,H
08/03/2026,Getafe,Real Betis,2,0,H
08/03/2026,Sevilla,Rayo Vallecano,1,1,D
08/03/2026,Valencia,Alaves,3,2,H
09/03/2026,Espanyol,Real Oviedo,1,1,D
13/03/2026,Alaves,Villarreal,1,1,D
14/03/2026,Girona,Athletic Bilbao,3,0,H
14/03/2026,Atletico Madrid,Getafe,1,0,H
14/03/2026,Real Oviedo,Valencia,1,0,H
14/03/2026,Real Madrid,Elche,4,1,H
15/03/2026,Mallorca,Espanyol,2,1,H
15/03/2026,Barcelona,Sevilla,5,2,H
15/03/2026,Real Betis,Celta Vigo,1,1,D
15/03/2026,Real Sociedad,Osasuna,3,1,H
16/03/2026,Rayo Vallecano,Levante,1,1,D
20/03/2026,Villarreal,Real Sociedad,3,1,H
21/03/2026,Elche,Mallorca,2,1,H
21/03/2026,Espanyol,Getafe,1,2,A
21/03/2026,Levante,Real Oviedo,4,2,H
21/03/2026,Osasuna,Girona,1,0,H
21/03/2026,Sevilla,Valencia,0,2,A
22/03/2026,Barcelona,Rayo Vallecano,1,0,H
22/03/2026,Celta Vigo,Alaves,3,4,A
22/03/2026,Athletic Bilbao,Real Betis,2,1,H
22/03/2026,Real Madrid,Atletico Madrid,3,2,H
03/04/2026,Rayo Vallecano,Elche,1,0,H
04/04/2026,Real Sociedad,Levante,2,0,H
04/04/2026,Mallorca,Real Madrid,2,1,H
04/04/2026,Real Betis,Espanyol,0,0,D
04/04/2026,Atletico Madrid,Barcelona,1,2,A
05/04/2026,Getafe,Athletic Bilbao,2,0,H
05/04/2026,Valencia,Celta Vigo,2,3,A
05/04/2026,Real Oviedo,Sevilla,1,0,H
05/04/2026,Alaves,Osasuna,2,2,D
06/04/2026,Girona,Villarreal,1,0,H
10/04/2026,Real Madrid,Girona,1,1,D
11/04/2026,Real Sociedad,Alaves,3,3,D
11/04/2026,Elche,Valencia,1,0,H
11/04/2026,Barcelona,Espanyol,4,1,H
11/04/2026,Sevilla,Atletico Madrid,2,1,H
12/04/2026,Osasuna,Real Betis,1,1,D
12/04/2026,Mallorca,Rayo Vallecano,3,0,H
12/04/2026,Celta Vigo,Real Oviedo,0,3,A
12/04/2026,Athletic Bilbao,Villarreal,1,2,A
13/04/2026,Levante,Getafe,1,0,H
21/04/2026,Athletic Bilbao,Osasuna,1,0,H
21/04/2026,Mallorca,Valencia,1,1,D
21/04/2026,Girona,Real Betis,2,3,A
21/04/2026,Real Madrid,Alaves,2,1,H
22/04/2026,Elche,Atletico Madrid,3,2,H
22/04/2026,Real Sociedad,Getafe,0,1,A
22/04/2026,Barcelona,Celta Vigo,1,0,H
23/04/2026,Levante,Sevilla,2,0,H
23/04/2026,Rayo Vallecano,Espanyol,1,0,H
23/04/2026,Real Oviedo,Villarreal,1,1,D
24/04/2026,Real Betis,Real Madrid,1,1,D
25/04/2026,Alaves,Mallorca,2,1,H
25/04/2026,Getafe,Barcelona,0,2,A
25/04/2026,Valencia,Girona,2,1,H
25/04/2026,Atletico Madrid,Athletic Bilbao,3,2,H
26/04/2026,Rayo Vallecano,Real Sociedad,3,3,D
26/04/2026,Real Oviedo,Elche,1,2,A
26/04/2026,Osasuna,Sevilla,2,1,H
26/04/2026,Villarreal,Celta Vigo,2,1,H
27/04/2026,Espanyol,Levante,0,0,D
01/05/2026,Girona,Mallorca,0,1,A
02/05/2026,Villarreal,Levante,5,1,H
02/05/2026,Valencia,Atletico Madrid,0,2,A
02/05/2026,Alaves,Athletic Bilbao,2,4,A
02/05/2026,Osasuna,Barcelona,1,2,A
03/05/2026,Celta Vigo,Elche,3,1,H
03/05/2026,Getafe,Rayo Vallecano,0,2,A
03/05/2026,Real Betis,Real Oviedo,3,0,H
03/05/2026,Espanyol,Real Madrid,0,2,A
04/05/2026,Sevilla,Real Sociedad,1,0,H
08/05/2026,Levante,Osasuna,3,2,H
09/05/2026,Elche,Alaves,1,1,D
09/05/2026,Sevilla,Espanyol,2,1,H
09/05/2026,Atletico Madrid,Celta Vigo,0,1,A
09/05/2026,Real Sociedad,Real Betis,2,2,D
10/05/2026,Mallorca,Villarreal,1,1,D
10/05/2026,Athletic Bilbao,Valencia,0,1,A
10/05/2026,Real Oviedo,Getafe,0,0,D
10/05/2026,Barcelona,Real Madrid,2,0,H
11/05/2026,Rayo Vallecano,Girona,1,1,D
12/05/2026,Celta Vigo,Levante,2,3,A
12/05/2026,Real Betis,Elche,2,1,H
12/05/2026,Osasuna,Atletico Madrid,1,2,A
13/05/2026,Espanyol,Athletic Bilbao,2,0,H
13/05/2026,Villarreal,Sevilla,2,3,A
13/05/2026,Getafe,Mallorca,3,1,H
13/05/2026,Alaves,Barcelona,1,0,H
14/05/2026,Valencia,Rayo Vallecano,1,1,D
14/05/2026,Girona,Real Sociedad,1,1,D
14/05/2026,Real Madrid,Real Oviedo,2,0,H
17/05/2026,Levante,Mallorca,2,0,H
17/05/2026,Rayo Vallecano,Villarreal,2,0,H
17/05/2026,Elche,Getafe,1,0,H
17/05/2026,Athletic Bilbao,Celta Vigo,1,1,D
17/05/2026,Osasuna,Espanyol,1,2,A
17/05/2026,Real Oviedo,Alaves,0,1,A
17/05/2026,Real Sociedad,Valencia,3,4,A
17/05/2026,Sevilla,Real Madrid,0,1,A
17/05/2026,Atletico Madrid,Girona,1,0,H
17/05/2026,Barcelona,Real Betis,3,1,H
23/05/2026,Girona,Elche,1,1,D
23/05/2026,Getafe,Osasuna,1,0,H
23/05/2026,Real Betis,Levante,2,1,H
23/05/2026,Real Madrid,Athletic Bilbao,4,2,H
23/05/2026,Valencia,Barcelona,3,1,H
23/05/2026,Espanyol,Real Sociedad,1,1,D
23/05/2026,Mallorca,Real Oviedo,3,0,H
23/05/2026,Alaves,Rayo Vallecano,1,2,A
23/05/2026,Celta Vigo,Sevilla,1,0,H
24/05/2026,Villarreal,Atletico Madrid,5,1,H
15/08/2026,Alaves,Getafe,3,0,H
15/08/2026,Sevilla,Rayo Vallecano,2,1,H
16/08/2026,Racing Santander,Villarreal,2,2,D
16/08/2026,Espanyol,Levante,3,0,H
17/08/2026,Deportivo La Coruna,Elche,1,1,D
19/08/2026,Atletico Madrid,Malaga,2,0,H
20/08/2026,Rayo Vallecano,Alaves,1,1,D
21/08/2026,Real Betis,Real Sociedad,1,0,H
22/08/2026,Athletic Bilbao,Sevilla,1,3,A
22/08/2026,Valencia,Celta Vigo,0,0,D
22/08/2026,Espanyol,Real Madrid,1,2,A
23/08/2026,Atletico Madrid,Villarreal,2,2,D
23/08/2026,Getafe,Racing Santander,1,0,H
23/08/2026,Elche,Barcelona,0,5,A
24/08/2026,Osasuna,Levante,0,0,D
24/08/2026,Malaga,Deportivo La Coruna,1,1,D
25/08/2026,Valencia,Real Betis,0,1,A
26/08/2026,Real Madrid,Real Sociedad,4,1,H
27/08/2026,Celta Vigo,Osasuna,1,2,A
27/08/2026,Barcelona,Athletic Bilbao,2,0,H
28/08/2026,Racing Santander,Elche,3,2,H
28/08/2026,Alaves,Villarreal,1,0,H
29/08/2026,Levante,Real Betis,5,2,H
29/08/2026,Real Sociedad,Espanyol,2,1,H
29/08/2026,Sevilla,Atletico Madrid,1,3,A
30/08/2026,Real Madrid,Malaga,4,0,H
30/08/2026,Deportivo La Coruna,Valencia,3,1,H
30/08/2026,Celta Vigo,Athletic Bilbao,0,2,A
31/08/2026,Osasuna,Getafe,1,0,H
31/08/2026,Barcelona,Rayo Vallecano,5,2,H
